CLI/c11.swift	3068	callerTabId	callerPanelId	T	
CLI/c11.swift	3071	callerTabId	callerPanelId	T	
CLI/c11.swift	3072	callerTabId	callerPanelId	T	
CLI/c11.swift	3081	callerTabId	callerPanelId	T	
CLI/c11.swift	3188	callerTabId	callerPanelId	T	
CLI/c11.swift	3191	callerTabId	callerPanelId	T	
CLI/c11.swift	3196	callerTabId	callerPanelId	T	
CLI/c11.swift	3197	callerTabId	callerPanelId	T	
CLI/c11.swift	3680	callerTabId	callerPanelId	T	
CLI/c11.swift	3681	callerTabId	callerPanelId	T	
CLI/c11.swift	3725	callerTabId	callerPanelId	T	
CLI/c11.swift	3726	callerTabId	callerPanelId	T	
CLI/c11.swift	3752	callerTabId	callerPanelId	T	
CLI/c11.swift	3753	callerTabId	callerPanelId	T	
CLI/c11.swift	15003	StateVerifyTab	StateVerifyPanel	T	
CLI/c11.swift	15324	StateVerifyTab	StateVerifyPanel	T	
CLI/c11.swift	15413	StateVerifyTab	StateVerifyPanel	T	
CLI/c11.swift	15419	StateVerifyTab	StateVerifyPanel	T	
CLI/c11.swift	20963	tabName	panelName	Muse	
CLI/c11.swift	21011	tabName	panelName	Muse	
CLI/c11.swift	21018	tabName	panelName	Muse	
CLI/c11.swift	21084	tabName	panelName	Muse	
CLI/c11.swift	21091	tabName	panelName	Muse	
CLI/c11.swift	21257	callerTabId	callerPanelId	T	
CLI/c11.swift	21257	tabName	panelName	Muse	
CLI/c11.swift	21265	tabName	panelName	Muse	
CLI/c11.swift	21266	callerTabId	callerPanelId	T	
CLI/c11.swift	21276	tabName	panelName	Muse	
CLI/c11.swift	21304	tabName	panelName	Muse	
CLI/c11.swift	21763	callerTabId	callerPanelId	T	
CLI/c11.swift	21763	tabName	panelName	Muse	
CLI/c11.swift	21771	tabName	panelName	Muse	
CLI/c11.swift	21772	callerTabId	callerPanelId	T	
CLI/c11.swift	21778	tabName	panelName	Muse	
CLI/c11.swift	21794	tabName	panelName	Muse	
CLI/c11.swift	21799	tabName	panelName	Muse	
Sources/AgentCompanionContext.swift	7	AgentTabLink	AgentPanelLink	T	
Sources/AgentCompanionContext.swift	21	CompanionTabIdentity	CompanionPanelIdentity	T	
Sources/AgentCompanionContext.swift	29	CompanionTabIdentity	CompanionPanelIdentity	T	
Sources/AgentCompanionContext.swift	52	AgentTabLink	AgentPanelLink	T	
Sources/AgentCompanionContext.swift	53	AgentTabLink	AgentPanelLink	T	
Sources/AgentCompanionContext.swift	82	AgentTabLink	AgentPanelLink	T	
Sources/AgentCompanionContext.swift	177	CompanionTabIdentity	CompanionPanelIdentity	T	
Sources/AgentCompanionContext.swift	192	CompanionTabIdentity	CompanionPanelIdentity	T	
Sources/AgentCompanionContext.swift	203	AgentTabLink	AgentPanelLink	T	
Sources/AgentCompanionContext.swift	204	AgentTabLink	AgentPanelLink	T	
Sources/AgentDetector.swift	24	TabKey	PanelKey	T	
Sources/AgentDetector.swift	29	TabKey	PanelKey	T	
Sources/AgentDetector.swift	30	TabKey	PanelKey	T	
Sources/AgentDetector.swift	31	TabKey	PanelKey	T	
Sources/AgentDetector.swift	40	TabKey	PanelKey	T	
Sources/AgentDetector.swift	50	TabKey	PanelKey	T	
Sources/AgentDetector.swift	60	TabKey	PanelKey	T	
Sources/AgentDetector.swift	105	TabLivenessDeriver	PanelLivenessDeriver	T	
Sources/AgentDetector.swift	111	TabLivenessDeriver	PanelLivenessDeriver	T	
Sources/AgentDetector.swift	133	TabKey	PanelKey	T	
Sources/AgentDetector.swift	133	panelsToWrite tabsToWrite	panelsToWrite	L	tabsToWrite: Set<TabKey>
Sources/AgentDetector.swift	146	tabsToWrite	panelsToWrite	L	tabsToWrite: Set<TabKey>
Sources/AgentDetector.swift	161	TabMetadataStore	PanelMetadataStore	T	
Sources/AgentManifest.swift	362	TabMetadataKeyName	PanelMetadataKeyName	T	
Sources/AgentModelDetection.swift	1483	TabMetadataStore	PanelMetadataStore	T	
Sources/AgentModelDetection.swift	1501	TabMetadataStore	PanelMetadataStore	T	
Sources/AppDelegate.swift	2777	TabMetricsSampler	PanelMetricsSampler	T	
Sources/AppDelegate.swift	2908	TabSeenTracker	PanelSeenTracker	T	
Sources/AppDelegate.swift	3113	TerminalTab	TerminalPanel	T	
Sources/AppDelegate.swift	3113	terminalTab	terminalPanel	L	let terminalTab: TerminalTab? = {
Sources/AppDelegate.swift	3115	terminalTab	terminalPanel	L	let terminalTab: TerminalTab? = {
Sources/AppDelegate.swift	3116	terminalTab	terminalPanel	L	let terminalTab: TerminalTab? = {
Sources/AppDelegate.swift	3118	focusedTerminalTab	focusedTerminalPanel	Muse	
Sources/AppDelegate.swift	3119	focusedTerminalTab	focusedTerminalPanel	Muse	
Sources/AppDelegate.swift	3121	TerminalTab	TerminalPanel	T	
Sources/AppDelegate.swift	3124	terminalTab	terminalPanel	L	let terminalTab: TerminalTab? = {
Sources/AppDelegate.swift	3125	terminalTab	terminalPanel	L	let terminalTab: TerminalTab? = {
Sources/AppDelegate.swift	3127	terminalTab	terminalPanel	L	let terminalTab: TerminalTab? = {
Sources/AppDelegate.swift	3558	TabLivenessDeriver	PanelLivenessDeriver	T	
Sources/AppDelegate.swift	3563	TabAttentionIndex	PanelAttentionIndex	T	
Sources/AppDelegate.swift	3623	TabActivityTracker	PanelActivityTracker	T	
Sources/AppDelegate.swift	4482	TabConversations	PanelConversations	T	
Sources/AppDelegate.swift	4527	readConversationsByTabIdSync	readConversationsByPanelIdSync	Muse	
Sources/AppDelegate.swift	4542	TabConversations	PanelConversations	T	
Sources/AppDelegate.swift	4564	TabConversations	PanelConversations	T	
Sources/AppDelegate.swift	4699	TabConversations	PanelConversations	T	
Sources/AppDelegate.swift	4699	conversationsByPanelId conversationsByTabId	conversationsByPanelId	L	conversationsByTabId: [String: TabConversations]?
Sources/AppDelegate.swift	4749	conversationsByTabId	conversationsByPanelId	L	conversationsByTabId: [String: TabConversations]?
Sources/AppDelegate.swift	4881	TabConversations	PanelConversations	T	
Sources/AppDelegate.swift	5061	TabConversations	PanelConversations	T	
Sources/AppDelegate.swift	5084	readConversationsByTabIdSync	readConversationsByPanelIdSync	Muse	
Sources/AppDelegate.swift	5213	TabMetadataStore	PanelMetadataStore	T	
Sources/AppDelegate.swift	5235	TabMetadataStore	PanelMetadataStore	T	
Sources/AppDelegate.swift	5241	TabAttentionService	PanelAttentionService	T	
Sources/AppDelegate.swift	5354	TabSeenTracker	PanelSeenTracker	T	
Sources/AppDelegate.swift	5408	BrowserTab	BrowserPanel	T	
Sources/AppDelegate.swift	5420	TabConversations	PanelConversations	T	
Sources/AppDelegate.swift	5561	TabRecord	PanelRecord	T	
Sources/AppDelegate.swift	5562	TabRecord	PanelRecord	T	
Sources/AppDelegate.swift	5566	TabMetadataStore	PanelMetadataStore	T	
Sources/AppDelegate.swift	5579	TabRecord	PanelRecord	T	
Sources/AppDelegate.swift	5717	detachTab	detachPanel	Muse	
Sources/AppDelegate.swift	5730	attachDetachedTab	attachDetachedPanel	Muse	
Sources/AppDelegate.swift	5767	detachTab	detachPanel	Muse	
Sources/AppDelegate.swift	6387	TerminalTab	TerminalPanel	T	
Sources/AppDelegate.swift	6409	TerminalTab	TerminalPanel	T	
Sources/AppDelegate.swift	6418	TerminalTab	TerminalPanel	T	
Sources/AppDelegate.swift	6418	terminalTab	terminalPanel	L	let terminalTab = panel as? TerminalTab else { continue }
Sources/AppDelegate.swift	6419	terminalTab	terminalPanel	L	let terminalTab = panel as? TerminalTab else { continue }
Sources/AppDelegate.swift	6625	DetachedTabTransfer	DetachedPanelTransfer	T	
Sources/AppDelegate.swift	6636	attachDetachedTab	attachDetachedPanel	Muse	
Sources/AppDelegate.swift	8292	TerminalTab	TerminalPanel	T	
Sources/AppDelegate.swift	8294	focusedTerminalTab	focusedTerminalPanel	Muse	
Sources/AppDelegate.swift	8294	terminalTab	terminalPanel	L	let terminalTab = workspace.focusedTerminalTab,
Sources/AppDelegate.swift	8295	terminalTab	terminalPanel	L	let terminalTab = workspace.focusedTerminalTab,
Sources/AppDelegate.swift	8296	terminalTab	terminalPanel	L	let terminalTab = workspace.focusedTerminalTab,
Sources/AppDelegate.swift	8306	focusedTerminalTab	focusedTerminalPanel	Muse	
Sources/AppDelegate.swift	8306	terminalTab	terminalPanel	L	let terminalTab = workspace.focusedTerminalTab,
Sources/AppDelegate.swift	8307	terminalTab	terminalPanel	L	let terminalTab = workspace.focusedTerminalTab,
Sources/AppDelegate.swift	8313	terminalTab	terminalPanel	L	let terminalTab = workspace.focusedTerminalTab,
Sources/AppDelegate.swift	8602	attemptAgentTabLaunch	attemptAgentPanelLaunch	Muse	
Sources/AppDelegate.swift	8735	focusedTerminalTab	focusedTerminalPanel	Muse	
Sources/AppDelegate.swift	8735	terminalTab	terminalPanel	L	let terminalTab = workspace.focusedTerminalTab, terminalTab.surface.surface != nil {
Sources/AppDelegate.swift	8737	terminalTab	terminalPanel	L	let terminalTab = workspace.focusedTerminalTab, terminalTab.surface.surface != nil {
Sources/AppDelegate.swift	8747	focusedTerminalTab	focusedTerminalPanel	Muse	
Sources/AppDelegate.swift	8747	terminalTab	terminalPanel	L	let terminalTab = workspace.focusedTerminalTab, terminalTab.surface.surface != nil {
Sources/AppDelegate.swift	8748	terminalTab	terminalPanel	L	let terminalTab = workspace.focusedTerminalTab, terminalTab.surface.surface != nil {
Sources/AppDelegate.swift	8755	terminalTab	terminalPanel	L	let terminalTab = workspace.focusedTerminalTab, terminalTab.surface.surface != nil {
Sources/AppDelegate.swift	8919	loadedTabs	loadedPanels	Muse	
Sources/AppDelegate.swift	8920	failedTabs	failedPanels	Muse	
Sources/AppDelegate.swift	8923	pendingTabs	pendingPanels	Muse	
Sources/AppDelegate.swift	8933	pendingTabs	pendingPanels	Muse	
Sources/AppDelegate.swift	8936	loadedTabs	loadedPanels	Muse	
Sources/AppDelegate.swift	8937	failedTabs	failedPanels	Muse	
Sources/AppDelegate.swift	8951	focusedTerminalTab	focusedTerminalPanel	Muse	
Sources/AppDelegate.swift	8951	topLeftTabId	topLeftPanelId	L	let topLeftTabId = workspace.focusedTerminalTab?.id ?? workspace.focusedPanelId else {
Sources/AppDelegate.swift	8955	topLeftTabId	topLeftPanelId	L	let topLeftTabId = workspace.focusedTerminalTab?.id ?? workspace.focusedPanelId else {
Sources/AppDelegate.swift	8963	topLeftTabId	topLeftPanelId	L	let topLeftTabId = workspace.focusedTerminalTab?.id ?? workspace.focusedPanelId else {
Sources/AppDelegate.swift	9002	DebugStressTabLoadStats	DebugStressPanelLoadStats	T	
Sources/AppDelegate.swift	9003	pendingTabs	pendingPanels	M	owner=DebugStressTabLoadStats; let pendingTabs: Int
Sources/AppDelegate.swift	9004	loadedTabs	loadedPanels	M	owner=DebugStressTabLoadStats; let loadedTabs: Int
Sources/AppDelegate.swift	9005	failedTabs	failedPanels	M	owner=DebugStressTabLoadStats; let failedTabs: Int
Sources/AppDelegate.swift	9064	DebugStressTabLoadStats	DebugStressPanelLoadStats	T	
Sources/AppDelegate.swift	9066	DebugStressTabLoadStats	DebugStressPanelLoadStats	T	
Sources/AppDelegate.swift	9067	pendingTabs	pendingPanels	Muse	
Sources/AppDelegate.swift	9068	loadedTabs	loadedPanels	Muse	
Sources/AppDelegate.swift	9069	failedTabs	failedPanels	Muse	
Sources/AppDelegate.swift	9094	TerminalTab	TerminalPanel	T	
Sources/AppDelegate.swift	9120	failedTabs	failedPanels	Muse	
Sources/AppDelegate.swift	9121	failedTabs	failedPanels	Muse	
Sources/AppDelegate.swift	9121	loadedTabs	loadedPanels	Muse	
Sources/AppDelegate.swift	9130	DebugStressTabLoadStats	DebugStressPanelLoadStats	T	
Sources/AppDelegate.swift	9131	pendingTabs	pendingPanels	Muse	
Sources/AppDelegate.swift	9132	loadedTabs	loadedPanels	Muse	
Sources/AppDelegate.swift	9133	failedTabs	failedPanels	Muse	
Sources/AppDelegate.swift	9154	TerminalTab	TerminalPanel	T	
Sources/AppDelegate.swift	9154	terminalTab	terminalPanel	L	let terminalTab = panel as? TerminalTab else { return false }
Sources/AppDelegate.swift	9155	terminalTab	terminalPanel	L	let terminalTab = panel as? TerminalTab else { return false }
Sources/AppDelegate.swift	9218	TerminalTab	TerminalPanel	T	
Sources/AppDelegate.swift	9310	TerminalTab	TerminalPanel	T	
Sources/AppDelegate.swift	9310	terminalTab	terminalPanel	L	let terminalTab = panel as? TerminalTab else { continue }
Sources/AppDelegate.swift	9311	terminalTab	terminalPanel	L	let terminalTab = panel as? TerminalTab else { continue }
Sources/AppDelegate.swift	9332	TerminalTab	TerminalPanel	T	
Sources/AppDelegate.swift	9332	terminalTab	terminalPanel	L	let terminalTab = panel as? TerminalTab else { continue }
Sources/AppDelegate.swift	9334	terminalTab	terminalPanel	L	let terminalTab = panel as? TerminalTab else { continue }
Sources/AppDelegate.swift	9801	TerminalTab	TerminalPanel	T	
Sources/AppDelegate.swift	9807	BrowserTab	BrowserPanel	T	
Sources/AppDelegate.swift	9908	BrowserTab	BrowserPanel	T	
Sources/AppDelegate.swift	9922	tabId	panelId	L	let tabId = workspace.tabIdFromBonsplitTabId(selected.id) else { continue }
Sources/AppDelegate.swift	9923	tabId	panelId	L	let tabId = workspace.tabIdFromBonsplitTabId(selected.id) else { continue }
Sources/AppDelegate.swift	10057	BrowserTab	BrowserPanel	T	
Sources/AppDelegate.swift	10346	BrowserTab	BrowserPanel	T	
Sources/AppDelegate.swift	10518	BrowserTab	BrowserPanel	T	
Sources/AppDelegate.swift	10518	browserTab	browserPanel	L	let browserTab = workspace.panels.values.compactMap { $0 as? BrowserTab }.first
Sources/AppDelegate.swift	10519	TerminalTab	TerminalPanel	T	
Sources/AppDelegate.swift	10520	browserTab	browserPanel	L	let browserTab = workspace.panels.values.compactMap { $0 as? BrowserTab }.first
Sources/AppDelegate.swift	10527	browserTab	browserPanel	L	let browserTab = workspace.panels.values.compactMap { $0 as? BrowserTab }.first
Sources/AppDelegate.swift	10717	focusedTerminalTab	focusedTerminalPanel	Muse	
Sources/AppDelegate.swift	10717	terminalTabId	terminalPanelId	L	let terminalTabId = workspace.focusedTerminalTab?.id {
Sources/AppDelegate.swift	10718	terminalTabId	terminalPanelId	L	let terminalTabId = workspace.focusedTerminalTab?.id {
Sources/AppDelegate.swift	10721	terminalTabForConfigInheritance	terminalPanelForConfigInheritance	Muse	
Sources/AppDelegate.swift	10721	terminalTabId	terminalPanelId	L	let terminalTabId = workspace.focusedTerminalTab?.id {
Sources/AppDelegate.swift	10722	terminalTabId	terminalPanelId	L	let terminalTabId = workspace.focusedTerminalTab?.id {
Sources/AppDelegate.swift	10726	TerminalTab	TerminalPanel	T	
Sources/AppDelegate.swift	12177	focusedBrowserTab	focusedBrowserPanel	Muse	
Sources/AppDelegate.swift	12374	focusedBrowserTab	focusedBrowserPanel	Muse	
Sources/AppDelegate.swift	12374	focusedTab	focusedPanel	L	let focusedTab = workspaceManager?.focusedBrowserTab {
Sources/AppDelegate.swift	12375	focusedTab	focusedPanel	L	let focusedTab = workspaceManager?.focusedBrowserTab {
Sources/AppDelegate.swift	12502	focusedBrowserTab	focusedBrowserPanel	Muse	
Sources/AppDelegate.swift	12573	focusedBrowserTab	focusedBrowserPanel	Muse	
Sources/AppDelegate.swift	12606	BrowserTab	BrowserPanel	T	
Sources/AppDelegate.swift	12902	focusedBrowserTab	focusedBrowserPanel	Muse	
Sources/AppDelegate.swift	12924	focusedBrowserTab	focusedBrowserPanel	Muse	
Sources/AppDelegate.swift	12976	focusedBrowserTab	focusedBrowserPanel	Muse	
Sources/AppDelegate.swift	13012	focusedBrowserTab	focusedBrowserPanel	Muse	
Sources/AppDelegate.swift	13546	tabIdString	panelIdString	Muse	
Sources/AppDelegate.swift	13551	tabIdString	panelIdString	Muse	
Sources/AppDelegate.swift	13631	BrowserTab	BrowserPanel	T	
Sources/AppDelegate.swift	13645	TabSeenTracker	PanelSeenTracker	T	
Sources/AppDelegate.swift	13695	TabSeenTracker	PanelSeenTracker	T	
Sources/AppDelegate.swift	13698	TabSeenTracker	PanelSeenTracker	T	
Sources/AppDelegate.swift	14131	TabAttentionIndex	PanelAttentionIndex	T	
Sources/AppDelegate.swift	14135	TabAttentionSnapshot	PanelAttentionSnapshot	T	
Sources/AppDelegate.swift	14173	TabAttentionSnapshot	PanelAttentionSnapshot	T	
Sources/AppDelegate.swift	14178	TabAttentionIndex	PanelAttentionIndex	T	
Sources/AppDelegate.swift	14510	TabAttentionSnapshot	PanelAttentionSnapshot	T	
Sources/AppDelegate.swift	14512	TabAttentionSnapshot	PanelAttentionSnapshot	T	
Sources/AppDelegate.swift	14524	TabAttentionSnapshot	PanelAttentionSnapshot	T	
Sources/AppDelegate.swift	14548	TabAttentionSnapshot	PanelAttentionSnapshot	T	
Sources/AppDelegate.swift	14549	TabAttentionSnapshot	PanelAttentionSnapshot	T	
Sources/AppleScriptSupport.swift	57	TerminalTab	TerminalPanel	T	
Sources/AppleScriptSupport.swift	57	scriptingTerminalTabs	scriptingTerminalPanels	M	owner=Workspace; func scriptingTerminalTabs() -> [TerminalTab]
Sources/AppleScriptSupport.swift	58	TerminalTab	TerminalPanel	T	
Sources/AppleScriptSupport.swift	61	sidebarOrderedTabIds	sidebarOrderedPanelIds	Muse	
Sources/AppleScriptSupport.swift	70	TerminalTab	TerminalPanel	T	
Sources/AppleScriptSupport.swift	133	scriptingTerminalTabs	scriptingTerminalPanels	Muse	
Sources/AppleScriptSupport.swift	284	scriptingTerminalTabs	scriptingTerminalPanels	Muse	
Sources/AppleScriptSupport.swift	413	focusedTerminalTab	focusedTerminalPanel	Muse	
Sources/AppleScriptSupport.swift	425	scriptingTerminalTabs	scriptingTerminalPanels	Muse	
Sources/AppleScriptSupport.swift	518	TerminalTab	TerminalPanel	T	
Sources/AreaMetadataStore.swift	28	TabMetadataStore	PanelMetadataStore	T	
Sources/AreaMetadataStore.swift	34	TabMetadataStore	PanelMetadataStore	T	
Sources/AreaMetadataStore.swift	36	TabMetadataStore	PanelMetadataStore	T	
Sources/AreaMetadataStore.swift	37	TabMetadataStore	PanelMetadataStore	T	
Sources/AreaMetadataStore.swift	38	TabMetadataStore	PanelMetadataStore	T	
Sources/AreaMetadataStore.swift	39	TabMetadataStore	PanelMetadataStore	T	
Sources/AreaMetadataStore.swift	218	TabMetadataStore	PanelMetadataStore	T	
Sources/AreaMetadataStore.swift	253	TabMetadataStore	PanelMetadataStore	T	
Sources/AreaMetadataStore.swift	254	TabMetadataStore	PanelMetadataStore	T	
Sources/AttentionModel.swift	3	TabAttentionReason	PanelAttentionReason	T	
Sources/AttentionModel.swift	6	TabMetadataStore	PanelMetadataStore	T	
Sources/AttentionModel.swift	10	TabMetadataStore	PanelMetadataStore	T	
Sources/AttentionModel.swift	17	TabAttentionActor	PanelAttentionActor	T	
Sources/AttentionModel.swift	22	TabAttentionFlagMutation	PanelAttentionFlagMutation	T	
Sources/AttentionModel.swift	28	TabAttentionSuppressionMutation	PanelAttentionSuppressionMutation	T	
Sources/AttentionModel.swift	34	TabAttentionSnapshot	PanelAttentionSnapshot	T	
Sources/AttentionModel.swift	72	TabAttentionSnapshot	PanelAttentionSnapshot	T	
Sources/AttentionModel.swift	172	TabAttentionIndex	PanelAttentionIndex	T	
Sources/AttentionModel.swift	173	TabAttentionIndex	PanelAttentionIndex	T	
Sources/AttentionModel.swift	175	TabAttentionSnapshot	PanelAttentionSnapshot	T	
Sources/AttentionModel.swift	178	TabAttentionSnapshot	PanelAttentionSnapshot	T	
Sources/AttentionModel.swift	182	TabAttentionSnapshot	PanelAttentionSnapshot	T	
Sources/AttentionModel.swift	184	TabAttentionSnapshot	PanelAttentionSnapshot	T	
Sources/AttentionModel.swift	193	TabAttentionSnapshot	PanelAttentionSnapshot	T	
Sources/AttentionModel.swift	221	TabAttentionService	PanelAttentionService	T	
Sources/AttentionModel.swift	222	TabAttentionService	PanelAttentionService	T	
Sources/AttentionModel.swift	235	callerTabId	callerPanelId	T	
Sources/AttentionModel.swift	236	TabAttentionActor	PanelAttentionActor	T	
Sources/AttentionModel.swift	238	TabMetadataStore	PanelMetadataStore	T	
Sources/AttentionModel.swift	243	callerTabId	callerPanelId	T	
Sources/AttentionModel.swift	253	TabAttentionActor	PanelAttentionActor	T	
Sources/AttentionModel.swift	256	TabMetadataStore	PanelMetadataStore	T	
Sources/AttentionModel.swift	273	TabAttentionActor	PanelAttentionActor	T	
Sources/AttentionModel.swift	274	TabMetadataStore	PanelMetadataStore	T	
Sources/AttentionModel.swift	275	TabAttentionIndex	PanelAttentionIndex	T	
Sources/AttentionModel.swift	286	TabAttentionActor	PanelAttentionActor	T	
Sources/AttentionModel.swift	287	TabMetadataStore	PanelMetadataStore	T	
Sources/AttentionModel.swift	300	TabAttentionActor	PanelAttentionActor	T	
Sources/AttentionModel.swift	301	TabMetadataStore	PanelMetadataStore	T	
Sources/AttentionModel.swift	311	TabMetadataStore	PanelMetadataStore	T	
Sources/AttentionModel.swift	318	TabAttentionSnapshot	PanelAttentionSnapshot	T	
Sources/AttentionModel.swift	319	TabMetadataStore	PanelMetadataStore	T	
Sources/AttentionModel.swift	320	TabMetadataStore	PanelMetadataStore	T	
Sources/AttentionModel.swift	329	TabAttentionIndex	PanelAttentionIndex	T	
Sources/AttentionModel.swift	347	TabMetadataStore	PanelMetadataStore	T	
Sources/AttentionModel.swift	348	TabAttentionIndex	PanelAttentionIndex	T	
Sources/AttentionModel.swift	356	TabAttentionIndex	PanelAttentionIndex	T	
Sources/AttentionModel.swift	373	TabMetadataStore	PanelMetadataStore	T	
Sources/AttentionModel.swift	377	TabAttentionIndex	PanelAttentionIndex	T	
Sources/AttentionModel.swift	387	TabAttentionFlagMutation	PanelAttentionFlagMutation	T	
Sources/AttentionModel.swift	388	TabAttentionSuppressionMutation	PanelAttentionSuppressionMutation	T	
Sources/AttentionModel.swift	389	callerTabId	callerPanelId	T	
Sources/AttentionModel.swift	390	TabAttentionActor	PanelAttentionActor	T	
Sources/AttentionModel.swift	394	TabMetadataStore	PanelMetadataStore	T	
Sources/AttentionModel.swift	395	TabMetadataStore	PanelMetadataStore	T	
Sources/AttentionModel.swift	400	callerTabId	callerPanelId	T	
Sources/AttentionModel.swift	417	callerTabId	callerPanelId	T	
Sources/AttentionModel.swift	468	TabAttentionSnapshot	PanelAttentionSnapshot	T	
Sources/AttentionModel.swift	473	TabAttentionSnapshot	PanelAttentionSnapshot	T	
Sources/AttentionModel.swift	474	TabAttentionIndex	PanelAttentionIndex	T	
Sources/BrowserSnapshotStore.swift	18	BrowserTabSnapshot	BrowserPanelSnapshot	T	
Sources/BrowserSnapshotStore.swift	43	BrowserTabSnapshot	BrowserPanelSnapshot	T	
Sources/BrowserSnapshotStore.swift	66	BrowserTabSnapshot	BrowserPanelSnapshot	T	
Sources/BrowserSnapshotStore.swift	90	BrowserTabSnapshot	BrowserPanelSnapshot	T	
Sources/BrowserSnapshotStore.swift	107	BrowserTabSnapshot	BrowserPanelSnapshot	T	
Sources/BrowserSnapshotStore.swift	118	BrowserTabSnapshot	BrowserPanelSnapshot	T	
Sources/ContentView.swift	1482	focusedTerminalTab	focusedTerminalPanel	Muse	
Sources/ContentView.swift	1637	TabFocusIntent	PanelFocusIntent	T	
Sources/ContentView.swift	1824	CommandPaletteSwitcherFingerprintTab	CommandPaletteSwitcherFingerprintPanel	T	
Sources/ContentView.swift	1827	CommandPaletteSwitcherFingerprintTab	CommandPaletteSwitcherFingerprintPanel	T	
Sources/ContentView.swift	2464	tabDir	panelDir	L	let tabDir = workspace.tabDirectories[focusedPanelId] {
Sources/ContentView.swift	2464	tabDirectories	panelDirectories	Muse	
Sources/ContentView.swift	2465	tabDir	panelDir	L	let tabDir = workspace.tabDirectories[focusedPanelId] {
Sources/ContentView.swift	4697	CommandPaletteSwitcherFingerprintTab	CommandPaletteSwitcherFingerprintPanel	T	
Sources/ContentView.swift	4823	tabName	panelName	Muse	
Sources/ContentView.swift	4838	tabName	panelName	Muse	
Sources/ContentView.swift	4848	tabName	panelName	Muse	
Sources/ContentView.swift	4948	orderedTabIds	orderedPanelIds	L	let orderedTabIds = workspace.sidebarOrderedTabIds()
Sources/ContentView.swift	4948	sidebarOrderedTabIds	sidebarOrderedPanelIds	Muse	
Sources/ContentView.swift	4949	orderedTabIds	orderedPanelIds	L	let orderedTabIds = workspace.sidebarOrderedTabIds()
Sources/ContentView.swift	4951	orderedTabIds	orderedPanelIds	L	let orderedTabIds = workspace.sidebarOrderedTabIds()
Sources/ContentView.swift	4951	tabIds	panelIds	L	var tabIds = orderedTabIds
Sources/ContentView.swift	4952	orderedTabIds	orderedPanelIds	L	let orderedTabIds = workspace.sidebarOrderedTabIds()
Sources/ContentView.swift	4955	tabIds	panelIds	L	var tabIds = orderedTabIds
Sources/ContentView.swift	4957	tabIds	panelIds	L	var tabIds = orderedTabIds
Sources/ContentView.swift	4996	tabDirectories	panelDirectories	Muse	
Sources/ContentView.swift	4997	tabGitBranches	panelGitBranches	Muse	
Sources/ContentView.swift	4998	tabListeningPorts	panelListeningPorts	Muse	
Sources/ContentView.swift	5006	TabContentType	PanelType	T	
Sources/ContentView.swift	5006	tabType	panelType	L	tabType: TabContentType
Sources/ContentView.swift	5007	tabType	panelType	L	tabType: TabContentType
Sources/ContentView.swift	5017	TabContentType	PanelType	T	
Sources/ContentView.swift	5017	tabType	panelType	L	tabType: TabContentType
Sources/ContentView.swift	5018	tabType	panelType	L	tabType: TabContentType
Sources/ContentView.swift	5259	tabCustomTitles	panelCustomTitles	Muse	
Sources/ContentView.swift	5261	manualUnreadTabIds	manualUnreadPanelIds	Muse	
Sources/ContentView.swift	6188	manualUnreadTabIds	manualUnreadPanelIds	Muse	
Sources/ContentView.swift	6211	focusedBrowserTab	focusedBrowserPanel	Muse	
Sources/ContentView.swift	6214	focusedBrowserTab	focusedBrowserPanel	Muse	
Sources/ContentView.swift	6217	focusedBrowserTab	focusedBrowserPanel	Muse	
Sources/ContentView.swift	6264	focusedBrowserTab	focusedBrowserPanel	Muse	
Sources/ContentView.swift	6333	TabContent	Panel	T	
Sources/ContentView.swift	6982	BrowserTab	BrowserPanel	T	
Sources/ContentView.swift	6982	browserTab	browserPanel	L	let browserTab = panel as? BrowserTab,
Sources/ContentView.swift	6983	browserTab	browserPanel	L	let browserTab = panel as? BrowserTab,
Sources/ContentView.swift	7001	TabFocusIntent	PanelFocusIntent	T	
Sources/ContentView.swift	7055	TabFocusIntent	PanelFocusIntent	T	
Sources/ContentView.swift	7310	focusedBrowserTab	focusedBrowserPanel	Muse	
Sources/ContentView.swift	7317	focusedBrowserTab	focusedBrowserPanel	Muse	
Sources/ContentView.swift	7424	tabDirectories	panelDirectories	Muse	
Sources/ContentView.swift	8952	tabGitContexts	panelGitContexts	Muse	
Sources/ContentView.swift	8953	tabGitBranches	panelGitBranches	Muse	
Sources/ContentView.swift	8975	sidebarOrderedTabIds	sidebarOrderedPanelIds	Muse	
Sources/ContentView.swift	8975	tabId	panelId	L	for tabId in ws.sidebarOrderedTabIds()
Sources/ContentView.swift	8976	tabId	panelId	L	for tabId in ws.sidebarOrderedTabIds()
Sources/ContentView.swift	8978	tabId	panelId	L	for tabId in ws.sidebarOrderedTabIds()
Sources/ContentView.swift	8987	tabId	panelId	L	for tabId in ws.sidebarOrderedTabIds()
Sources/ContentView.swift	8990	tabId	panelId	L	for tabId in ws.sidebarOrderedTabIds()
Sources/ContentView.swift	9002	tabId	panelId	L	for tabId in ws.sidebarOrderedTabIds()
Sources/ContentView.swift	9002	tabTitleBarState	panelTitleBarState	Muse	
Sources/ContentView.swift	9008	tabId	panelId	L	for tabId in ws.sidebarOrderedTabIds()
Sources/ContentView.swift	9013	tabId	panelId	L	for tabId in ws.sidebarOrderedTabIds()
Sources/ContentView.swift	9015	tabId	panelId	L	for tabId in ws.sidebarOrderedTabIds()
Sources/ContentView.swift	9020	tabId	panelId	L	for tabId in ws.sidebarOrderedTabIds()
Sources/ContentView.swift	11116	TabAttentionIndex	PanelAttentionIndex	T	
Sources/ContentView.swift	12109	SidebarTabMetricsReadout	SidebarPanelMetricsReadout	T	
Sources/ContentView.swift	12110	TabMetricsSampler	PanelMetricsSampler	T	
Sources/ContentView.swift	12125	TabMetricsSampler	PanelMetricsSampler	T	
Sources/ContentView.swift	12999	sidebarOrderedTabIds	sidebarOrderedPanelIds	Muse	
Sources/ContentView.swift	13078	SidebarTabMetricsReadout	SidebarPanelMetricsReadout	T	
Sources/Conversation/Ref.swift	121	TabConversations	PanelConversations	T	
Sources/Conversation/Ref.swift	130	TabConversations	PanelConversations	T	
Sources/Conversation/ScrapeCapturePipeline.swift	61	SessionTabSnapshot	SessionPanelSnapshot	T	
Sources/Conversation/ScrapeCapturePipeline.swift	63	TabMetadataKeyName	PanelMetadataKeyName	T	
Sources/Conversation/ScrapeCapturePipeline.swift	203	TabConversations	PanelConversations	T	
Sources/Conversation/ScrapeCapturePipeline.swift	257	TabConversations	PanelConversations	T	
Sources/Conversation/ScrapeCapturePipeline.swift	391	TabConversations	PanelConversations	T	
Sources/Conversation/SnapshotBridge.swift	47	TabConversations	PanelConversations	T	
Sources/Conversation/SnapshotBridge.swift	50	TabConversations	PanelConversations	T	
Sources/Conversation/SnapshotBridge.swift	66	TabConversations	PanelConversations	T	
Sources/Conversation/SnapshotBridge.swift	80	SessionTabSnapshot	SessionPanelSnapshot	T	
Sources/Conversation/SnapshotBridge.swift	83	TabMetadataKeyName	PanelMetadataKeyName	T	
Sources/Conversation/Store.swift	265	TabConversations	PanelConversations	T	
Sources/Conversation/Store.swift	313	TabConversations	PanelConversations	T	
Sources/Conversation/Store.swift	321	TabConversations	PanelConversations	T	
Sources/Conversation/Store.swift	387	TabConversations	PanelConversations	T	
Sources/Conversation/Store.swift	823	TabConversations	PanelConversations	T	
Sources/Conversation/Store.swift	909	TabConversations	PanelConversations	T	
Sources/Conversation/SurfaceActivity.swift	21	TabActivityTracker	PanelActivityTracker	T	
Sources/Conversation/SurfaceActivity.swift	22	TabActivityTracker	PanelActivityTracker	T	
Sources/Events/EventEmitter.swift	133	callerTabId	callerPanelId	T	
Sources/Events/EventEmitter.swift	139	callerTabId	callerPanelId	T	
Sources/Events/EventEmitter.swift	144	callerTabId	callerPanelId	T	
Sources/Events/EventEmitter.swift	147	callerTabId	callerPanelId	T	
Sources/Events/EventEmitter.swift	196	callerTabId	callerPanelId	T	
Sources/Events/EventEmitter.swift	197	TabAttentionActor	PanelAttentionActor	T	
Sources/Events/EventEmitter.swift	207	callerTabId	callerPanelId	T	
Sources/Events/EventEmitter.swift	216	TabAttentionActor	PanelAttentionActor	T	
Sources/Events/EventEmitter.swift	224	TabAttentionActor	PanelAttentionActor	T	
Sources/Events/EventEmitter.swift	228	TabAttentionActor	PanelAttentionActor	T	
Sources/Events/EventEmitter.swift	248	callerTabId	callerPanelId	T	
Sources/Events/EventEmitter.swift	258	callerTabId	callerPanelId	T	
Sources/Events/EventEmitter.swift	279	callerTabId	callerPanelId	T	
Sources/Events/EventEmitter.swift	292	callerTabId	callerPanelId	T	
Sources/Feed/FeedAnswer.swift	34	TabAttentionSnapshot	PanelAttentionSnapshot	T	
Sources/Feed/FeedAnswer.swift	84	TabAttentionSnapshot	PanelAttentionSnapshot	T	
Sources/Feed/FeedProjectionBridge.swift	107	TabAttentionSnapshot	PanelAttentionSnapshot	T	
Sources/Feed/FeedProjectionBridge.swift	126	TabAttentionSnapshot	PanelAttentionSnapshot	T	
Sources/Find/PanelSearchOverlay.swift	18	TabSearchOverlay	PanelSearchOverlay	T	
Sources/FocusHistoryStore.swift	37	TabSeenTracker	PanelSeenTracker	T	
Sources/FocusHistoryStore.swift	74	TabSeenTracker	PanelSeenTracker	T	
Sources/FocusHistoryStore.swift	77	TabSeenTracker	PanelSeenTracker	T	
Sources/GhosttyTerminalView.swift	4276	TabActivityTracker	PanelActivityTracker	T	
Sources/GhosttyTerminalView.swift	4595	TabLivenessDeriver	PanelLivenessDeriver	T	
Sources/GhosttyTerminalView.swift	6255	TabAttentionService	PanelAttentionService	T	
Sources/GhosttyTerminalView.swift	6266	TabLivenessDeriver	PanelLivenessDeriver	T	
Sources/GhosttyTerminalView.swift	7048	persistentFlashTabs	persistentFlashPanels	Muse	
Sources/GhosttyTerminalView.swift	7182	TabManifestViewerWindowController	PanelManifestViewerWindowController	T	
Sources/GhosttyTerminalView.swift	7581	TabFlagBanner	PanelFlagBanner	T	
Sources/GhosttyTerminalView.swift	7662	TabSearchOverlay	PanelSearchOverlay	T	
Sources/GhosttyTerminalView.swift	7663	TabFlagBanner	PanelFlagBanner	T	
Sources/GhosttyTerminalView.swift	8216	TabAttentionIndex	PanelAttentionIndex	T	
Sources/GhosttyTerminalView.swift	8226	TabFlagBanner	PanelFlagBanner	T	
Sources/GhosttyTerminalView.swift	8228	TabAttentionService	PanelAttentionService	T	
Sources/GhosttyTerminalView.swift	8519	TabSearchOverlay	PanelSearchOverlay	T	
Sources/GhosttyTerminalView.swift	8520	TabSearchOverlay	PanelSearchOverlay	T	
Sources/GhosttyTerminalView.swift	9647	TerminalTabFocusIntent	TerminalPanelFocusIntent	T	
Sources/GhosttyTerminalView.swift	9664	TerminalTabFocusIntent	TerminalPanelFocusIntent	T	
Sources/GhosttyTerminalView.swift	9671	TerminalTabFocusIntent	TerminalPanelFocusIntent	T	
Sources/GhosttyTerminalView.swift	9688	TerminalTabFocusIntent	TerminalPanelFocusIntent	T	
Sources/GhosttyTerminalView.swift	9718	TerminalTabFocusIntent	TerminalPanelFocusIntent	T	
Sources/GhosttyTerminalView.swift	9740	TerminalTabFocusIntent	TerminalPanelFocusIntent	T	
Sources/GhosttyTerminalView.swift	9791	TabSearchOverlay	PanelSearchOverlay	T	
Sources/Journal/JournalCoordinator.swift	220	TabMetadataStore	PanelMetadataStore	T	
Sources/Mailbox/MailboxDispatcher.swift	44	MailboxTabResolver	MailboxPanelResolver	T	
Sources/Mailbox/MailboxDispatcher.swift	63	MailboxTabResolver	MailboxPanelResolver	T	
Sources/Mailbox/MailboxDispatcher.swift	365	MailboxTabResolver	MailboxPanelResolver	T	
Sources/Mailbox/MailboxDispatcher.swift	365	TabMetadata	PanelMetadata	T	
Sources/Mailbox/MailboxDispatcher.swift	367	tabsWithMailboxMetadata	panelsWithMailboxMetadata	Muse	
Sources/Mailbox/MailboxDispatcher.swift	382	MailboxTabResolver	MailboxPanelResolver	T	
Sources/Mailbox/MailboxDispatcher.swift	382	TabMetadata	PanelMetadata	T	
Sources/Mailbox/MailboxDispatcher.swift	430	MailboxTabResolver	MailboxPanelResolver	T	
Sources/Mailbox/MailboxDispatcher.swift	430	TabMetadata	PanelMetadata	T	
Sources/Mailbox/MailboxDispatcher.swift	471	MailboxTabResolver	MailboxPanelResolver	T	
Sources/Mailbox/MailboxDispatcher.swift	471	TabMetadata	PanelMetadata	T	
Sources/Mailbox/MailboxHandler.swift	12	tabName	panelName	Muse	
Sources/Mailbox/MailboxHandler.swift	24	tabName	panelName	Muse	
Sources/Mailbox/MailboxLayout.swift	64	TabNameRejection	PanelNameRejection	T	
Sources/Mailbox/MailboxLayout.swift	67	TabNameRejection	PanelNameRejection	T	
Sources/Mailbox/MailboxLayout.swift	140	tabName	panelName	Muse	
Sources/Mailbox/MailboxLayout.swift	141	tabName	panelName	Muse	
Sources/Mailbox/MailboxLayout.swift	142	tabName	panelName	Muse	
Sources/Mailbox/MailboxLayout.swift	143	tabName	panelName	Muse	
Sources/Mailbox/MailboxLayout.swift	145	tabName	panelName	Muse	
Sources/Mailbox/MailboxLayout.swift	155	tabName	panelName	Muse	
Sources/Mailbox/MailboxLayout.swift	162	tabName	panelName	Muse	
Sources/Mailbox/MailboxLayout.swift	163	tabName	panelName	Muse	
Sources/Mailbox/MailboxPanelResolver.swift	15	MailboxTabResolver	MailboxPanelResolver	T	
Sources/Mailbox/MailboxPanelResolver.swift	21	TabMetadataStore	PanelMetadataStore	T	
Sources/Mailbox/MailboxPanelResolver.swift	22	liveTabs	livePanels	M	owner=MailboxTabResolver; let liveTabs: () -> [UUID]
Sources/Mailbox/MailboxPanelResolver.swift	26	TabMetadataStore	PanelMetadataStore	T	
Sources/Mailbox/MailboxPanelResolver.swift	27	liveTabs	livePanels	Muse	
Sources/Mailbox/MailboxPanelResolver.swift	31	liveTabs	livePanels	Muse	
Sources/Mailbox/MailboxPanelResolver.swift	45	liveTabs	livePanels	Muse	
Sources/Mailbox/MailboxPanelResolver.swift	46	tabName	panelName	Muse	
Sources/Mailbox/MailboxPanelResolver.swift	52	tabName	panelName	M	owner=MailboxTabResolver; func tabName(for surfaceId: UUID) -> String?
Sources/Mailbox/MailboxPanelResolver.swift	69	TabMetadata	PanelMetadata	T	
Sources/Mailbox/MailboxPanelResolver.swift	69	tabsWithMailboxMetadata	panelsWithMailboxMetadata	M	owner=MailboxTabResolver; func tabsWithMailboxMetadata() -> [TabMetadata]
Sources/Mailbox/MailboxPanelResolver.swift	70	liveTabs	livePanels	Muse	
Sources/Mailbox/MailboxPanelResolver.swift	70	tabId	panelId	L	func tabsWithMailboxMetadata() -> [TabMetadata] {         liveTabs().compactMap { tabId in
Sources/Mailbox/MailboxPanelResolver.swift	73	tabId	panelId	L	func tabsWithMailboxMetadata() -> [TabMetadata] {         liveTabs().compactMap { tabId in
Sources/Mailbox/MailboxPanelResolver.swift	84	TabMetadata	PanelMetadata	T	
Sources/Mailbox/MailboxPanelResolver.swift	85	tabId	panelId	L	func tabsWithMailboxMetadata() -> [TabMetadata] {         liveTabs().compactMap { tabId in
Sources/Mailbox/MailboxPanelResolver.swift	92	TabMetadata	PanelMetadata	T	
Sources/Mailbox/MailboxPanelResolver.swift	177	TabRecord	PanelRecord	T	
Sources/Mailbox/MailboxPanelResolver.swift	208	TabRecord	PanelRecord	T	
Sources/Mailbox/MailboxPanelResolver.swift	216	TabRecord	PanelRecord	T	
Sources/Mailbox/StdinMailboxHandler.swift	85	tabName	panelName	Muse	
Sources/Mailbox/StdinMailboxHandler.swift	110	tabName	panelName	Muse	
Sources/Metadata/SocketPanelRefValidator.swift	28	SocketTabRefValidator	SocketPanelRefValidator	T	
Sources/PanelLivenessDeriver.swift	4	TabActivityResolver	PanelActivityResolver	T	
Sources/PanelLivenessDeriver.swift	57	TabActivityTerminalKindResolver	PanelActivityTerminalKindResolver	T	
Sources/PanelLivenessDeriver.swift	87	TabLivenessDeriver	PanelLivenessDeriver	T	
Sources/PanelLivenessDeriver.swift	116	TabShellActivityState	PanelShellActivityState	T	
Sources/PanelLivenessDeriver.swift	137	TabShellActivityState	PanelShellActivityState	T	
Sources/PanelLivenessDeriver.swift	141	TabActivityTracker	PanelActivityTracker	T	
Sources/PanelLivenessDeriver.swift	182	TabActivityTracker	PanelActivityTracker	T	
Sources/PanelLivenessDeriver.swift	244	TabActivityTracker	PanelActivityTracker	T	
Sources/PanelLivenessDeriver.swift	329	TabMetadataStore	PanelMetadataStore	T	
Sources/PanelLivenessDeriver.swift	341	TabActivityTracker	PanelActivityTracker	T	
Sources/PanelLivenessDeriver.swift	384	TabActivityTracker	PanelActivityTracker	T	
Sources/PanelLivenessDeriver.swift	509	TabActivityTracker	PanelActivityTracker	T	
Sources/PanelLivenessDeriver.swift	527	TabMetadataStore	PanelMetadataStore	T	
Sources/PanelLivenessDeriver.swift	545	TabMetadataStore	PanelMetadataStore	T	
Sources/PanelLivenessDeriver.swift	553	TabMetadataStore	PanelMetadataStore	T	
Sources/PanelManifestView.swift	4	TabManifestKind	PanelManifestKind	T	
Sources/PanelManifestView.swift	26	TabHandleInfo	PanelHandleInfo	T	
Sources/PanelManifestView.swift	28	tabRef	panelRef	M	owner=TabHandleInfo; let tabRef: String
Sources/PanelManifestView.swift	39	TabManifestSnapshot	PanelManifestSnapshot	T	
Sources/PanelManifestView.swift	42	TabActivityDetailsSnapshot	PanelActivityDetailsSnapshot	T	
Sources/PanelManifestView.swift	46	TabManifestSnapshot	PanelManifestSnapshot	T	
Sources/PanelManifestView.swift	47	TabMetadataStore	PanelMetadataStore	T	
Sources/PanelManifestView.swift	52	tabActivityDetailsSnapshot	panelActivityDetailsSnapshot	Muse	
Sources/PanelManifestView.swift	53	TabActivityDetailsSnapshot	PanelActivityDetailsSnapshot	T	
Sources/PanelManifestView.swift	58	TabManifestSnapshot	PanelManifestSnapshot	T	
Sources/PanelManifestView.swift	78	TabManifestView	PanelManifestView	T	
Sources/PanelManifestView.swift	81	TabManifestKind	PanelManifestKind	T	
Sources/PanelManifestView.swift	82	TabHandleInfo	PanelHandleInfo	T	
Sources/PanelManifestView.swift	84	TabManifestSnapshot	PanelManifestSnapshot	T	
Sources/PanelManifestView.swift	90	TabHandleInfo	PanelHandleInfo	T	
Sources/PanelManifestView.swift	90	TabManifestKind	PanelManifestKind	T	
Sources/PanelManifestView.swift	95	TabManifestSnapshot	PanelManifestSnapshot	T	
Sources/PanelManifestView.swift	129	tabRef	panelRef	Muse	
Sources/PanelManifestView.swift	482	TabManifestSnapshot	PanelManifestSnapshot	T	
Sources/PanelManifestViewerWindowController.swift	4	TabManifestViewerWindowController	PanelManifestViewerWindowController	T	
Sources/PanelManifestViewerWindowController.swift	5	TabManifestViewerWindowController	PanelManifestViewerWindowController	T	
Sources/PanelManifestViewerWindowController.swift	9	TabManifestKind	PanelManifestKind	T	
Sources/PanelManifestViewerWindowController.swift	24	TabManifestView	PanelManifestView	T	
Sources/PanelManifestViewerWindowController.swift	37	TabManifestKind	PanelManifestKind	T	
Sources/PanelManifestViewerWindowController.swift	42	TabManifestViewerWindowController	PanelManifestViewerWindowController	T	
Sources/PanelMetadataStore.swift	115	TabMetadataStore	PanelMetadataStore	T	
Sources/PanelMetadataStore.swift	116	TabMetadataStore	PanelMetadataStore	T	
Sources/PanelMetadataStore.swift	275	TabLifecycleState	PanelLifecycleState	T	
Sources/PanelMetadataStore.swift	278	TabLifecycleState	PanelLifecycleState	T	
Sources/PanelMetadataStore.swift	281	TabLifecycleState	PanelLifecycleState	T	
Sources/PanelMetadataStore.swift	323	TabAttentionReason	PanelAttentionReason	T	
Sources/PanelMetadataStore.swift	326	TabAttentionReason	PanelAttentionReason	T	
Sources/PanelMetadataStore.swift	619	TabAttentionSnapshot	PanelAttentionSnapshot	T	
Sources/PanelMetadataStore.swift	623	TabAttentionSnapshot	PanelAttentionSnapshot	T	
Sources/PanelMetadataStore.swift	628	TabMetadataStore	PanelMetadataStore	T	
Sources/PanelMetadataStore.swift	641	TabAttentionFlagMutation	PanelAttentionFlagMutation	T	
Sources/PanelMetadataStore.swift	642	TabAttentionSuppressionMutation	PanelAttentionSuppressionMutation	T	
Sources/PanelMetadataStore.swift	643	callerTabId	callerPanelId	T	
Sources/PanelMetadataStore.swift	646	TabAttentionSnapshot	PanelAttentionSnapshot	T	
Sources/PanelMetadataStore.swift	650	TabAttentionSnapshot	PanelAttentionSnapshot	T	
Sources/PanelMetadataStore.swift	655	TabMetadataStore	PanelMetadataStore	T	
Sources/PanelMetadataStore.swift	669	TabMetadataStore	PanelMetadataStore	T	
Sources/PanelMetadataStore.swift	671	callerTabId	callerPanelId	T	
Sources/PanelMetadataStore.swift	679	callerTabId	callerPanelId	T	
Sources/PanelMetadataStore.swift	681	callerTabId	callerPanelId	T	
Sources/PanelMetadataStore.swift	749	TabMetadataStore	PanelMetadataStore	T	
Sources/PanelMetadataStore.swift	758	TabAttentionSnapshot	PanelAttentionSnapshot	T	
Sources/PanelMetadataStore.swift	763	TabMetadataStore	PanelMetadataStore	T	
Sources/PanelMetadataStore.swift	774	TabAttentionSnapshot	PanelAttentionSnapshot	T	
Sources/PanelMetadataStore.swift	796	callerTabId	callerPanelId	T	
Sources/PanelMetadataStore.swift	798	callerTabId	callerPanelId	T	
Sources/PanelMetadataStore.swift	1050	TabMetadataStore	PanelMetadataStore	T	
Sources/PanelMetadataStore.swift	1051	TabMetadataStore	PanelMetadataStore	T	
Sources/PanelMetadataStore.swift	1061	TabMetadataStore	PanelMetadataStore	T	
Sources/PanelMetadataStore.swift	1074	TabMetadataStore	PanelMetadataStore	T	
Sources/PanelMetadataStore.swift	1126	TabMetadataStore	PanelMetadataStore	T	
Sources/PanelMetadataStore.swift	1127	TabMetadataStore	PanelMetadataStore	T	
Sources/PanelMetadataStore.swift	1171	TabMetadataStore	PanelMetadataStore	T	
Sources/PanelMetadataStore.swift	1173	TabMetadataStore	PanelMetadataStore	T	
Sources/PanelMetadataStore.swift	1208	TabMetadataStore	PanelMetadataStore	T	
Sources/PanelMetricsSampler.swift	38	TabMetricsSampler	PanelMetricsSampler	T	
Sources/PanelMetricsSampler.swift	39	TabMetricsSampler	PanelMetricsSampler	T	
Sources/PanelSeenClock.swift	41	TabSeenClock	PanelSeenClock	T	
Sources/PanelSeenClock.swift	83	TabSeenTracker	PanelSeenTracker	T	
Sources/PanelSeenClock.swift	84	TabSeenTracker	PanelSeenTracker	T	
Sources/PanelSeenClock.swift	97	TabSeenClock	PanelSeenClock	T	
Sources/PanelSeenClock.swift	110	TabSeenTracker	PanelSeenTracker	T	
Sources/PanelTitleBarView.swift	15	TabTitleBarState	PanelTitleBarState	T	
Sources/PanelTitleBarView.swift	35	TabTitleBarView	PanelTitleBarView	T	
Sources/PanelTitleBarView.swift	36	TabTitleBarState	PanelTitleBarState	T	
Sources/PanelTypeAvailability.swift	23	TabTypeAvailability	PanelTypeAvailability	T	
Sources/PanelTypeAvailability.swift	27	markdownTabsEnabledKey	markdownPanelsEnabledKey	M	owner=TabTypeAvailability; static let markdownTabsEnabledKey = "markdownSurfacesEnabled"
Sources/PanelTypeAvailability.swift	44	TabContentType	PanelType	T	
Sources/PanelTypeAvailability.swift	60	markdownTabsEnabledKey	markdownPanelsEnabledKey	Muse	
Sources/PanelTypeAvailability.swift	97	TabContentType	PanelType	T	
Sources/PanelTypeAvailability.swift	114	TabAvailabilityObserver	PanelAvailabilityObserver	T	
Sources/PanelTypeAvailability.swift	117	TabTypeAvailability	PanelTypeAvailability	T	
Sources/PanelTypeAvailability.swift	118	TabTypeAvailability	PanelTypeAvailability	T	
Sources/PanelTypeAvailability.swift	118	markdownTabsEnabledKey	markdownPanelsEnabledKey	Muse	
Sources/PanelTypeAvailability.swift	119	TabTypeAvailability	PanelTypeAvailability	T	
Sources/PersistedMetadata.swift	97	TabMetadataStore	PanelMetadataStore	T	
Sources/PersistedMetadata.swift	195	TabMetadataStore	PanelMetadataStore	T	
Sources/PersistedMetadata.swift	196	TabMetadataStore	PanelMetadataStore	T	
Sources/PersistedMetadata.swift	207	TabMetadataStore	PanelMetadataStore	T	
Sources/PortScanner.swift	26	TabKey	PanelKey	T	
Sources/PortScanner.swift	29	TabKey	PanelKey	T	
Sources/PortScanner.swift	44	TabKey	PanelKey	T	
Sources/PortScanner.swift	51	TabKey	PanelKey	T	
Sources/PortScanner.swift	59	TabKey	PanelKey	T	
Sources/PortScanner.swift	67	TabKey	PanelKey	T	
Sources/PortScanner.swift	163	TabKey	PanelKey	T	
Sources/PortScanner.swift	172	TabKey	PanelKey	T	
Sources/SessionPersistence.swift	334	SessionTerminalTabSnapshot	SessionTerminalPanelSnapshot	T	
Sources/SessionPersistence.swift	339	SessionBrowserTabSnapshot	SessionBrowserPanelSnapshot	T	
Sources/SessionPersistence.swift	349	AgentTabLink	AgentPanelLink	T	
Sources/SessionPersistence.swift	352	SessionMarkdownTabSnapshot	SessionMarkdownPanelSnapshot	T	
Sources/SessionPersistence.swift	362	SessionTabSnapshot	SessionPanelSnapshot	T	
Sources/SessionPersistence.swift	367	TabContentType	PanelType	T	
Sources/SessionPersistence.swift	380	SessionTerminalTabSnapshot	SessionTerminalPanelSnapshot	T	
Sources/SessionPersistence.swift	381	SessionBrowserTabSnapshot	SessionBrowserPanelSnapshot	T	
Sources/SessionPersistence.swift	382	SessionMarkdownTabSnapshot	SessionMarkdownPanelSnapshot	T	
Sources/SessionPersistence.swift	403	TabConversations	PanelConversations	T	
Sources/SessionPersistence.swift	547	SessionTabSnapshot	SessionPanelSnapshot	T	
Sources/Sidebar/SidebarActivityProjector.swift	204	TabActivityDetailsSnapshot	PanelActivityDetailsSnapshot	T	
Sources/Sidebar/SidebarActivityProjector.swift	257	TabAttentionSnapshot	PanelAttentionSnapshot	T	
Sources/SocketHandlers/AgentRosterHandlers.swift	51	TabSeenTracker	PanelSeenTracker	T	
Sources/SocketHandlers/AttentionHandlers.swift	23	TabAttentionActor	PanelAttentionActor	T	
Sources/SocketHandlers/AttentionHandlers.swift	25	TabAttentionActor	PanelAttentionActor	T	
Sources/SocketHandlers/AttentionHandlers.swift	38	callerTabId	callerPanelId	T	
Sources/SocketHandlers/AttentionHandlers.swift	40	TabAttentionReason	PanelAttentionReason	T	
Sources/SocketHandlers/AttentionHandlers.swift	55	callerTabId	callerPanelId	T	
Sources/SocketHandlers/AttentionHandlers.swift	63	callerTabId	callerPanelId	T	
Sources/SocketHandlers/AttentionHandlers.swift	82	callerTabId	callerPanelId	T	
Sources/SocketHandlers/AttentionHandlers.swift	84	callerTabId	callerPanelId	T	
Sources/SocketHandlers/AttentionHandlers.swift	101	TabMetadataStore	PanelMetadataStore	T	
Sources/SocketHandlers/AttentionHandlers.swift	104	TabAttentionService	PanelAttentionService	T	
Sources/SocketHandlers/AttentionHandlers.swift	108	callerTabId	callerPanelId	T	
Sources/SocketHandlers/AttentionHandlers.swift	114	TabAttentionService	PanelAttentionService	T	
Sources/SocketHandlers/AttentionHandlers.swift	120	TabAttentionService	PanelAttentionService	T	
Sources/SocketHandlers/AttentionHandlers.swift	126	TabAttentionService	PanelAttentionService	T	
Sources/SocketHandlers/AttentionHandlers.swift	134	TabMetadataStore	PanelMetadataStore	T	
Sources/SocketHandlers/AttentionHandlers.swift	151	TabMetadataStore	PanelMetadataStore	T	
Sources/SocketHandlers/AttentionHandlers.swift	169	TabAttentionIndex	PanelAttentionIndex	T	
Sources/SocketHandlers/BrowserHandlers.swift	54	BrowserTab	BrowserPanel	T	
Sources/SocketHandlers/BrowserHandlers.swift	530	BrowserTab	BrowserPanel	T	
Sources/SocketHandlers/BrowserHandlers.swift	530	browserTab	browserPanel	L	browserTab: BrowserTab
Sources/SocketHandlers/BrowserHandlers.swift	547	browserTab	browserPanel	L	browserTab: BrowserTab
Sources/SocketHandlers/BrowserHandlers.swift	551	browserTab	browserPanel	L	browserTab: BrowserTab
Sources/SocketHandlers/BrowserHandlers.swift	617	BrowserTab	BrowserPanel	T	
Sources/SocketHandlers/BrowserHandlers.swift	618	BrowserTab	BrowserPanel	T	
Sources/SocketHandlers/BrowserHandlers.swift	887	BrowserTab	BrowserPanel	T	
Sources/SocketHandlers/BrowserHandlers.swift	887	browserTab	browserPanel	L	browserTab: BrowserTab
Sources/SocketHandlers/BrowserHandlers.swift	899	browserTab	browserPanel	L	browserTab: BrowserTab
Sources/SocketHandlers/BrowserHandlers.swift	1259	BrowserTab	BrowserPanel	T	
Sources/SocketHandlers/BrowserHandlers.swift	1259	browserPanel browserTab	browserPanel	L	browserTab: BrowserTab
Sources/SocketHandlers/BrowserHandlers.swift	1262	browserTab	browserPanel	L	browserTab: BrowserTab
Sources/SocketHandlers/BrowserHandlers.swift	1263	browserTab	browserPanel	L	browserTab: BrowserTab
Sources/SocketHandlers/BrowserHandlers.swift	1272	browserTab	browserPanel	L	browserTab: BrowserTab
Sources/SocketHandlers/BrowserHandlers.swift	1457	BrowserTab	BrowserPanel	T	
Sources/SocketHandlers/BrowserHandlers.swift	1457	createdTab	createdPanel	L	createdTab: BrowserTab?
Sources/SocketHandlers/BrowserHandlers.swift	1459	createdTab	createdPanel	L	createdTab: BrowserTab?
Sources/SocketHandlers/BrowserHandlers.swift	1470	createdTab	createdPanel	L	createdTab: BrowserTab?
Sources/SocketHandlers/BrowserHandlers.swift	1480	browserTabId	browserPanelId	L	let browserTabId = createdTab?.id else {
Sources/SocketHandlers/BrowserHandlers.swift	1480	createdTab	createdPanel	L	createdTab: BrowserTab?
Sources/SocketHandlers/BrowserHandlers.swift	1485	browserTabId	browserPanelId	L	let browserTabId = createdTab?.id else {
Sources/SocketHandlers/BrowserHandlers.swift	1494	browserTabId	browserPanelId	L	let browserTabId = createdTab?.id else {
Sources/SocketHandlers/BrowserHandlers.swift	1495	browserTabId	browserPanelId	L	let browserTabId = createdTab?.id else {
Sources/SocketHandlers/BrowserHandlers.swift	1502	createdTab	createdPanel	L	createdTab: BrowserTab?
Sources/SocketHandlers/BrowserHandlers.swift	1511	createdTab	createdPanel	L	createdTab: BrowserTab?
Sources/SocketHandlers/BrowserQueryHandlers.swift	1346	BrowserTab	BrowserPanel	T	
Sources/SocketHandlers/BrowserQueryHandlers.swift	1347	BrowserTab	BrowserPanel	T	
Sources/SocketHandlers/BrowserQueryHandlers.swift	1430	BrowserTab	BrowserPanel	T	
Sources/SocketHandlers/BrowserQueryHandlers.swift	1472	BrowserTab	BrowserPanel	T	
Sources/SocketHandlers/ConversationHandlers.swift	68	TabActivityTracker	PanelActivityTracker	T	
Sources/SocketHandlers/ConversationHandlers.swift	170	TabActivityTracker	PanelActivityTracker	T	
Sources/SocketHandlers/ConversationHandlers.swift	293	TabActivityTracker	PanelActivityTracker	T	
Sources/SocketHandlers/ConversationHandlers.swift	430	TabActivityTracker	PanelActivityTracker	T	
Sources/SocketHandlers/DebugHandlers.swift	37	TerminalTab	TerminalPanel	T	
Sources/SocketHandlers/DebugHandlers.swift	40	TerminalTab	TerminalPanel	T	
Sources/SocketHandlers/DebugHandlers.swift	168	TerminalTab	TerminalPanel	T	
Sources/SocketHandlers/DebugHandlers.swift	277	TerminalTab	TerminalPanel	T	
Sources/SocketHandlers/DebugHandlers.swift	308	tabGitBranches	panelGitBranches	Muse	
Sources/SocketHandlers/DebugHandlers.swift	309	tabListeningPorts	panelListeningPorts	Muse	
Sources/SocketHandlers/DebugHandlers.swift	313	tabTTYNames	panelTTYNames	Muse	
Sources/SocketHandlers/DebugHandlers.swift	314	tabDirectories	panelDirectories	Muse	
Sources/SocketHandlers/DebugHandlers.swift	426	TerminalTab	TerminalPanel	T	
Sources/SocketHandlers/DebugHandlers.swift	524	TerminalTab	TerminalPanel	T	
Sources/SocketHandlers/DebugHandlers.swift	550	TerminalTab	TerminalPanel	T	
Sources/SocketHandlers/FeedHandlers.swift	4	TabSendPhaseAResolved	PanelSendPhaseAResolved	T	
Sources/SocketHandlers/FeedHandlers.swift	149	TabAttentionActor	PanelAttentionActor	T	
Sources/SocketHandlers/FeedHandlers.swift	150	TabAttentionActor	PanelAttentionActor	T	
Sources/SocketHandlers/FeedHandlers.swift	316	TabMetadataStore	PanelMetadataStore	T	
Sources/SocketHandlers/FeedHandlers.swift	365	TabAttentionActor	PanelAttentionActor	T	
Sources/SocketHandlers/FeedHandlers.swift	441	TabAttentionActor	PanelAttentionActor	T	
Sources/SocketHandlers/FeedHandlers.swift	477	TabAttentionService	PanelAttentionService	T	
Sources/SocketHandlers/FeedHandlers.swift	512	TabMetadataStore	PanelMetadataStore	T	
Sources/SocketHandlers/MarkdownFeedbackHandlers.swift	178	newMarkdownTab	newMarkdownPanel	Muse	
Sources/SocketHandlers/MarkdownFeedbackHandlers.swift	266	MarkdownTab	MarkdownPanel	T	
Sources/SocketHandlers/MarkdownFeedbackHandlers.swift	279	TabContentType	PanelType	T	
Sources/SocketHandlers/MiscHandlers.swift	110	BrowserTab	BrowserPanel	T	
Sources/SocketHandlers/MiscHandlers.swift	304	newTab	newPanel	L	let newTab = workspace.newBrowserSurface(
Sources/SocketHandlers/MiscHandlers.swift	312	newTab	newPanel	L	let newTab = workspace.newBrowserSurface(
Sources/SocketHandlers/MiscHandlers.swift	314	newTab	newPanel	L	let newTab = workspace.newBrowserSurface(
Sources/SocketHandlers/MiscHandlers.swift	315	newTab	newPanel	L	let newTab = workspace.newBrowserSurface(
Sources/SocketHandlers/MiscHandlers.swift	316	newTab	newPanel	L	let newTab = workspace.newBrowserSurface(
Sources/SocketHandlers/MiscHandlers.swift	317	newTab	newPanel	L	let newTab = workspace.newBrowserSurface(
Sources/SocketHandlers/MiscHandlers.swift	328	newTab	newPanel	L	let newTab = workspace.newBrowserSurface(
Sources/SocketHandlers/MiscHandlers.swift	332	newTab	newPanel	L	let newTab = workspace.newBrowserSurface(
Sources/SocketHandlers/MiscHandlers.swift	334	newTab	newPanel	L	let newTab = workspace.newBrowserSurface(
Sources/SocketHandlers/MiscHandlers.swift	335	newTab	newPanel	L	let newTab = workspace.newBrowserSurface(
Sources/SocketHandlers/MiscHandlers.swift	336	newTab	newPanel	L	let newTab = workspace.newBrowserSurface(
Sources/SocketHandlers/MiscHandlers.swift	337	newTab	newPanel	L	let newTab = workspace.newBrowserSurface(
Sources/SocketHandlers/MiscHandlers.swift	355	newTab	newPanel	L	let newTab = workspace.newBrowserSurface(
Sources/SocketHandlers/MiscHandlers.swift	359	newTab	newPanel	L	let newTab = workspace.newBrowserSurface(
Sources/SocketHandlers/MiscHandlers.swift	361	newTab	newPanel	L	let newTab = workspace.newBrowserSurface(
Sources/SocketHandlers/MiscHandlers.swift	362	newTab	newPanel	L	let newTab = workspace.newBrowserSurface(
Sources/SocketHandlers/MiscHandlers.swift	363	newTab	newPanel	L	let newTab = workspace.newBrowserSurface(
Sources/SocketHandlers/MiscHandlers.swift	364	newTab	newPanel	L	let newTab = workspace.newBrowserSurface(
Sources/SocketHandlers/NotificationHandlers.swift	147	TabLivenessDeriver	PanelLivenessDeriver	T	
Sources/SocketHandlers/NotificationHandlers.swift	203	TabLivenessDeriver	PanelLivenessDeriver	T	
Sources/SocketHandlers/PaneHandlers.swift	60	selectedTabUUID	selectedPanelUUID	L	let selectedTabUUID = selectedBonsplitTab.flatMap { ws.tabIdFromBonsplitTabId($0.id) }
Sources/SocketHandlers/PaneHandlers.swift	68	selectedTabUUID	selectedPanelUUID	L	let selectedTabUUID = selectedBonsplitTab.flatMap { ws.tabIdFromBonsplitTabId($0.id) }
Sources/SocketHandlers/PaneHandlers.swift	69	selectedTabUUID	selectedPanelUUID	L	let selectedTabUUID = selectedBonsplitTab.flatMap { ws.tabIdFromBonsplitTabId($0.id) }
Sources/SocketHandlers/PaneHandlers.swift	280	newMarkdownTab	newMarkdownPanel	Muse	
Sources/SocketHandlers/PaneHandlers.swift	506	sourceTabId	sourcePanelId	L	let sourceTabId = workspace.tabIdFromBonsplitTabId(selectedSourceBonsplitTab.id),
Sources/SocketHandlers/PaneHandlers.swift	507	targetTabId	targetPanelId	L	let targetTabId = workspace.tabIdFromBonsplitTabId(selectedTargetBonsplitTab.id) else {
Sources/SocketHandlers/PaneHandlers.swift	530	sourceTabId	sourcePanelId	L	let sourceTabId = workspace.tabIdFromBonsplitTabId(selectedSourceBonsplitTab.id),
Sources/SocketHandlers/PaneHandlers.swift	534	targetTabId	targetPanelId	L	let targetTabId = workspace.tabIdFromBonsplitTabId(selectedTargetBonsplitTab.id) else {
Sources/SocketHandlers/PaneHandlers.swift	559	sourceTabId	sourcePanelId	L	let sourceTabId = workspace.tabIdFromBonsplitTabId(selectedSourceBonsplitTab.id),
Sources/SocketHandlers/PaneHandlers.swift	560	sourceTabId	sourcePanelId	L	let sourceTabId = workspace.tabIdFromBonsplitTabId(selectedSourceBonsplitTab.id),
Sources/SocketHandlers/PaneHandlers.swift	561	targetTabId	targetPanelId	L	let targetTabId = workspace.tabIdFromBonsplitTabId(selectedTargetBonsplitTab.id) else {
Sources/SocketHandlers/PaneHandlers.swift	562	targetTabId	targetPanelId	L	let targetTabId = workspace.tabIdFromBonsplitTabId(selectedTargetBonsplitTab.id) else {
Sources/SocketHandlers/PaneHandlers.swift	608	detachTab	detachPanel	Muse	
Sources/SocketHandlers/PaneHandlers.swift	617	attachDetachedTab	attachDetachedPanel	Muse	
Sources/SocketHandlers/PaneHandlers.swift	628	attachDetachedTab	attachDetachedPanel	Muse	
Sources/SocketHandlers/PaneHandlers.swift	630	attachDetachedTab	attachDetachedPanel	Muse	
Sources/SocketHandlers/PaneHandlers.swift	728	TabMetadataStore	PanelMetadataStore	T	
Sources/SocketHandlers/PaneHandlers.swift	781	TabMetadataStore	PanelMetadataStore	T	
Sources/SocketHandlers/PaneHandlers.swift	892	TabMetadataStore	PanelMetadataStore	T	
Sources/SocketHandlers/SocketDispatch.swift	191	callerTabId	callerPanelId	T	
Sources/SocketHandlers/SocketDispatch.swift	601	TabLivenessDeriver	PanelLivenessDeriver	T	
Sources/SocketHandlers/SocketDispatch.swift	1228	TabAttentionReason	PanelAttentionReason	T	
Sources/SocketHandlers/SocketDispatch.swift	1237	TabAttentionActor	PanelAttentionActor	T	
Sources/SocketHandlers/SocketDispatch.swift	1239	TabAttentionActor	PanelAttentionActor	T	
Sources/SocketHandlers/SocketDispatch.swift	1343	callerTabId	callerPanelId	T	
Sources/SocketHandlers/SocketDispatch.swift	1475	TerminalTab	TerminalPanel	T	
Sources/SocketHandlers/SocketDispatch.swift	1494	focusedTerminalTab	focusedTerminalPanel	Muse	
Sources/SocketHandlers/SocketDispatch.swift	1494	initialTab	initialPanel	L	let initialTab = created.focusedTerminalTab else {
Sources/SocketHandlers/SocketDispatch.swift	1499	initialTab	initialPanel	L	let initialTab = created.focusedTerminalTab else {
Sources/SocketHandlers/SocketDispatch.swift	1555	TabAttentionService	PanelAttentionService	T	
Sources/SocketHandlers/SocketDispatch.swift	1564	TabAttentionService	PanelAttentionService	T	
Sources/SocketHandlers/SocketDispatch.swift	1568	callerTabId	callerPanelId	T	
Sources/SocketHandlers/SocketDispatch.swift	1590	TabMetadataStore	PanelMetadataStore	T	
Sources/SocketHandlers/SocketDispatch.swift	1693	tabTTYNames	panelTTYNames	Muse	
Sources/SocketHandlers/SurfaceHandlers.swift	22	TabSeenTracker	PanelSeenTracker	T	
Sources/SocketHandlers/SurfaceHandlers.swift	154	tabTTYNames	panelTTYNames	Muse	
Sources/SocketHandlers/SurfaceHandlers.swift	159	BrowserTab	BrowserPanel	T	
Sources/SocketHandlers/SurfaceHandlers.swift	159	browserTab	browserPanel	L	let browserTab = panel as? BrowserTab {
Sources/SocketHandlers/SurfaceHandlers.swift	160	browserTab	browserPanel	L	let browserTab = panel as? BrowserTab {
Sources/SocketHandlers/SurfaceHandlers.swift	161	browserTab	browserPanel	L	let browserTab = panel as? BrowserTab {
Sources/SocketHandlers/SurfaceHandlers.swift	163	MarkdownTab	MarkdownPanel	T	
Sources/SocketHandlers/SurfaceHandlers.swift	163	markdownTab	markdownPanel	Muse	
Sources/SocketHandlers/SurfaceHandlers.swift	164	markdownTab	markdownPanel	Muse	
Sources/SocketHandlers/SurfaceHandlers.swift	176	TabMetricsSampler	PanelMetricsSampler	T	
Sources/SocketHandlers/SurfaceHandlers.swift	567	newMarkdownTab	newMarkdownPanel	Muse	
Sources/SocketHandlers/SurfaceHandlers.swift	794	detachTab	detachPanel	Muse	
Sources/SocketHandlers/SurfaceHandlers.swift	799	attachDetachedTab	attachDetachedPanel	Muse	
Sources/SocketHandlers/SurfaceHandlers.swift	805	attachDetachedTab	attachDetachedPanel	Muse	
Sources/SocketHandlers/SurfaceHandlers.swift	911	TerminalTab	TerminalPanel	T	
Sources/SocketHandlers/SurfaceHandlers.swift	911	terminalTab	terminalPanel	L	let terminalTab = panel as? TerminalTab {
Sources/SocketHandlers/SurfaceHandlers.swift	912	terminalTab	terminalPanel	L	let terminalTab = panel as? TerminalTab {
Sources/SocketHandlers/SurfaceHandlers.swift	933	TerminalTab	TerminalPanel	T	
Sources/SocketHandlers/SurfaceHandlers.swift	935	BrowserTab	BrowserPanel	T	
Sources/SocketHandlers/SurfaceHandlers.swift	1003	TabSendPhaseAOutcome	PanelSendPhaseAOutcome	T	
Sources/SocketHandlers/SurfaceHandlers.swift	1010	TabSendPhaseAResolved	PanelSendPhaseAResolved	T	
Sources/SocketHandlers/SurfaceHandlers.swift	1117	tabIdString	panelIdString	Muse	
Sources/SocketHandlers/SurfaceHandlers.swift	1129	callerTabId	callerPanelId	T	
Sources/SocketHandlers/SurfaceHandlers.swift	1150	TabSendPhaseAOutcome	PanelSendPhaseAOutcome	T	
Sources/SocketHandlers/SurfaceHandlers.swift	1157	TabSendPhaseAResolved	PanelSendPhaseAResolved	T	
Sources/SocketHandlers/SurfaceHandlers.swift	1172	tabIdString	panelIdString	Muse	
Sources/SocketHandlers/SurfaceHandlers.swift	1214	callerTabId	callerPanelId	T	
Sources/SocketHandlers/SurfaceHandlers.swift	1225	tabIdString	panelIdString	Muse	
Sources/SocketHandlers/SurfaceHandlers.swift	1292	tabRef	panelRef	Muse	
Sources/SocketHandlers/SurfaceHandlers.swift	1293	tabRef	panelRef	Muse	
Sources/SocketHandlers/SurfaceHandlers.swift	1396	TerminalTab	TerminalPanel	T	
Sources/SocketHandlers/SurfaceHandlers.swift	1481	TerminalTab	TerminalPanel	T	
Sources/SocketHandlers/SurfaceHandlers.swift	1803	TabMetadataStore	PanelMetadataStore	T	
Sources/SocketHandlers/SurfaceHandlers.swift	1848	TabMetadataStore	PanelMetadataStore	T	
Sources/SocketHandlers/SurfaceHandlers.swift	1862	TabMetadataStore	PanelMetadataStore	T	
Sources/SocketHandlers/SurfaceHandlers.swift	1883	TabMetadataStore	PanelMetadataStore	T	
Sources/SocketHandlers/SurfaceHandlers.swift	1906	TabMetadataStore	PanelMetadataStore	T	
Sources/SocketHandlers/SurfaceHandlers.swift	1986	TabMetadataStore	PanelMetadataStore	T	
Sources/SocketHandlers/SurfaceHandlers.swift	2000	TabMetadataStore	PanelMetadataStore	T	
Sources/SocketHandlers/SurfaceHandlers.swift	2020	TabMetadataStore	PanelMetadataStore	T	
Sources/SocketHandlers/WorkspaceHandlers.swift	1235	SocketTabRefValidator	SocketPanelRefValidator	T	
Sources/SocketHandlers/WorkspaceHandlers.swift	1334	SocketTabRefValidator	SocketPanelRefValidator	T	
Sources/SocketHandlers/WorkspaceHandlers.swift	1381	SocketTabRefValidator	SocketPanelRefValidator	T	
Sources/SurfaceLifecycle.swift	41	TabLifecycleState	PanelLifecycleState	T	
Sources/SurfaceLifecycle.swift	60	TabLifecycleState	PanelLifecycleState	T	
Sources/SurfaceLifecycle.swift	97	TabLifecycleController	PanelLifecycleController	T	
Sources/SurfaceLifecycle.swift	98	TabLifecycleState	PanelLifecycleState	T	
Sources/SurfaceLifecycle.swift	102	TabLifecycleState	PanelLifecycleState	T	
Sources/SurfaceLifecycle.swift	113	TabLifecycleState	PanelLifecycleState	T	
Sources/SurfaceLifecycle.swift	142	TabLifecycleState	PanelLifecycleState	T	
Sources/SurfaceLifecycle.swift	153	TabMetadataStore	PanelMetadataStore	T	
Sources/SurfaceLifecycle.swift	156	TabLifecycleState	PanelLifecycleState	T	
Sources/TabSheetDetail.swift	22	TabContentType	PanelType	T	
Sources/TabSheetDetail.swift	154	TabContentType	PanelType	T	
Sources/TabSheetDetail.swift	154	tabType	panelType	L	tabType: TabContentType
Sources/TabSheetDetail.swift	155	tabType	panelType	L	tabType: TabContentType
Sources/TabSheetDetail.swift	362	TabMetadataStore	PanelMetadataStore	T	
Sources/TabSheetDetail.swift	378	tabTitles	panelTitles	Muse	
Sources/TabSheetDetail.swift	394	TabActivityTracker	PanelActivityTracker	T	
Sources/TabSheetDetail.swift	422	tabDirectories	panelDirectories	Muse	
Sources/TabSheetDetail.swift	423	BrowserTab	BrowserPanel	T	
Sources/TabSheetDetail.swift	424	MarkdownTab	MarkdownPanel	T	
Sources/TabSheetDetail.swift	434	TabSeenTracker	PanelSeenTracker	T	
Sources/TabSheetDetail.swift	435	TabSeenTracker	PanelSeenTracker	T	
Sources/TabSheetDetail.swift	456	TabContent	Panel	T	
Sources/TabSheetDetail.swift	462	TerminalTab	TerminalPanel	T	
Sources/TabSheetDetail.swift	469	tabShellEdgeAt	panelShellEdgeAt	Muse	
Sources/TabSheetDetail.swift	485	MarkdownTab	MarkdownPanel	T	
Sources/TabSheetDetail.swift	487	BrowserTab	BrowserPanel	T	
Sources/TabSheetDetail.swift	531	TabActivityTracker	PanelActivityTracker	T	
Sources/Tabs/BrowserPopupWindowController.swift	72	BrowserTab	BrowserPanel	T	
Sources/Tabs/BrowserPopupWindowController.swift	87	BrowserTab	BrowserPanel	T	
Sources/Tabs/BrowserTab.swift	2170	BrowserTab	BrowserPanel	T	
Sources/Tabs/BrowserTab.swift	2170	TabContent	Panel	T	
Sources/Tabs/BrowserTab.swift	2320	TabContentType	PanelType	T	
Sources/Tabs/BrowserTab.swift	2336	TabLifecycleController	PanelLifecycleController	T	
Sources/Tabs/BrowserTab.swift	2341	TabLifecycleState	PanelLifecycleState	T	
Sources/Tabs/BrowserTab.swift	2645	BrowserTabFocusIntent	BrowserPanelFocusIntent	T	
Sources/Tabs/BrowserTab.swift	2955	BrowserTab	BrowserPanel	T	
Sources/Tabs/BrowserTab.swift	3011	TabManifestViewerWindowController	PanelManifestViewerWindowController	T	
Sources/Tabs/BrowserTab.swift	3038	TabMetricsSampler	PanelMetricsSampler	T	
Sources/Tabs/BrowserTab.swift	3280	TabLifecycleState	PanelLifecycleState	T	
Sources/Tabs/BrowserTab.swift	3281	TabLifecycleController	PanelLifecycleController	T	
Sources/Tabs/BrowserTab.swift	3300	TabMetricsSampler	PanelMetricsSampler	T	
Sources/Tabs/BrowserTab.swift	3445	TabLifecycleState	PanelLifecycleState	T	
Sources/Tabs/BrowserTab.swift	3446	TabLifecycleState	PanelLifecycleState	T	
Sources/Tabs/BrowserTab.swift	3990	TabMetricsSampler	PanelMetricsSampler	T	
Sources/Tabs/BrowserTab.swift	4842	BrowserTab	BrowserPanel	T	
Sources/Tabs/BrowserTab.swift	4987	BrowserTab	BrowserPanel	T	
Sources/Tabs/BrowserTab.swift	5964	TabFocusIntent	PanelFocusIntent	T	
Sources/Tabs/BrowserTab.swift	5981	TabFocusIntent	PanelFocusIntent	T	
Sources/Tabs/BrowserTab.swift	5991	TabFocusIntent	PanelFocusIntent	T	
Sources/Tabs/BrowserTab.swift	6015	TabFocusIntent	PanelFocusIntent	T	
Sources/Tabs/BrowserTab.swift	6039	TabFocusIntent	PanelFocusIntent	T	
Sources/Tabs/BrowserTab.swift	6056	TabFocusIntent	PanelFocusIntent	T	
Sources/Tabs/BrowserTab.swift	6338	BrowserTab	BrowserPanel	T	
Sources/Tabs/BrowserTab.swift	6423	BrowserTab	BrowserPanel	T	
Sources/Tabs/BrowserTab.swift	6513	BrowserTab	BrowserPanel	T	
Sources/Tabs/BrowserTab.swift	6601	BrowserTab	BrowserPanel	T	
Sources/Tabs/BrowserTabView.swift	276	BrowserTabView	BrowserPanelView	T	
Sources/Tabs/BrowserTabView.swift	277	BrowserTab	BrowserPanel	T	
Sources/Tabs/BrowserTabView.swift	285	onRequestTabFocus	onRequestPanelFocus	M	owner=BrowserTabView; let onRequestTabFocus: () -> Void
Sources/Tabs/BrowserTabView.swift	621	handleTabFocusChange	handlePanelFocusChange	Muse	
Sources/Tabs/BrowserTabView.swift	675	onRequestTabFocus	onRequestPanelFocus	Muse	
Sources/Tabs/BrowserTabView.swift	713	syncURLFromTab	syncURLFromPanel	Muse	
Sources/Tabs/BrowserTabView.swift	726	syncURLFromTab	syncURLFromPanel	Muse	
Sources/Tabs/BrowserTabView.swift	774	handleTabFocusChange	handlePanelFocusChange	M	owner=BrowserTabView; func handleTabFocusChange(_ focused: Bool)
Sources/Tabs/BrowserTabView.swift	819	onRequestTabFocus	onRequestPanelFocus	Muse	
Sources/Tabs/BrowserTabView.swift	1354	onRequestTabFocus	onRequestPanelFocus	Muse	
Sources/Tabs/BrowserTabView.swift	1502	isTabFocusedInModel	isPanelFocusedInModel	M	owner=BrowserTabView; func isTabFocusedInModel() -> Bool
Sources/Tabs/BrowserTabView.swift	1513	isTabFocusedInModel	isPanelFocusedInModel	Muse	
Sources/Tabs/BrowserTabView.swift	1547	syncURLFromTab	syncURLFromPanel	M	owner=BrowserTabView; func syncURLFromTab()
Sources/Tabs/BrowserTabView.swift	1553	isCommandPaletteVisibleForTabWindow	isCommandPaletteVisibleForPanelWindow	M	owner=BrowserTabView; func isCommandPaletteVisibleForTabWindow() -> Bool
Sources/Tabs/BrowserTabView.swift	1599	isCommandPaletteVisibleForTabWindow	isCommandPaletteVisibleForPanelWindow	Muse	
Sources/Tabs/BrowserTabView.swift	1828	isCommandPaletteVisibleForTabWindow	isCommandPaletteVisibleForPanelWindow	Muse	
Sources/Tabs/BrowserTabView.swift	1910	onRequestTabFocus	onRequestPanelFocus	Muse	
Sources/Tabs/BrowserTabView.swift	2187	BrowserTab	BrowserPanel	T	
Sources/Tabs/BrowserTabView.swift	2192	BrowserTab	BrowserPanel	T	
Sources/Tabs/BrowserTabView.swift	2192	browserTab	browserPanel	L	let browserTab = anyPanel as? BrowserTab else { continue }
Sources/Tabs/BrowserTabView.swift	2193	browserTab	browserPanel	L	let browserTab = anyPanel as? BrowserTab else { continue }
Sources/Tabs/BrowserTabView.swift	2242	BrowserTab	BrowserPanel	T	
Sources/Tabs/BrowserTabView.swift	2242	browserTab	browserPanel	L	let browserTab = anyPanel as? BrowserTab else { continue }
Sources/Tabs/BrowserTabView.swift	2243	browserTab	browserPanel	L	let browserTab = anyPanel as? BrowserTab else { continue }
Sources/Tabs/BrowserTabView.swift	2250	browserTab	browserPanel	L	let browserTab = anyPanel as? BrowserTab else { continue }
Sources/Tabs/BrowserTabView.swift	4471	BrowserTab	BrowserPanel	T	
Sources/Tabs/BrowserTabView.swift	4485	BrowserTab	BrowserPanel	T	
Sources/Tabs/BrowserTabView.swift	5887	BrowserTab	BrowserPanel	T	
Sources/Tabs/BrowserTabView.swift	6446	BrowserTab	BrowserPanel	T	
Sources/Tabs/BrowserTabView.swift	6510	BrowserTab	BrowserPanel	T	
Sources/Tabs/MarkdownTab.swift	25	MarkdownTab	MarkdownPanel	T	
Sources/Tabs/MarkdownTab.swift	25	TabContent	Panel	T	
Sources/Tabs/MarkdownTab.swift	28	TabContentType	PanelType	T	
Sources/Tabs/MarkdownTabView.swift	7	MarkdownTabView	MarkdownPanelView	T	
Sources/Tabs/MarkdownTabView.swift	8	MarkdownTab	MarkdownPanel	T	
Sources/Tabs/MarkdownTabView.swift	13	onRequestTabFocus	onRequestPanelFocus	M	owner=MarkdownTabView; let onRequestTabFocus: () -> Void
Sources/Tabs/MarkdownTabView.swift	38	TabManifestViewerWindowController	PanelManifestViewerWindowController	T	
Sources/Tabs/MarkdownTabView.swift	58	onRequestTabFocus	onRequestPanelFocus	Muse	
Sources/Tabs/MarkdownTabView.swift	226	presentOpenMarkdownTab	presentOpenMarkdownPanel	Muse	
Sources/Tabs/MarkdownTabView.swift	261	presentOpenMarkdownTab	presentOpenMarkdownPanel	M	owner=MarkdownTabView; func presentOpenMarkdownTab()
Sources/Tabs/MarkdownTabView.swift	513	MarkdownTabPointerObserverView	MarkdownPanelPointerObserverView	T	
Sources/Tabs/MarkdownTabView.swift	514	MarkdownTabPointerObserverView	MarkdownPanelPointerObserverView	T	
Sources/Tabs/MarkdownTabView.swift	519	MarkdownTabPointerObserverView	MarkdownPanelPointerObserverView	T	
Sources/Tabs/MarkdownTabView.swift	524	MarkdownTabPointerObserverView	MarkdownPanelPointerObserverView	T	
Sources/Tabs/TabContent.swift	6	TabContentType	PanelType	T	
Sources/Tabs/TabContent.swift	12	TerminalTabFocusIntent	TerminalPanelFocusIntent	T	
Sources/Tabs/TabContent.swift	17	BrowserTabFocusIntent	BrowserPanelFocusIntent	T	
Sources/Tabs/TabContent.swift	23	TabFocusIntent	PanelFocusIntent	T	
Sources/Tabs/TabContent.swift	25	TerminalTabFocusIntent	TerminalPanelFocusIntent	T	
Sources/Tabs/TabContent.swift	26	BrowserTabFocusIntent	BrowserPanelFocusIntent	T	
Sources/Tabs/TabContent.swift	78	TabContent	Panel	T	
Sources/Tabs/TabContent.swift	87	TabContentType	PanelType	T	
Sources/Tabs/TabContent.swift	117	TabFocusIntent	PanelFocusIntent	T	
Sources/Tabs/TabContent.swift	120	TabFocusIntent	PanelFocusIntent	T	
Sources/Tabs/TabContent.swift	123	TabFocusIntent	PanelFocusIntent	T	
Sources/Tabs/TabContent.swift	127	TabFocusIntent	PanelFocusIntent	T	
Sources/Tabs/TabContent.swift	130	TabFocusIntent	PanelFocusIntent	T	
Sources/Tabs/TabContent.swift	134	TabFocusIntent	PanelFocusIntent	T	
Sources/Tabs/TabContent.swift	138	TabContent	Panel	T	
Sources/Tabs/TabContent.swift	149	TabFocusIntent	PanelFocusIntent	T	
Sources/Tabs/TabContent.swift	154	TabFocusIntent	PanelFocusIntent	T	
Sources/Tabs/TabContent.swift	158	TabFocusIntent	PanelFocusIntent	T	
Sources/Tabs/TabContent.swift	163	TabFocusIntent	PanelFocusIntent	T	
Sources/Tabs/TabContent.swift	169	TabFocusIntent	PanelFocusIntent	T	
Sources/Tabs/TabContent.swift	176	TabFocusIntent	PanelFocusIntent	T	
Sources/Tabs/TabContentView.swift	6	TabContentView	PanelContentView	T	
Sources/Tabs/TabContentView.swift	8	TabContent	Panel	T	
Sources/Tabs/TabContentView.swift	15	TabAppearance	PanelAppearance	T	
Sources/Tabs/TabContentView.swift	18	onRequestTabFocus	onRequestPanelFocus	M	owner=TabContentView; let onRequestTabFocus: () -> Void
Sources/Tabs/TabContentView.swift	23	tabTitleBarState	panelTitleBarState	Muse	
Sources/Tabs/TabContentView.swift	25	TabTitleBarView	PanelTitleBarView	T	
Sources/Tabs/TabContentView.swift	38	TerminalTab	TerminalPanel	T	
Sources/Tabs/TabContentView.swift	38	terminalTab	terminalPanel	L	let terminalTab = panel as? TerminalTab {
Sources/Tabs/TabContentView.swift	39	TerminalTabView	TerminalPanelView	T	
Sources/Tabs/TabContentView.swift	40	terminalTab	terminalPanel	L	let terminalTab = panel as? TerminalTab {
Sources/Tabs/TabContentView.swift	43	tabTitleBarState	panelTitleBarState	Muse	
Sources/Tabs/TabContentView.swift	43	terminalTab	terminalPanel	L	let terminalTab = panel as? TerminalTab {
Sources/Tabs/TabContentView.swift	55	BrowserTab	BrowserPanel	T	
Sources/Tabs/TabContentView.swift	55	browserTab	browserPanel	L	let browserTab = panel as? BrowserTab {
Sources/Tabs/TabContentView.swift	56	BrowserTabView	BrowserPanelView	T	
Sources/Tabs/TabContentView.swift	57	browserTab	browserPanel	L	let browserTab = panel as? BrowserTab {
Sources/Tabs/TabContentView.swift	63	onRequestTabFocus	onRequestPanelFocus	Muse	
Sources/Tabs/TabContentView.swift	67	MarkdownTab	MarkdownPanel	T	
Sources/Tabs/TabContentView.swift	67	markdownTab	markdownPanel	Muse	
Sources/Tabs/TabContentView.swift	68	MarkdownTabView	MarkdownPanelView	T	
Sources/Tabs/TabContentView.swift	69	markdownTab	markdownPanel	Muse	
Sources/Tabs/TabContentView.swift	73	onRequestTabFocus	onRequestPanelFocus	Muse	
Sources/Tabs/TerminalTab.swift	9	TabContent	Panel	T	
Sources/Tabs/TerminalTab.swift	9	TerminalTab	TerminalPanel	T	
Sources/Tabs/TerminalTab.swift	14	TabContentType	PanelType	T	
Sources/Tabs/TerminalTab.swift	67	TabLifecycleController	PanelLifecycleController	T	
Sources/Tabs/TerminalTab.swift	176	TabLifecycleController	PanelLifecycleController	T	
Sources/Tabs/TerminalTab.swift	198	TabMetricsSampler	PanelMetricsSampler	T	
Sources/Tabs/TerminalTab.swift	339	TabMetricsSampler	PanelMetricsSampler	T	
Sources/Tabs/TerminalTab.swift	397	TabFocusIntent	PanelFocusIntent	T	
Sources/Tabs/TerminalTab.swift	401	TabFocusIntent	PanelFocusIntent	T	
Sources/Tabs/TerminalTab.swift	405	TabFocusIntent	PanelFocusIntent	T	
Sources/Tabs/TerminalTab.swift	411	TabFocusIntent	PanelFocusIntent	T	
Sources/Tabs/TerminalTab.swift	423	TabFocusIntent	PanelFocusIntent	T	
Sources/Tabs/TerminalTab.swift	430	TabFocusIntent	PanelFocusIntent	T	
Sources/Tabs/TerminalTabView.swift	6	TerminalTabView	TerminalPanelView	T	
Sources/Tabs/TerminalTabView.swift	7	TerminalTab	TerminalPanel	T	
Sources/Tabs/TerminalTabView.swift	26	TabAppearance	PanelAppearance	T	
Sources/Tabs/TerminalTabView.swift	84	TabMetadataStore	PanelMetadataStore	T	
Sources/Tabs/TerminalTabView.swift	160	TabAppearance	PanelAppearance	T	
Sources/Tabs/TerminalTabView.swift	165	TabAppearance	PanelAppearance	T	
Sources/Tabs/TerminalTabView.swift	166	TabAppearance	PanelAppearance	T	
Sources/TerminalController.swift	183	callerTabId	callerPanelId	T	
Sources/TerminalController.swift	192	callerTabId	callerPanelId	T	
Sources/TerminalController.swift	195	callerTabId	callerPanelId	T	
Sources/TerminalController.swift	282	TabShellActivityState	PanelShellActivityState	T	
Sources/TerminalController.swift	717	callerTabId	callerPanelId	T	
Sources/TerminalController.swift	846	SocketTabKey	SocketPanelKey	T	
Sources/TerminalController.swift	853	SocketTabKey	SocketPanelKey	T	
Sources/TerminalController.swift	854	SocketTabKey	SocketPanelKey	T	
Sources/TerminalController.swift	854	TabShellActivityState	PanelShellActivityState	T	
Sources/TerminalController.swift	859	SocketTabKey	SocketPanelKey	T	
Sources/TerminalController.swift	875	TabShellActivityState	PanelShellActivityState	T	
Sources/TerminalController.swift	877	SocketTabKey	SocketPanelKey	T	
Sources/TerminalController.swift	996	TabShellActivityState	PanelShellActivityState	T	
Sources/TerminalController.swift	1610	tabListeningPorts	panelListeningPorts	Muse	
Sources/TerminalController.swift	2281	tabId	panelId	L	for (tabId, tty) in workspace.tabTTYNames
Sources/TerminalController.swift	2281	tabTTYNames	panelTTYNames	Muse	
Sources/TerminalController.swift	2283	tabId	panelId	L	for (tabId, tty) in workspace.tabTTYNames
Sources/TerminalController.swift	2288	callerTabId	callerPanelId	T	
Sources/TerminalController.swift	2663	tabTTYNames	panelTTYNames	Muse	
Sources/TerminalController.swift	2668	BrowserTab	BrowserPanel	T	
Sources/TerminalController.swift	2668	browserTab	browserPanel	L	let browserTab = panel as? BrowserTab {
Sources/TerminalController.swift	2669	browserTab	browserPanel	L	let browserTab = panel as? BrowserTab {
Sources/TerminalController.swift	2673	MarkdownTab	MarkdownPanel	T	
Sources/TerminalController.swift	2673	markdownTab	markdownPanel	Muse	
Sources/TerminalController.swift	2674	markdownTab	markdownPanel	Muse	
Sources/TerminalController.swift	2727	selectedTabUUID	selectedPanelUUID	L	let selectedTabUUID = selectedBonsplitTab.flatMap { workspace.tabIdFromBonsplitTabId($0.id) }
Sources/TerminalController.swift	2759	selectedTabUUID	selectedPanelUUID	L	let selectedTabUUID = selectedBonsplitTab.flatMap { workspace.tabIdFromBonsplitTabId($0.id) }
Sources/TerminalController.swift	2760	selectedTabUUID	selectedPanelUUID	L	let selectedTabUUID = selectedBonsplitTab.flatMap { workspace.tabIdFromBonsplitTabId($0.id) }
Sources/TerminalController.swift	2986	TabHandleInfo	PanelHandleInfo	T	
Sources/TerminalController.swift	2987	tabRef	panelRef	Muse	
Sources/TerminalController.swift	2988	tabRef	panelRef	Muse	
Sources/TerminalController.swift	3007	tabTTYNames	panelTTYNames	Muse	
Sources/TerminalController.swift	3008	tabDirectories	panelDirectories	Muse	
Sources/TerminalController.swift	3010	BrowserTab	BrowserPanel	T	
Sources/TerminalController.swift	3013	MarkdownTab	MarkdownPanel	T	
Sources/TerminalController.swift	3020	TabMetadataStore	PanelMetadataStore	T	
Sources/TerminalController.swift	3026	TabHandleInfo	PanelHandleInfo	T	
Sources/TerminalController.swift	3028	tabRef	panelRef	Muse	
Sources/TerminalController.swift	3136	SocketTabRefValidator	SocketPanelRefValidator	T	
Sources/TerminalController.swift	3141	SocketTabRefValidator	SocketPanelRefValidator	T	
Sources/TerminalController.swift	3229	SocketTabRefValidator	SocketPanelRefValidator	T	
Sources/TerminalController.swift	3296	TabContentType	PanelType	T	
Sources/TerminalController.swift	3298	TabContentType	PanelType	T	
Sources/TerminalController.swift	3305	TabContentType	PanelType	T	
Sources/TerminalController.swift	3306	TabTypeAvailability	PanelTypeAvailability	T	
Sources/TerminalController.swift	3309	TabTypeAvailability	PanelTypeAvailability	T	
Sources/TerminalController.swift	3587	TabSendPhaseAResolved	PanelSendPhaseAResolved	T	
Sources/TerminalController.swift	3590	TerminalTab	TerminalPanel	T	
Sources/TerminalController.swift	3595	tabIdString	panelIdString	M	owner=TabSendPhaseAResolved; let tabIdString: String
Sources/TerminalController.swift	3596	callerTabId	callerPanelId	T	
Sources/TerminalController.swift	3602	TabSendPhaseAOutcome	PanelSendPhaseAOutcome	T	
Sources/TerminalController.swift	3603	TabSendPhaseAResolved	PanelSendPhaseAResolved	T	
Sources/TerminalController.swift	3608	TabSendPhaseAOutcome	PanelSendPhaseAOutcome	T	
Sources/TerminalController.swift	3634	SocketTabRefValidator	SocketPanelRefValidator	T	
Sources/TerminalController.swift	3634	tabRefState	panelRefState	L	let tabRefState = SocketTabRefValidator.classify(params["surface_id"])
Sources/TerminalController.swift	3637	tabRefState	panelRefState	L	let tabRefState = SocketTabRefValidator.classify(params["surface_id"])
Sources/TerminalController.swift	3640	SocketTabRefValidator	SocketPanelRefValidator	T	
Sources/TerminalController.swift	3682	callerTabId	callerPanelId	T	
Sources/TerminalController.swift	3684	callerTabId	callerPanelId	T	
Sources/TerminalController.swift	3687	callerTabId	callerPanelId	T	
Sources/TerminalController.swift	3691	callerTabId	callerPanelId	T	
Sources/TerminalController.swift	3693	callerTabId	callerPanelId	T	
Sources/TerminalController.swift	3697	callerTabId	callerPanelId	T	
Sources/TerminalController.swift	3698	callerTabId	callerPanelId	T	
Sources/TerminalController.swift	3714	TabSendPhaseAResolved	PanelSendPhaseAResolved	T	
Sources/TerminalController.swift	3722	tabIdString	panelIdString	Muse	
Sources/TerminalController.swift	3723	callerTabId	callerPanelId	T	
Sources/TerminalController.swift	3734	LegacyTabSendTarget	LegacyPanelSendTarget	T	
Sources/TerminalController.swift	3735	TerminalTab	TerminalPanel	T	
Sources/TerminalController.swift	3746	LegacyTabSendTargetOutcome	LegacyPanelSendTargetOutcome	T	
Sources/TerminalController.swift	3747	LegacyTabSendTarget	LegacyPanelSendTarget	T	
Sources/TerminalController.swift	3752	LegacyTabSendTargetOutcome	LegacyPanelSendTargetOutcome	T	
Sources/TerminalController.swift	3758	terminalTab	terminalPanel	L	let terminalTab = workspace.focusedTerminalTab else {
Sources/TerminalController.swift	3761	terminalTab	terminalPanel	L	let terminalTab = workspace.focusedTerminalTab else {
Sources/TerminalController.swift	3764	LegacyTabSendTarget	LegacyPanelSendTarget	T	
Sources/TerminalController.swift	3765	terminalTab	terminalPanel	L	let terminalTab = workspace.focusedTerminalTab else {
Sources/TerminalController.swift	3767	terminalTab	terminalPanel	L	let terminalTab = workspace.focusedTerminalTab else {
Sources/TerminalController.swift	3768	terminalTab	terminalPanel	L	let terminalTab = workspace.focusedTerminalTab else {
Sources/TerminalController.swift	3774	focusedTerminalTab	focusedTerminalPanel	Muse	
Sources/TerminalController.swift	3774	terminalTab	terminalPanel	L	let terminalTab = workspace.focusedTerminalTab else {
Sources/TerminalController.swift	3777	LegacyTabSendTarget	LegacyPanelSendTarget	T	
Sources/TerminalController.swift	3778	terminalTab	terminalPanel	L	let terminalTab = workspace.focusedTerminalTab else {
Sources/TerminalController.swift	3780	terminalTab	terminalPanel	L	let terminalTab = workspace.focusedTerminalTab else {
Sources/TerminalController.swift	3781	terminalTab	terminalPanel	L	let terminalTab = workspace.focusedTerminalTab else {
Sources/TerminalController.swift	3788	LegacyTabSendTargetOutcome	LegacyPanelSendTargetOutcome	T	
Sources/TerminalController.swift	3796	LegacyTabSendTargetOutcome	LegacyPanelSendTargetOutcome	T	
Sources/TerminalController.swift	3805	LegacyTabSendOperation	LegacyPanelSendOperation	T	
Sources/TerminalController.swift	3813	LegacyTabSendOperation	LegacyPanelSendOperation	T	
Sources/TerminalController.swift	3873	callerTabId	callerPanelId	T	
Sources/TerminalController.swift	3893	TerminalTab	TerminalPanel	T	
Sources/TerminalController.swift	3893	terminalTab	terminalPanel	L	terminalTab: TerminalTab
Sources/TerminalController.swift	3903	terminalTab	terminalPanel	L	terminalTab: TerminalTab
Sources/TerminalController.swift	3904	terminalTab	terminalPanel	L	terminalTab: TerminalTab
Sources/TerminalController.swift	3945	terminalTab	terminalPanel	L	terminalTab: TerminalTab
Sources/TerminalController.swift	4104	TerminalTab	TerminalPanel	T	
Sources/TerminalController.swift	4104	terminalPanel terminalTab	terminalPanel	L	terminalTab: TerminalTab
Sources/TerminalController.swift	4105	terminalTab	terminalPanel	L	terminalTab: TerminalTab
Sources/TerminalController.swift	4243	TerminalTab	TerminalPanel	T	
Sources/TerminalController.swift	4243	terminalPanel terminalTab	terminalPanel	L	terminalTab: TerminalTab
Sources/TerminalController.swift	4253	terminalTab	terminalPanel	L	terminalTab: TerminalTab
Sources/TerminalController.swift	4284	TerminalTab	TerminalPanel	T	
Sources/TerminalController.swift	4284	terminalPanel terminalTab	terminalPanel	L	terminalTab: TerminalTab
Sources/TerminalController.swift	4290	terminalTab	terminalPanel	L	terminalTab: TerminalTab
Sources/TerminalController.swift	4297	terminalTab	terminalPanel	L	terminalTab: TerminalTab
Sources/TerminalController.swift	4314	TerminalTab	TerminalPanel	T	
Sources/TerminalController.swift	4314	terminalPanel terminalTab	terminalPanel	L	terminalTab: TerminalTab
Sources/TerminalController.swift	4319	terminalTab	terminalPanel	L	terminalTab: TerminalTab
Sources/TerminalController.swift	4354	TabMetadataStore	PanelMetadataStore	T	
Sources/TerminalController.swift	4397	TabRecord	PanelRecord	T	
Sources/TerminalController.swift	4413	TabMetadataStore	PanelMetadataStore	T	
Sources/TerminalController.swift	4526	TabMetadataStore	PanelMetadataStore	T	
Sources/TerminalController.swift	4604	TerminalTab	TerminalPanel	T	
Sources/TerminalController.swift	4604	terminalTab	terminalPanel	L	let terminalTab = panel as? TerminalTab else {
Sources/TerminalController.swift	4611	terminalTab	terminalPanel	L	let terminalTab = panel as? TerminalTab else {
Sources/TerminalController.swift	4827	TabMetadataStore	PanelMetadataStore	T	
Sources/TerminalController.swift	5593	focusedTerminalTab	focusedTerminalPanel	Muse	
Sources/TerminalController.swift	5593	terminalTab	terminalPanel	L	let terminalTab = workspace.focusedTerminalTab
Sources/TerminalController.swift	5594	TerminalTab	TerminalPanel	T	
Sources/TerminalController.swift	5595	terminalTab	terminalPanel	L	let terminalTab = workspace.focusedTerminalTab
Sources/TerminalController.swift	5600	terminalTab	terminalPanel	L	let terminalTab = workspace.focusedTerminalTab
Sources/TerminalController.swift	6566	TabSnapshotState	PanelSnapshotState	T	
Sources/TerminalController.swift	6576	TabSnapshotState	PanelSnapshotState	T	
Sources/TerminalController.swift	6602	TabSnapshotState	PanelSnapshotState	T	
Sources/TerminalController.swift	6629	TabSnapshotState	PanelSnapshotState	T	
Sources/TerminalController.swift	6632	TabSnapshotState	PanelSnapshotState	T	
Sources/TerminalController.swift	6750	LayoutDebugSelectedTab	LayoutDebugSelectedPanel	T	
Sources/TerminalController.swift	6787	LayoutDebugSelectedTab	LayoutDebugSelectedPanel	T	
Sources/TerminalController.swift	6875	LayoutDebugSelectedTab	LayoutDebugSelectedPanel	T	
Sources/TerminalController.swift	6875	selectedTabs	selectedPanels	L	selectedTabs: [LayoutDebugSelectedTab]
Sources/TerminalController.swift	6881	LayoutDebugSelectedTab	LayoutDebugSelectedPanel	T	
Sources/TerminalController.swift	6894	tabId	panelId	L	let tabId = workspace.tabIdFromBonsplitTabId(selectedBonsplitTab.id),
Sources/TerminalController.swift	6895	tabId	panelId	L	let tabId = workspace.tabIdFromBonsplitTabId(selectedBonsplitTab.id),
Sources/TerminalController.swift	6896	LayoutDebugSelectedTab	LayoutDebugSelectedPanel	T	
Sources/TerminalController.swift	6909	TerminalTab	TerminalPanel	T	
Sources/TerminalController.swift	6912	LayoutDebugSelectedTab	LayoutDebugSelectedPanel	T	
Sources/TerminalController.swift	6916	tabId	panelId	L	let tabId = workspace.tabIdFromBonsplitTabId(selectedBonsplitTab.id),
Sources/TerminalController.swift	6925	BrowserTab	BrowserPanel	T	
Sources/TerminalController.swift	6928	LayoutDebugSelectedTab	LayoutDebugSelectedPanel	T	
Sources/TerminalController.swift	6932	tabId	panelId	L	let tabId = workspace.tabIdFromBonsplitTabId(selectedBonsplitTab.id),
Sources/TerminalController.swift	6941	LayoutDebugSelectedTab	LayoutDebugSelectedPanel	T	
Sources/TerminalController.swift	6945	tabId	panelId	L	let tabId = workspace.tabIdFromBonsplitTabId(selectedBonsplitTab.id),
Sources/TerminalController.swift	6956	selectedTabs	selectedPanels	L	selectedTabs: [LayoutDebugSelectedTab]
Sources/TerminalController.swift	7106	TabContent	Panel	T	
Sources/TerminalController.swift	7111	TabContent	Panel	T	
Sources/TerminalController.swift	7130	TerminalTab	TerminalPanel	T	
Sources/TerminalController.swift	7143	TerminalTab	TerminalPanel	T	
Sources/TerminalController.swift	7154	TerminalTab	TerminalPanel	T	
Sources/TerminalController.swift	7154	terminalTab	terminalPanel	L	terminalTab: TerminalTab
Sources/TerminalController.swift	7155	terminalTab	terminalPanel	L	terminalTab: TerminalTab
Sources/TerminalController.swift	7157	terminalTab	terminalPanel	L	terminalTab: TerminalTab
Sources/TerminalController.swift	7196	terminalTab	terminalPanel	L	terminalTab: TerminalTab
Sources/TerminalController.swift	7305	TabLivenessDeriver	PanelLivenessDeriver	T	
Sources/TerminalController.swift	7693	focusedTerminalTab	focusedTerminalPanel	Muse	
Sources/TerminalController.swift	7693	terminalTab	terminalPanel	L	let terminalTab = workspace.focusedTerminalTab else {
Sources/TerminalController.swift	7699	terminalTab	terminalPanel	L	let terminalTab = workspace.focusedTerminalTab else {
Sources/TerminalController.swift	7804	TerminalTab	TerminalPanel	T	
Sources/TerminalController.swift	7805	TerminalTab	TerminalPanel	T	
Sources/TerminalController.swift	7805	selectedTerminalTab	selectedTerminalPanel	Muse	
Sources/TerminalController.swift	7807	tabId	panelId	L	let tabId = workspace.tabIdFromBonsplitTabId(selectedBonsplitTab.id),
Sources/TerminalController.swift	7808	TerminalTab	TerminalPanel	T	
Sources/TerminalController.swift	7808	tabId	panelId	L	let tabId = workspace.tabIdFromBonsplitTabId(selectedBonsplitTab.id),
Sources/TerminalController.swift	7808	terminalTab	terminalPanel	L	let terminalTab = workspace.panels[tabId] as? TerminalTab else {
Sources/TerminalController.swift	7811	terminalTab	terminalPanel	L	let terminalTab = workspace.panels[tabId] as? TerminalTab else {
Sources/TerminalController.swift	7814	TerminalTab	TerminalPanel	T	
Sources/TerminalController.swift	7814	terminalTab	terminalPanel	L	let terminalTab = workspace.panels[tabId] as? TerminalTab else {
Sources/TerminalController.swift	7815	terminalTab	terminalPanel	L	let terminalTab = workspace.panels[tabId] as? TerminalTab else {
Sources/TerminalController.swift	7824	selectedTerminalTab	selectedTerminalPanel	Muse	
Sources/TerminalController.swift	7824	terminalTab	terminalPanel	L	let terminalTab = workspace.panels[tabId] as? TerminalTab else {
Sources/TerminalController.swift	7825	terminalTab	terminalPanel	L	let terminalTab = workspace.panels[tabId] as? TerminalTab else {
Sources/TerminalController.swift	7828	lastRememberedTerminalTabForConfigInheritance	lastRememberedTerminalPanelForConfigInheritance	Muse	
Sources/TerminalController.swift	7834	selectedTerminalTab	selectedTerminalPanel	Muse	
Sources/TerminalController.swift	7834	terminalTab	terminalPanel	L	let terminalTab = workspace.panels[tabId] as? TerminalTab else {
Sources/TerminalController.swift	7835	terminalTab	terminalPanel	L	let terminalTab = workspace.panels[tabId] as? TerminalTab else {
Sources/TerminalController.swift	7881	focusedTerminalTab	focusedTerminalPanel	Muse	
Sources/TerminalController.swift	7881	terminalTab	terminalPanel	L	let terminalTab = workspace.focusedTerminalTab else {
Sources/TerminalController.swift	7887	terminalTab	terminalPanel	L	let terminalTab = workspace.focusedTerminalTab else {
Sources/TerminalController.swift	7895	terminalTab	terminalPanel	L	let terminalTab = workspace.focusedTerminalTab else {
Sources/TerminalController.swift	8365	TabContentType	PanelType	T	
Sources/TerminalController.swift	8365	tabType	panelType	L	var tabType: TabContentType = .terminal
Sources/TerminalController.swift	8375	tabType	panelType	L	var tabType: TabContentType = .terminal
Sources/TerminalController.swift	8393	TabTypeAvailability	PanelTypeAvailability	T	
Sources/TerminalController.swift	8393	tabType	panelType	L	var tabType: TabContentType = .terminal
Sources/TerminalController.swift	8394	TabTypeAvailability	PanelTypeAvailability	T	
Sources/TerminalController.swift	8394	tabType	panelType	L	var tabType: TabContentType = .terminal
Sources/TerminalController.swift	8410	tabType	panelType	L	var tabType: TabContentType = .terminal
Sources/TerminalController.swift	8589	SocketTabRefValidator	SocketPanelRefValidator	T	
Sources/TerminalController.swift	8778	TabMetadataStore	PanelMetadataStore	T	
Sources/TerminalController.swift	9192	TabMetadataStore	PanelMetadataStore	T	
Sources/TerminalController.swift	9336	tabPullRequests	panelPullRequests	Muse	
Sources/TerminalController.swift	9418	tabListeningPorts	panelListeningPorts	Muse	
Sources/TerminalController.swift	9584	TabLivenessDeriver	PanelLivenessDeriver	T	
Sources/TerminalController.swift	9617	TabLivenessDeriver	PanelLivenessDeriver	T	
Sources/TerminalController.swift	9654	tabListeningPorts	panelListeningPorts	Muse	
Sources/TerminalController.swift	9656	tabListeningPorts	panelListeningPorts	Muse	
Sources/TerminalController.swift	9684	tabTTYNames	panelTTYNames	Muse	
Sources/TerminalController.swift	9692	TabMetricsSampler	PanelMetricsSampler	T	
Sources/TerminalController.swift	9743	tabTTYNames	panelTTYNames	Muse	
Sources/TerminalController.swift	9750	TabMetricsSampler	PanelMetricsSampler	T	
Sources/TerminalController.swift	9867	tabDirectories	panelDirectories	Muse	
Sources/TerminalController.swift	10008	TerminalTab	TerminalPanel	T	
Sources/TerminalController.swift	10008	terminalTab	terminalPanel	L	let terminalTab = panel as? TerminalTab {
Sources/TerminalController.swift	10009	terminalTab	terminalPanel	L	let terminalTab = panel as? TerminalTab {
Sources/TerminalController.swift	10049	TerminalTab	TerminalPanel	T	
Sources/TerminalController.swift	10054	BrowserTab	BrowserPanel	T	
Sources/TerminalController.swift	10108	TabContentType	PanelType	T	
Sources/TerminalController.swift	10108	tabType	panelType	L	var tabType: TabContentType = .terminal
Sources/TerminalController.swift	10117	tabType	panelType	L	var tabType: TabContentType = .terminal
Sources/TerminalController.swift	10126	TabTypeAvailability	PanelTypeAvailability	T	
Sources/TerminalController.swift	10126	tabType	panelType	L	var tabType: TabContentType = .terminal
Sources/TerminalController.swift	10127	TabTypeAvailability	PanelTypeAvailability	T	
Sources/TerminalController.swift	10127	tabType	panelType	L	var tabType: TabContentType = .terminal
Sources/TerminalController.swift	10159	tabType	panelType	L	var tabType: TabContentType = .terminal
Sources/TerminalController.swift	10414	callerTabId	callerPanelId	T	
Sources/TerminalController.swift	10487	TerminalTab	TerminalPanel	T	
Sources/TerminalController.swift	10487	targetTab	targetPanel	L	targetTab: TerminalTab?
Sources/TerminalController.swift	10490	targetTab	targetPanel	L	targetTab: TerminalTab?
Sources/TerminalController.swift	10494	targetTab	targetPanel	L	targetTab: TerminalTab?
Sources/TerminalNotificationStore.swift	719	WorkspaceTabKey	WorkspacePanelKey	T	
Sources/TerminalNotificationStore.swift	727	WorkspaceTabKey	WorkspacePanelKey	T	
Sources/TerminalNotificationStore.swift	730	WorkspaceTabKey	WorkspacePanelKey	T	
Sources/TerminalNotificationStore.swift	1001	WorkspaceTabKey	WorkspacePanelKey	T	
Sources/TerminalNotificationStore.swift	1017	WorkspaceTabKey	WorkspacePanelKey	T	
Sources/TerminalNotificationStore.swift	1064	TabAttentionIndex	PanelAttentionIndex	T	
Sources/TerminalNotificationStore.swift	1074	TabLivenessDeriver	PanelLivenessDeriver	T	
Sources/TerminalNotificationStore.swift	1688	TabAttentionIndex	PanelAttentionIndex	T	
Sources/TerminalNotificationStore.swift	1707	WorkspaceTabKey	WorkspacePanelKey	T	
Sources/TerminalNotificationStore.swift	1713	WorkspaceTabKey	WorkspacePanelKey	T	
Sources/Theme/ThemeRoleRegistry.swift	0	BrowserTabView	BrowserPanelView	F	curated @fix row
Sources/Theme/ThemeRoleRegistry.swift	0	MarkdownTabView	MarkdownPanelView	F	curated @fix row
Sources/Theme/ThemeRoleRegistry.swift	0	TabTitleBarView	PanelTitleBarView	F	curated @fix row
Sources/Theme/WorkspaceFrame.swift	5	TabId	PanelId	T	
Sources/Theme/WorkspaceFrame.swift	34	TabId	PanelId	T	
Sources/Theme/WorkspaceFrame.swift	35	TabId	PanelId	T	
Sources/Workspace.swift	162	TabConversations	PanelConversations	T	
Sources/Workspace.swift	167	sidebarOrderedTabIds	sidebarOrderedPanelIds	Muse	
Sources/Workspace.swift	198	readConversationsByTabIdSync	readConversationsByPanelIdSync	Muse	
Sources/Workspace.swift	202	sessionTabSnapshot	sessionPanelSnapshot	Muse	
Sources/Workspace.swift	272	restoredTerminalScrollbackByTabId	restoredTerminalScrollbackByPanelId	Muse	
Sources/Workspace.swift	420	TabMetadataKeyName	PanelMetadataKeyName	T	
Sources/Workspace.swift	421	TabMetadataKeyName	PanelMetadataKeyName	T	
Sources/Workspace.swift	439	TerminalTab	TerminalPanel	T	
Sources/Workspace.swift	439	terminalTab	terminalPanel	L	let terminalTab = self.panels[panelId] as? TerminalTab else {
Sources/Workspace.swift	442	terminalTab	terminalPanel	L	let terminalTab = self.panels[panelId] as? TerminalTab else {
Sources/Workspace.swift	463	readConversationsByTabIdSync	readConversationsByPanelIdSync	M	owner=Workspace; func readConversationsByTabIdSync(         timeout: TimeInterval = 2.0     ) -> [String: TabConversa
Sources/Workspace.swift	465	TabConversations	PanelConversations	T	
Sources/Workspace.swift	468	TabConversations	PanelConversations	T	
Sources/Workspace.swift	498	readConversationsByTabIdSync	readConversationsByPanelIdSync	Muse	
Sources/Workspace.swift	505	TabMetadataKeyName	PanelMetadataKeyName	T	
Sources/Workspace.swift	587	TabConversations	PanelConversations	T	
Sources/Workspace.swift	722	TerminalTab	TerminalPanel	T	
Sources/Workspace.swift	722	terminalTab	terminalPanel	L	let terminalTab = self.panels[panelId] as? TerminalTab else { return }
Sources/Workspace.swift	729	terminalTab	terminalPanel	L	let terminalTab = self.panels[panelId] as? TerminalTab else { return }
Sources/Workspace.swift	731	terminalTab	terminalPanel	L	let terminalTab = self.panels[panelId] as? TerminalTab else { return }
Sources/Workspace.swift	744	sessionTabIDs	sessionPanelIDs	Muse	
Sources/Workspace.swift	745	sessionTabID	sessionPanelID	Muse	
Sources/Workspace.swift	815	sessionTabIDs	sessionPanelIDs	M	owner=Workspace; func sessionTabIDs(for pane: ExternalPaneNode) -> [UUID]
Sources/Workspace.swift	819	sessionTabID	sessionPanelID	Muse	
Sources/Workspace.swift	827	sessionTabID	sessionPanelID	M	owner=Workspace; func sessionTabID(forExternalTabIDString tabIDString: String) -> UUID?
Sources/Workspace.swift	839	EncodedTabID	EncodedPanelID	T	
Sources/Workspace.swift	844	EncodedTabID	EncodedPanelID	T	
Sources/Workspace.swift	850	sessionTabSnapshot	sessionPanelSnapshot	M	owner=Workspace; func sessionTabSnapshot(         panelId: UUID,         includeScrollback: Bool,         conversatio
Sources/Workspace.swift	853	TabConversations	PanelConversations	T	
Sources/Workspace.swift	853	conversationsByPanelId conversationsByTabId	conversationsByPanelId	L	conversationsByTabId: [String: TabConversations]
Sources/Workspace.swift	854	SessionTabSnapshot	SessionPanelSnapshot	T	
Sources/Workspace.swift	858	tabCustomTitles	panelCustomTitles	Muse	
Sources/Workspace.swift	859	tabDirectories	panelDirectories	Muse	
Sources/Workspace.swift	860	pinnedTabIds	pinnedPanelIds	Muse	
Sources/Workspace.swift	861	manualUnreadTabIds	manualUnreadPanelIds	Muse	
Sources/Workspace.swift	862	tabGitBranches	panelGitBranches	Muse	
Sources/Workspace.swift	865	tabListeningPorts	panelListeningPorts	Muse	
Sources/Workspace.swift	866	tabTTYNames	panelTTYNames	Muse	
Sources/Workspace.swift	868	SessionTerminalTabSnapshot	SessionTerminalPanelSnapshot	T	
Sources/Workspace.swift	869	SessionBrowserTabSnapshot	SessionBrowserPanelSnapshot	T	
Sources/Workspace.swift	870	SessionMarkdownTabSnapshot	SessionMarkdownPanelSnapshot	T	
Sources/Workspace.swift	873	TerminalTab	TerminalPanel	T	
Sources/Workspace.swift	873	terminalTab	terminalPanel	L	let terminalTab = panel as? TerminalTab else { return nil }
Sources/Workspace.swift	874	terminalTab	terminalPanel	L	let terminalTab = panel as? TerminalTab else { return nil }
Sources/Workspace.swift	877	terminalTab	terminalPanel	L	let terminalTab = panel as? TerminalTab else { return nil }
Sources/Workspace.swift	888	SessionTerminalTabSnapshot	SessionTerminalPanelSnapshot	T	
Sources/Workspace.swift	889	tabDirectories	panelDirectories	Muse	
Sources/Workspace.swift	895	BrowserTab	BrowserPanel	T	
Sources/Workspace.swift	895	browserTab	browserPanel	L	let browserTab = panel as? BrowserTab else { return nil }
Sources/Workspace.swift	897	browserTab	browserPanel	L	let browserTab = panel as? BrowserTab else { return nil }
Sources/Workspace.swift	898	SessionBrowserTabSnapshot	SessionBrowserPanelSnapshot	T	
Sources/Workspace.swift	899	browserTab	browserPanel	L	let browserTab = panel as? BrowserTab else { return nil }
Sources/Workspace.swift	900	browserTab	browserPanel	L	let browserTab = panel as? BrowserTab else { return nil }
Sources/Workspace.swift	901	browserTab	browserPanel	L	let browserTab = panel as? BrowserTab else { return nil }
Sources/Workspace.swift	902	browserTab	browserPanel	L	let browserTab = panel as? BrowserTab else { return nil }
Sources/Workspace.swift	903	browserTab	browserPanel	L	let browserTab = panel as? BrowserTab else { return nil }
Sources/Workspace.swift	909	MarkdownTab	MarkdownPanel	T	
Sources/Workspace.swift	909	markdownTab	markdownPanel	Muse	
Sources/Workspace.swift	912	SessionMarkdownTabSnapshot	SessionMarkdownPanelSnapshot	T	
Sources/Workspace.swift	913	markdownTab	markdownPanel	Muse	
Sources/Workspace.swift	914	markdownTab	markdownPanel	Muse	
Sources/Workspace.swift	921	TabMetadataStore	PanelMetadataStore	T	
Sources/Workspace.swift	963	TabConversations	PanelConversations	T	
Sources/Workspace.swift	963	tabConversations	panelConversations	L	var tabConversations: TabConversations? = nil
Sources/Workspace.swift	965	conversationsByTabId	conversationsByPanelId	L	conversationsByTabId: [String: TabConversations]
Sources/Workspace.swift	965	tabConversations	panelConversations	L	var tabConversations: TabConversations? = nil
Sources/Workspace.swift	973	TabActivityTracker	PanelActivityTracker	T	
Sources/Workspace.swift	975	SessionTabSnapshot	SessionPanelSnapshot	T	
Sources/Workspace.swift	981	tabCustomColors	panelCustomColors	Muse	
Sources/Workspace.swift	993	tabConversations	panelConversations	L	var tabConversations: TabConversations? = nil
Sources/Workspace.swift	995	TabSeenTracker	PanelSeenTracker	T	
Sources/Workspace.swift	1018	restoredTerminalScrollbackByTabId	restoredTerminalScrollbackByPanelId	Muse	
Sources/Workspace.swift	1025	restoredTerminalScrollbackByTabId	restoredTerminalScrollbackByPanelId	Muse	
Sources/Workspace.swift	1027	restoredTerminalScrollbackByTabId	restoredTerminalScrollbackByPanelId	Muse	
Sources/Workspace.swift	1085	SessionTabSnapshot	SessionPanelSnapshot	T	
Sources/Workspace.swift	1085	panelSnapshotsById tabSnapshotsById	panelSnapshotsById	L	tabSnapshotsById: [UUID: SessionTabSnapshot]
Sources/Workspace.swift	1090	desiredTabIds	desiredPanelIds	L	let desiredTabIds = snapshot.panelIds.filter { tabSnapshotsById[$0] != nil }
Sources/Workspace.swift	1090	tabSnapshotsById	panelSnapshotsById	L	tabSnapshotsById: [UUID: SessionTabSnapshot]
Sources/Workspace.swift	1093	desiredTabIds	desiredPanelIds	L	let desiredTabIds = snapshot.panelIds.filter { tabSnapshotsById[$0] != nil }
Sources/Workspace.swift	1094	tabSnapshot	panelSnapshot	L	let tabSnapshot = tabSnapshotsById[desiredPanelId] else { continue }
Sources/Workspace.swift	1094	tabSnapshotsById	panelSnapshotsById	L	tabSnapshotsById: [UUID: SessionTabSnapshot]
Sources/Workspace.swift	1095	createTab	createPanel	Muse	
Sources/Workspace.swift	1095	tabSnapshot	panelSnapshot	L	let tabSnapshot = tabSnapshotsById[desiredPanelId] else { continue }
Sources/Workspace.swift	1122	SessionTabSnapshot	SessionPanelSnapshot	T	
Sources/Workspace.swift	1122	createTab	createPanel	M	owner=Workspace; func createTab(from snapshot: SessionTabSnapshot, inPane paneId: PaneID) -> UUID?
Sources/Workspace.swift	1135	terminalTab	terminalPanel	L	let terminalTab = newTerminalSurface(
Sources/Workspace.swift	1147	restoredTerminalScrollbackByTabId	restoredTerminalScrollbackByPanelId	Muse	
Sources/Workspace.swift	1147	terminalTab	terminalPanel	L	let terminalTab = newTerminalSurface(
Sources/Workspace.swift	1149	restoredTerminalScrollbackByTabId	restoredTerminalScrollbackByPanelId	Muse	
Sources/Workspace.swift	1149	terminalTab	terminalPanel	L	let terminalTab = newTerminalSurface(
Sources/Workspace.swift	1151	applySessionTabMetadata	applySessionPanelMetadata	Muse	
Sources/Workspace.swift	1151	terminalTab	terminalPanel	L	let terminalTab = newTerminalSurface(
Sources/Workspace.swift	1152	terminalTab	terminalPanel	L	let terminalTab = newTerminalSurface(
Sources/Workspace.swift	1161	browserTab	browserPanel	L	let browserTab = newBrowserSurface(
Sources/Workspace.swift	1172	applySessionTabMetadata	applySessionPanelMetadata	Muse	
Sources/Workspace.swift	1172	browserTab	browserPanel	L	let browserTab = newBrowserSurface(
Sources/Workspace.swift	1173	browserTab	browserPanel	L	let browserTab = newBrowserSurface(
Sources/Workspace.swift	1175	markdownTab	markdownPanel	Muse	
Sources/Workspace.swift	1175	newMarkdownTab	newMarkdownPanel	Muse	
Sources/Workspace.swift	1185	markdownTab	markdownPanel	Muse	
Sources/Workspace.swift	1187	applySessionTabMetadata	applySessionPanelMetadata	Muse	
Sources/Workspace.swift	1187	markdownTab	markdownPanel	Muse	
Sources/Workspace.swift	1188	markdownTab	markdownPanel	Muse	
Sources/Workspace.swift	1197	SessionTabSnapshot	SessionPanelSnapshot	T	
Sources/Workspace.swift	1202	TabLifecycleState	PanelLifecycleState	T	
Sources/Workspace.swift	1205	SessionTabSnapshot	SessionPanelSnapshot	T	
Sources/Workspace.swift	1205	applySessionTabMetadata	applySessionPanelMetadata	M	owner=Workspace; func applySessionTabMetadata(_ snapshot: SessionTabSnapshot, toPanelId panelId: UUID)
Sources/Workspace.swift	1208	TabSeenTracker	PanelSeenTracker	T	
Sources/Workspace.swift	1211	tabTitles	panelTitles	Muse	
Sources/Workspace.swift	1229	tabGitBranches	panelGitBranches	Muse	
Sources/Workspace.swift	1231	tabGitBranches	panelGitBranches	Muse	
Sources/Workspace.swift	1234	tabListeningPorts	panelListeningPorts	Muse	
Sources/Workspace.swift	1237	tabTTYNames	panelTTYNames	Muse	
Sources/Workspace.swift	1239	tabTTYNames	panelTTYNames	Muse	
Sources/Workspace.swift	4710	tabPullRequests	panelPullRequests	Muse	
Sources/Workspace.swift	4756	tabPullRequests	panelPullRequests	Muse	
Sources/Workspace.swift	4780	ClosedBrowserTabRestoreSnapshot	ClosedBrowserPanelRestoreSnapshot	T	
Sources/Workspace.swift	4792	TabShapeCounts	PanelShapeCounts	T	
Sources/Workspace.swift	4836	TabAvailabilityObserver	PanelAvailabilityObserver	T	
Sources/Workspace.swift	4836	tabAvailabilityObserver	panelAvailabilityObserver	M	owner=Workspace; private var tabAvailabilityObserver: TabAvailabilityObserver?
Sources/Workspace.swift	4859	TabContent	Panel	T	
Sources/Workspace.swift	4887	lastKnownTabIds	lastKnownPanelIds	M	owner=Workspace; private var lastKnownTabIds: Set<UUID> = []
Sources/Workspace.swift	4916	persistentFlashTabs	persistentFlashPanels	M	owner=Workspace; @Published private(set) var persistentFlashTabs: [UUID: PersistentFlashState] = [:]
Sources/Workspace.swift	4927	tabSubscriptions	panelSubscriptions	M	owner=Workspace; private var tabSubscriptions: [UUID: AnyCancellable] = [:]
Sources/Workspace.swift	4939	lastTerminalConfigInheritanceTabId	lastTerminalConfigInheritancePanelId	M	owner=Workspace; private var lastTerminalConfigInheritanceTabId: UUID?
Sources/Workspace.swift	4945	terminalInheritanceFontPointsByTabId	terminalInheritanceFontPointsByPanelId	M	owner=Workspace; private var terminalInheritanceFontPointsByTabId: [UUID: Float] = [:]
Sources/Workspace.swift	4948	ClosedBrowserTabRestoreSnapshot	ClosedBrowserPanelRestoreSnapshot	T	
Sources/Workspace.swift	4948	onClosedBrowserTab	onClosedBrowserPanel	M	owner=Workspace; var onClosedBrowserTab: ((ClosedBrowserTabRestoreSnapshot) -> Void)?
Sources/Workspace.swift	5007	TerminalTab	TerminalPanel	T	
Sources/Workspace.swift	5007	focusedTerminalTab	focusedTerminalPanel	M	owner=Workspace; var focusedTerminalTab: TerminalTab? {
Sources/Workspace.swift	5009	TerminalTab	TerminalPanel	T	
Sources/Workspace.swift	5015	effectiveSelectedTabId	effectiveSelectedPanelId	M	owner=Workspace; func effectiveSelectedTabId(inPane paneId: PaneID) -> UUID?
Sources/Workspace.swift	5019	FocusTabTrigger	FocusPanelTrigger	T	
Sources/Workspace.swift	5025	tabDirectories	panelDirectories	M	owner=Workspace; @Published var tabDirectories: [UUID: String] = [:]
Sources/Workspace.swift	5026	tabTitles	panelTitles	M	owner=Workspace; @Published var tabTitles: [UUID: String] = [:]
Sources/Workspace.swift	5027	tabCustomTitles	panelCustomTitles	M	owner=Workspace; @Published private(set) var tabCustomTitles: [UUID: String] = [:]
Sources/Workspace.swift	5031	tabCustomColors	panelCustomColors	M	owner=Workspace; @Published private(set) var tabCustomColors: [UUID: String] = [:]
Sources/Workspace.swift	5038	pinnedTabIds	pinnedPanelIds	M	owner=Workspace; @Published private(set) var pinnedTabIds: Set<UUID> = []
Sources/Workspace.swift	5039	manualUnreadTabIds	manualUnreadPanelIds	M	owner=Workspace; @Published private(set) var manualUnreadTabIds: Set<UUID> = []
Sources/Workspace.swift	5056	derivedActivityByTab	derivedActivityByPanel	M	owner=Workspace; @Published var derivedActivityByTab: [UUID: SidebarActivityState] = [:]
Sources/Workspace.swift	5059	TabAttentionSnapshot	PanelAttentionSnapshot	T	
Sources/Workspace.swift	5059	attentionByTab	attentionByPanel	M	owner=Workspace; @Published private(set) var attentionByTab: [UUID: TabAttentionSnapshot] = [:]
Sources/Workspace.swift	5071	detectedTerminalTypesByTab	detectedTerminalTypesByPanel	M	owner=Workspace; @Published private(set) var detectedTerminalTypesByTab: [UUID: String] = [:]
Sources/Workspace.swift	5073	tabGitBranches	panelGitBranches	M	owner=Workspace; @Published var tabGitBranches: [UUID: SidebarGitBranchState] = [:]
Sources/Workspace.swift	5077	tabGitContexts	panelGitContexts	M	owner=Workspace; @Published var tabGitContexts: [UUID: ResolvedGitContext?] = [:]
Sources/Workspace.swift	5079	tabPullRequests	panelPullRequests	M	owner=Workspace; @Published var tabPullRequests: [UUID: SidebarPullRequestState] = [:]
Sources/Workspace.swift	5080	tabListeningPorts	panelListeningPorts	M	owner=Workspace; @Published var tabListeningPorts: [UUID: [Int]] = [:]
Sources/Workspace.swift	5093	tabTTYNames	panelTTYNames	M	owner=Workspace; var tabTTYNames: [UUID: String] = [:]
Sources/Workspace.swift	5108	TabShellActivityState	PanelShellActivityState	T	
Sources/Workspace.swift	5108	tabShellActivityStates	panelShellActivityStates	M	owner=Workspace; private var tabShellActivityStates: [UUID: TabShellActivityState] = [:]
Sources/Workspace.swift	5111	tabShellEdgeAt	panelShellEdgeAt	M	owner=Workspace; var tabShellEdgeAt: [UUID: Date] = [:]
Sources/Workspace.swift	5145	restoredTerminalScrollbackByTabId	restoredTerminalScrollbackByPanelId	M	owner=Workspace; private var restoredTerminalScrollbackByTabId: [UUID: String] = [:]
Sources/Workspace.swift	5170	TabKind	PanelKind	T	
Sources/Workspace.swift	5176	TabShellActivityState	PanelShellActivityState	T	
Sources/Workspace.swift	5183	TabShellActivityState	PanelShellActivityState	T	
Sources/Workspace.swift	5424	TabTypeAvailability	PanelTypeAvailability	T	
Sources/Workspace.swift	5425	TabTypeAvailability	PanelTypeAvailability	T	
Sources/Workspace.swift	5631	TabTypeAvailability	PanelTypeAvailability	T	
Sources/Workspace.swift	5632	TabTypeAvailability	PanelTypeAvailability	T	
Sources/Workspace.swift	5651	TabAvailabilityObserver	PanelAvailabilityObserver	T	
Sources/Workspace.swift	5651	tabAvailabilityObserver	panelAvailabilityObserver	Muse	
Sources/Workspace.swift	5698	TerminalTab	TerminalPanel	T	
Sources/Workspace.swift	5698	terminalTab	terminalPanel	L	let terminalTab = TerminalTab(
Sources/Workspace.swift	5708	terminalTab	terminalPanel	L	let terminalTab = TerminalTab(
Sources/Workspace.swift	5711	terminalTab	terminalPanel	L	let terminalTab = TerminalTab(
Sources/Workspace.swift	5712	tabTitles	panelTitles	Muse	
Sources/Workspace.swift	5712	terminalTab	terminalPanel	L	let terminalTab = TerminalTab(
Sources/Workspace.swift	5713	terminalTab	terminalPanel	L	let terminalTab = TerminalTab(
Sources/Workspace.swift	5720	TabKind	PanelKind	T	
Sources/Workspace.swift	5723	terminalTab	terminalPanel	L	let terminalTab = TerminalTab(
Sources/Workspace.swift	5725	terminalTab	terminalPanel	L	let terminalTab = TerminalTab(
Sources/Workspace.swift	5779	TabShapeCounts	PanelShapeCounts	T	
Sources/Workspace.swift	5780	TabShapeCounts	PanelShapeCounts	T	
Sources/Workspace.swift	5809	reconcileTabEvents	reconcilePanelEvents	Muse	
Sources/Workspace.swift	5825	persistentFlashTabs	persistentFlashPanels	Muse	
Sources/Workspace.swift	5828	persistentFlashTabs	persistentFlashPanels	Muse	
Sources/Workspace.swift	5837	TabContent	Panel	T	
Sources/Workspace.swift	5837	newTabs	newPanels	L	newTabs: [UUID: any TabContent]
Sources/Workspace.swift	5837	reconcileTabEvents	reconcilePanelEvents	M	owner=Workspace; func reconcileTabEvents(_ newPanels: [UUID: any TabContent])
Sources/Workspace.swift	5838	newTabs	newPanels	L	newTabs: [UUID: any TabContent]
Sources/Workspace.swift	5839	lastKnownTabIds	lastKnownPanelIds	Muse	
Sources/Workspace.swift	5840	lastKnownTabIds	lastKnownPanelIds	Muse	
Sources/Workspace.swift	5841	newTabs	newPanels	L	newTabs: [UUID: any TabContent]
Sources/Workspace.swift	5852	lastKnownTabIds	lastKnownPanelIds	Muse	
Sources/Workspace.swift	5855	lastKnownTabIds	lastKnownPanelIds	Muse	
Sources/Workspace.swift	5885	MailboxTabResolver	MailboxPanelResolver	T	
Sources/Workspace.swift	5941	TerminalTab	TerminalPanel	T	
Sources/Workspace.swift	5941	terminalTab	terminalPanel	L	let terminalTab = panel as? TerminalTab else { return .surfaceNotTerminal }
Sources/Workspace.swift	5954	terminalTab	terminalPanel	L	let terminalTab = panel as? TerminalTab else { return .surfaceNotTerminal }
Sources/Workspace.swift	5957	terminalTab	terminalPanel	L	let terminalTab = panel as? TerminalTab else { return .surfaceNotTerminal }
Sources/Workspace.swift	6007	TerminalTab	TerminalPanel	T	
Sources/Workspace.swift	6007	terminalTab	terminalPanel	L	let terminalTab = panels[surfaceId] as? TerminalTab else { return }
Sources/Workspace.swift	6011	terminalTab	terminalPanel	L	let terminalTab = panels[surfaceId] as? TerminalTab else { return }
Sources/Workspace.swift	6016	terminalTab	terminalPanel	L	let terminalTab = panels[surfaceId] as? TerminalTab else { return }
Sources/Workspace.swift	6030	terminalTab	terminalPanel	L	let terminalTab = panels[surfaceId] as? TerminalTab else { return }
Sources/Workspace.swift	6082	TerminalTab	TerminalPanel	T	
Sources/Workspace.swift	6082	terminalTab	terminalPanel	L	let terminalTab = panels[surfaceId] as? TerminalTab else {
Sources/Workspace.swift	6096	terminalTab	terminalPanel	L	let terminalTab = panels[surfaceId] as? TerminalTab else {
Sources/Workspace.swift	6103	terminalTab	terminalPanel	L	let terminalTab = panels[surfaceId] as? TerminalTab else {
Sources/Workspace.swift	6104	terminalTab	terminalPanel	L	let terminalTab = panels[surfaceId] as? TerminalTab else {
Sources/Workspace.swift	6142	terminalTab	terminalPanel	L	let terminalTab = panels[surfaceId] as? TerminalTab else {
Sources/Workspace.swift	6143	terminalTab	terminalPanel	L	let terminalTab = panels[surfaceId] as? TerminalTab else {
Sources/Workspace.swift	6149	terminalTab	terminalPanel	L	let terminalTab = panels[surfaceId] as? TerminalTab else {
Sources/Workspace.swift	6155	terminalTab	terminalPanel	L	let terminalTab = panels[surfaceId] as? TerminalTab else {
Sources/Workspace.swift	6180	TerminalTab	TerminalPanel	T	
Sources/Workspace.swift	6224	tabTTYNames	panelTTYNames	Muse	
Sources/Workspace.swift	6229	TerminalTab	TerminalPanel	T	
Sources/Workspace.swift	6237	TerminalTab	TerminalPanel	T	
Sources/Workspace.swift	6237	terminalTab	terminalTab terminalPanel	L	terminalTab: TerminalTab
Sources/Workspace.swift	6245	terminalTab	terminalPanel	L	terminalTab: TerminalTab
Sources/Workspace.swift	6246	terminalTab	terminalPanel	L	terminalTab: TerminalTab
Sources/Workspace.swift	6335	pendingAreaCloseTabIds	pendingAreaClosePanelIds	M	owner=Workspace; private var pendingAreaCloseTabIds: [UUID: [UUID]] = [:]
Sources/Workspace.swift	6336	ClosedBrowserTabRestoreSnapshot	ClosedBrowserPanelRestoreSnapshot	T	
Sources/Workspace.swift	6342	TabFocusIntent	PanelFocusIntent	T	
Sources/Workspace.swift	6358	layoutFollowUpTerminalFocusTabId	layoutFollowUpTerminalFocusPanelId	M	owner=Workspace; private var layoutFollowUpTerminalFocusTabId: UUID?
Sources/Workspace.swift	6359	layoutFollowUpBrowserTabId	layoutFollowUpBrowserPanelId	M	owner=Workspace; private var layoutFollowUpBrowserTabId: UUID?
Sources/Workspace.swift	6360	layoutFollowUpBrowserExitFocusTabId	layoutFollowUpBrowserExitFocusPanelId	M	owner=Workspace; private var layoutFollowUpBrowserExitFocusTabId: UUID?
Sources/Workspace.swift	6379	DetachedTabTransfer	DetachedPanelTransfer	T	
Sources/Workspace.swift	6381	TabContent	Panel	T	
Sources/Workspace.swift	6405	TabAttentionSnapshot	PanelAttentionSnapshot	T	
Sources/Workspace.swift	6413	DetachedTabTransfer	DetachedPanelTransfer	T	
Sources/Workspace.swift	6473	TerminalTab	TerminalPanel	T	
Sources/Workspace.swift	6475	BrowserTab	BrowserPanel	T	
Sources/Workspace.swift	6484	BrowserTab	BrowserPanel	T	
Sources/Workspace.swift	6484	browserTab	browserPanel	L	browserTab: BrowserTab
Sources/Workspace.swift	6484	installBrowserTabSubscription	installBrowserPanelSubscription	M	owner=Workspace; func installBrowserTabSubscription(_ browserPanel: BrowserTab)
Sources/Workspace.swift	6486	browserTab	browserPanel	L	browserTab: BrowserTab
Sources/Workspace.swift	6487	browserTab	browserPanel	L	browserTab: BrowserTab
Sources/Workspace.swift	6488	browserTab	browserPanel	L	browserTab: BrowserTab
Sources/Workspace.swift	6491	browserTab	browserPanel	L	browserTab: BrowserTab
Sources/Workspace.swift	6493	browserTab	browserPanel	L	browserTab: BrowserTab
Sources/Workspace.swift	6494	browserTab	browserPanel	L	browserTab: BrowserTab
Sources/Workspace.swift	6497	browserTab	browserPanel	L	browserTab: BrowserTab
Sources/Workspace.swift	6498	browserTab	browserPanel	L	browserTab: BrowserTab
Sources/Workspace.swift	6498	tabTitles	panelTitles	Muse	
Sources/Workspace.swift	6499	browserTab	browserPanel	L	browserTab: BrowserTab
Sources/Workspace.swift	6499	tabTitles	panelTitles	Muse	
Sources/Workspace.swift	6501	browserTab	browserPanel	L	browserTab: BrowserTab
Sources/Workspace.swift	6512	browserTab	browserPanel	L	browserTab: BrowserTab
Sources/Workspace.swift	6512	tabCustomTitles	panelCustomTitles	Muse	
Sources/Workspace.swift	6519	browserTab	browserPanel	L	browserTab: BrowserTab
Sources/Workspace.swift	6519	tabSubscriptions	panelSubscriptions	Muse	
Sources/Workspace.swift	6520	browserTab	browserPanel	L	browserTab: BrowserTab
Sources/Workspace.swift	6521	browserTab	browserPanel	L	browserTab: BrowserTab
Sources/Workspace.swift	6561	MarkdownTab	MarkdownPanel	T	
Sources/Workspace.swift	6561	declareMarkdownTitleFromTab	declareMarkdownTitleFromPanel	M	owner=Workspace; func declareMarkdownTitleFromTab(_ markdownTab: MarkdownTab)
Sources/Workspace.swift	6561	markdownTab	markdownPanel	Muse	
Sources/Workspace.swift	6562	markdownTab	markdownPanel	Muse	
Sources/Workspace.swift	6563	markdownTab	markdownPanel	Muse	
Sources/Workspace.swift	6565	TabMetadataStore	PanelMetadataStore	T	
Sources/Workspace.swift	6567	markdownTab	markdownPanel	Muse	
Sources/Workspace.swift	6572	markdownTab	markdownPanel	Muse	
Sources/Workspace.swift	6575	MarkdownTab	MarkdownPanel	T	
Sources/Workspace.swift	6575	installMarkdownTabSubscription	installMarkdownPanelSubscription	M	owner=Workspace; func installMarkdownTabSubscription(_ markdownTab: MarkdownTab)
Sources/Workspace.swift	6575	markdownTab	markdownPanel	Muse	
Sources/Workspace.swift	6579	declareMarkdownTitleFromTab	declareMarkdownTitleFromPanel	Muse	
Sources/Workspace.swift	6579	markdownTab	markdownPanel	Muse	
Sources/Workspace.swift	6581	markdownTab	markdownPanel	Muse	
Sources/Workspace.swift	6584	markdownTab	markdownPanel	Muse	
Sources/Workspace.swift	6586	markdownTab	markdownPanel	Muse	
Sources/Workspace.swift	6591	markdownTab	markdownPanel	Muse	
Sources/Workspace.swift	6593	TabMetadataStore	PanelMetadataStore	T	
Sources/Workspace.swift	6595	markdownTab	markdownPanel	Muse	
Sources/Workspace.swift	6600	markdownTab	markdownPanel	Muse	
Sources/Workspace.swift	6604	markdownTab	markdownPanel	Muse	
Sources/Workspace.swift	6607	markdownTab	markdownPanel	Muse	
Sources/Workspace.swift	6607	tabTitles	panelTitles	Muse	
Sources/Workspace.swift	6608	markdownTab	markdownPanel	Muse	
Sources/Workspace.swift	6608	tabTitles	panelTitles	Muse	
Sources/Workspace.swift	6610	markdownTab	markdownPanel	Muse	
Sources/Workspace.swift	6616	markdownTab	markdownPanel	Muse	
Sources/Workspace.swift	6616	tabCustomTitles	panelCustomTitles	Muse	
Sources/Workspace.swift	6620	markdownTab	markdownPanel	Muse	
Sources/Workspace.swift	6620	tabSubscriptions	panelSubscriptions	Muse	
Sources/Workspace.swift	6636	BrowserTab	BrowserPanel	T	
Sources/Workspace.swift	6636	browserTab	browserPanel	L	let browserTab = panel as? BrowserTab else { continue }
Sources/Workspace.swift	6637	browserTab	browserPanel	L	let browserTab = panel as? BrowserTab else { continue }
Sources/Workspace.swift	6643	TabContent	Panel	T	
Sources/Workspace.swift	6648	TerminalTab	TerminalPanel	T	
Sources/Workspace.swift	6649	TerminalTab	TerminalPanel	T	
Sources/Workspace.swift	6652	BrowserTab	BrowserPanel	T	
Sources/Workspace.swift	6653	BrowserTab	BrowserPanel	T	
Sources/Workspace.swift	6676	TabMetadataStore	PanelMetadataStore	T	
Sources/Workspace.swift	6681	TabLifecycleState	PanelLifecycleState	T	
Sources/Workspace.swift	6686	BrowserTab	BrowserPanel	T	
Sources/Workspace.swift	6703	BrowserTab	BrowserPanel	T	
Sources/Workspace.swift	6715	BrowserTab	BrowserPanel	T	
Sources/Workspace.swift	6722	MarkdownTab	MarkdownPanel	T	
Sources/Workspace.swift	6722	markdownTab	markdownPanel	M	owner=Workspace; func markdownTab(for panelId: UUID) -> MarkdownTab?
Sources/Workspace.swift	6723	MarkdownTab	MarkdownPanel	T	
Sources/Workspace.swift	6726	TabContent	Panel	T	
Sources/Workspace.swift	6729	TabKind	PanelKind	T	
Sources/Workspace.swift	6731	TabKind	PanelKind	T	
Sources/Workspace.swift	6733	TabKind	PanelKind	T	
Sources/Workspace.swift	6740	tabCustomTitles	panelCustomTitles	Muse	
Sources/Workspace.swift	6748	pinnedTabIds	pinnedPanelIds	Muse	
Sources/Workspace.swift	6764	TabAttentionSnapshot	PanelAttentionSnapshot	T	
Sources/Workspace.swift	6765	attentionByTab	attentionByPanel	Muse	
Sources/Workspace.swift	6766	TabAttentionSnapshot	PanelAttentionSnapshot	T	
Sources/Workspace.swift	6775	TabAttentionSnapshot	PanelAttentionSnapshot	T	
Sources/Workspace.swift	6777	attentionByTab	attentionByPanel	Muse	
Sources/Workspace.swift	6778	attentionByTab	attentionByPanel	Muse	
Sources/Workspace.swift	6781	attentionByTab	attentionByPanel	Muse	
Sources/Workspace.swift	6784	TerminalTab	TerminalPanel	T	
Sources/Workspace.swift	6796	TabActivityResolver	PanelActivityResolver	T	
Sources/Workspace.swift	6799	derivedActivityByTab	derivedActivityByPanel	Muse	
Sources/Workspace.swift	6851	TabActivityTracker	PanelActivityTracker	T	
Sources/Workspace.swift	6875	tabActivityDetailsSnapshot	panelActivityDetailsSnapshot	M	owner=Workspace; func tabActivityDetailsSnapshot(         panelId: UUID     ) -> TabActivityDetailsSnapshot
Sources/Workspace.swift	6877	TabActivityDetailsSnapshot	PanelActivityDetailsSnapshot	T	
Sources/Workspace.swift	6883	TabActivityDetailsSnapshot	PanelActivityDetailsSnapshot	T	
Sources/Workspace.swift	6887	TabActivityTracker	PanelActivityTracker	T	
Sources/Workspace.swift	6888	TabSeenTracker	PanelSeenTracker	T	
Sources/Workspace.swift	6889	TabSeenTracker	PanelSeenTracker	T	
Sources/Workspace.swift	6908	manualUnreadTabIds	manualUnreadPanelIds	Muse	
Sources/Workspace.swift	6940	pinnedTabIds	pinnedPanelIds	Muse	
Sources/Workspace.swift	6944	pinnedTabIds	pinnedPanelIds	Muse	
Sources/Workspace.swift	6961	pinnedTabIds	pinnedPanelIds	Muse	
Sources/Workspace.swift	6972	tabCustomTitles	panelCustomTitles	Muse	
Sources/Workspace.swift	6975	tabCustomTitles	panelCustomTitles	Muse	
Sources/Workspace.swift	6977	TabMetadataStore	PanelMetadataStore	T	
Sources/Workspace.swift	6985	tabCustomTitles	panelCustomTitles	Muse	
Sources/Workspace.swift	6987	TabMetadataStore	PanelMetadataStore	T	
Sources/Workspace.swift	7017	tabCustomColors	panelCustomColors	Muse	
Sources/Workspace.swift	7020	tabCustomColors	panelCustomColors	Muse	
Sources/Workspace.swift	7022	tabCustomColors	panelCustomColors	Muse	
Sources/Workspace.swift	7036	TabMetadataStore	PanelMetadataStore	T	
Sources/Workspace.swift	7037	tabCustomColors	panelCustomColors	Muse	
Sources/Workspace.swift	7061	TabMetadataStore	PanelMetadataStore	T	
Sources/Workspace.swift	7069	TabMetadataStore	PanelMetadataStore	T	
Sources/Workspace.swift	7079	TabMetadataStore	PanelMetadataStore	T	
Sources/Workspace.swift	7088	tabCustomColors	panelCustomColors	Muse	
Sources/Workspace.swift	7092	pinnedTabIds	pinnedPanelIds	Muse	
Sources/Workspace.swift	7101	TerminalTab	TerminalPanel	T	
Sources/Workspace.swift	7110	TerminalTab	TerminalPanel	T	
Sources/Workspace.swift	7112	TerminalTab	TerminalPanel	T	
Sources/Workspace.swift	7112	terminalTab	terminalPanel	L	let terminalTab = panels[panelId] as? TerminalTab else {
Sources/Workspace.swift	7121	terminalTab	terminalPanel	L	let terminalTab = panels[panelId] as? TerminalTab else {
Sources/Workspace.swift	7122	terminalTab	terminalPanel	L	let terminalTab = panels[panelId] as? TerminalTab else {
Sources/Workspace.swift	7125	terminalTab	terminalPanel	L	let terminalTab = panels[panelId] as? TerminalTab else {
Sources/Workspace.swift	7128	terminalTab	terminalPanel	L	let terminalTab = panels[panelId] as? TerminalTab else {
Sources/Workspace.swift	7129	terminalTab	terminalPanel	L	let terminalTab = panels[panelId] as? TerminalTab else {
Sources/Workspace.swift	7137	TerminalTab	TerminalPanel	T	
Sources/Workspace.swift	7137	terminalTabs	terminalPanels	L	let terminalTabs = panels.values.compactMap { $0 as? TerminalTab }
Sources/Workspace.swift	7138	terminalTabs	terminalPanels	L	let terminalTabs = panels.values.compactMap { $0 as? TerminalTab }
Sources/Workspace.swift	7139	terminalTabs	terminalPanels	L	let terminalTabs = panels.values.compactMap { $0 as? TerminalTab }
Sources/Workspace.swift	7144	tabTitles	panelTitles	Muse	
Sources/Workspace.swift	7150	pinnedTabIds	pinnedPanelIds	Muse	
Sources/Workspace.swift	7153	pinnedTabIds	pinnedPanelIds	Muse	
Sources/Workspace.swift	7155	pinnedTabIds	pinnedPanelIds	Muse	
Sources/Workspace.swift	7166	manualUnreadTabIds	manualUnreadPanelIds	Muse	
Sources/Workspace.swift	7178	manualUnreadTabIds	manualUnreadPanelIds	Muse	
Sources/Workspace.swift	7341	tabDirectories	panelDirectories	Muse	
Sources/Workspace.swift	7342	tabDirectories	panelDirectories	Muse	
Sources/Workspace.swift	7350	TabShellActivityState	PanelShellActivityState	T	
Sources/Workspace.swift	7350	updateTabShellActivityState	updatePanelShellActivityState	M	owner=Workspace; func updateTabShellActivityState(panelId: UUID, state: TabShellActivityState)
Sources/Workspace.swift	7352	tabShellActivityStates	panelShellActivityStates	Muse	
Sources/Workspace.swift	7354	tabShellActivityStates	panelShellActivityStates	Muse	
Sources/Workspace.swift	7356	tabShellEdgeAt	panelShellEdgeAt	Muse	
Sources/Workspace.swift	7376	TabLivenessDeriver	PanelLivenessDeriver	T	
Sources/Workspace.swift	7393	derivedActivityByTab	derivedActivityByPanel	Muse	
Sources/Workspace.swift	7394	derivedActivityByTab	derivedActivityByPanel	Muse	
Sources/Workspace.swift	7399	derivedActivityByTab	derivedActivityByPanel	Muse	
Sources/Workspace.swift	7400	derivedActivityByTab	derivedActivityByPanel	Muse	
Sources/Workspace.swift	7439	detectedTerminalTypesByTab	detectedTerminalTypesByPanel	Muse	
Sources/Workspace.swift	7440	detectedTerminalTypesByTab	detectedTerminalTypesByPanel	Muse	
Sources/Workspace.swift	7446	detectedTerminalTypesByTab	detectedTerminalTypesByPanel	Muse	
Sources/Workspace.swift	7458	derivedActivityByTab	derivedActivityByPanel	Muse	
Sources/Workspace.swift	7471	tabShellActivityStates	panelShellActivityStates	Muse	
Sources/Workspace.swift	7478	tabGitBranches	panelGitBranches	Muse	
Sources/Workspace.swift	7481	tabGitBranches	panelGitBranches	Muse	
Sources/Workspace.swift	7484	tabPullRequests	panelPullRequests	Muse	
Sources/Workspace.swift	7495	tabGitBranches	panelGitBranches	Muse	
Sources/Workspace.swift	7496	tabPullRequests	panelPullRequests	Muse	
Sources/Workspace.swift	7510	tabGitContexts	panelGitContexts	Muse	
Sources/Workspace.swift	7512	tabGitContexts	panelGitContexts	Muse	
Sources/Workspace.swift	7516	tabGitContexts	panelGitContexts	Muse	
Sources/Workspace.swift	7528	tabPullRequests	panelPullRequests	Muse	
Sources/Workspace.swift	7530	tabGitBranches	panelGitBranches	Muse	
Sources/Workspace.swift	7569	tabPullRequests	panelPullRequests	Muse	
Sources/Workspace.swift	7577	tabPullRequests	panelPullRequests	Muse	
Sources/Workspace.swift	7589	tabGitBranches	panelGitBranches	Muse	
Sources/Workspace.swift	7590	tabGitContexts	panelGitContexts	Muse	
Sources/Workspace.swift	7592	tabPullRequests	panelPullRequests	Muse	
Sources/Workspace.swift	7593	tabListeningPorts	panelListeningPorts	Muse	
Sources/Workspace.swift	7600	BrowserTab	BrowserPanel	T	
Sources/Workspace.swift	7600	browserTabs	browserPanels	L	let browserTabs = panels.values.compactMap { $0 as? BrowserTab }
Sources/Workspace.swift	7601	browserTabs	browserPanels	L	let browserTabs = panels.values.compactMap { $0 as? BrowserTab }
Sources/Workspace.swift	7606	browserTabs	browserPanels	L	let browserTabs = panels.values.compactMap { $0 as? BrowserTab }
Sources/Workspace.swift	7610	browserTab	browserPanel	L	for browserTab in browserTabs
Sources/Workspace.swift	7610	browserTabs	browserPanels	L	let browserTabs = panels.values.compactMap { $0 as? BrowserTab }
Sources/Workspace.swift	7611	browserTab	browserPanel	L	for browserTab in browserTabs
Sources/Workspace.swift	7612	browserTab	browserPanel	L	for browserTab in browserTabs
Sources/Workspace.swift	7613	browserTab	browserPanel	L	for browserTab in browserTabs
Sources/Workspace.swift	7615	browserTab	browserPanel	L	for browserTab in browserTabs
Sources/Workspace.swift	7630	browserTab	browserPanel	L	for browserTab in browserTabs
Sources/Workspace.swift	7630	tabCustomTitles	panelCustomTitles	Muse	
Sources/Workspace.swift	7642	tabTitles	panelTitles	Muse	
Sources/Workspace.swift	7643	tabTitles	panelTitles	Muse	
Sources/Workspace.swift	7651	tabTitles	panelTitles	Muse	
Sources/Workspace.swift	7656	tabCustomTitles	panelCustomTitles	Muse	
Sources/Workspace.swift	7663	TerminalTab	TerminalPanel	T	
Sources/Workspace.swift	7663	terminalTab	terminalPanel	L	let terminalTab = panel as? TerminalTab {
Sources/Workspace.swift	7664	terminalTab	terminalPanel	L	let terminalTab = panel as? TerminalTab {
Sources/Workspace.swift	7699	TerminalTab	TerminalPanel	T	
Sources/Workspace.swift	7699	terminalTabs	terminalPanels	L	let terminalTabs = panels.values.compactMap { $0 as? TerminalTab }
Sources/Workspace.swift	7700	terminalTabs	terminalPanels	L	let terminalTabs = panels.values.compactMap { $0 as? TerminalTab }
Sources/Workspace.swift	7703	TerminalTab	TerminalPanel	T	
Sources/Workspace.swift	7707	terminalTabs	terminalPanels	L	let terminalTabs = panels.values.compactMap { $0 as? TerminalTab }
Sources/Workspace.swift	7710	TerminalTab	TerminalPanel	T	
Sources/Workspace.swift	7713	terminalTabs	terminalPanels	L	let terminalTabs = panels.values.compactMap { $0 as? TerminalTab }
Sources/Workspace.swift	7743	terminalTabs	terminalPanels	L	let terminalTabs = panels.values.compactMap { $0 as? TerminalTab }
Sources/Workspace.swift	7760	TerminalTab	TerminalPanel	T	
Sources/Workspace.swift	7786	TerminalTab	TerminalPanel	T	
Sources/Workspace.swift	7786	terminalTab	terminalPanel	L	let terminalTab = panel as? TerminalTab,
Sources/Workspace.swift	7787	terminalTab	terminalPanel	L	let terminalTab = panel as? TerminalTab,
Sources/Workspace.swift	7799	TerminalTab	TerminalPanel	T	
Sources/Workspace.swift	7822	TabMetadataStore	PanelMetadataStore	T	
Sources/Workspace.swift	7835	tabTitles	panelTitles	Muse	
Sources/Workspace.swift	7836	tabTitles	panelTitles	Muse	
Sources/Workspace.swift	7841	tabTitles	panelTitles	Muse	
Sources/Workspace.swift	7846	tabCustomTitles	panelCustomTitles	Muse	
Sources/Workspace.swift	7874	TabTitleBarState	PanelTitleBarState	T	
Sources/Workspace.swift	7874	tabTitleBarState	panelTitleBarState	M	owner=Workspace; func tabTitleBarState(panelId: UUID) -> TabTitleBarState
Sources/Workspace.swift	7878	TabMetadataStore	PanelMetadataStore	T	
Sources/Workspace.swift	7885	TabTitleBarState	PanelTitleBarState	T	
Sources/Workspace.swift	7910	TabMetadataStore	PanelMetadataStore	T	
Sources/Workspace.swift	7953	TabMetadataStore	PanelMetadataStore	T	
Sources/Workspace.swift	7960	TabMetadataStore	PanelMetadataStore	T	
Sources/Workspace.swift	7966	SessionTabSnapshot	SessionPanelSnapshot	T	
Sources/Workspace.swift	7966	snapshotTabs	snapshotPanels	L	snapshotTabs: [SessionTabSnapshot]
Sources/Workspace.swift	7968	snapshotTabs	snapshotPanels	L	snapshotTabs: [SessionTabSnapshot]
Sources/Workspace.swift	7968	tabSnapshot	panelSnapshot	L	via ate func restoreSurfaceMetadataFromSnapshot(         panels snapshotTabs: [SessionTabSnapshot]     )
Sources/Workspace.swift	7969	tabSnapshot	panelSnapshot	L	via ate func restoreSurfaceMetadataFromSnapshot(         panels snapshotTabs: [SessionTabSnapshot]     )
Sources/Workspace.swift	7970	tabSnapshot	panelSnapshot	L	via ate func restoreSurfaceMetadataFromSnapshot(         panels snapshotTabs: [SessionTabSnapshot]     )
Sources/Workspace.swift	7971	tabId	panelId	L	let tabId = tabSnapshot.id
Sources/Workspace.swift	7971	tabSnapshot	panelSnapshot	L	via ate func restoreSurfaceMetadataFromSnapshot(         panels snapshotTabs: [SessionTabSnapshot]     )
Sources/Workspace.swift	7972	tabId	panelId	L	let tabId = tabSnapshot.id
Sources/Workspace.swift	7985	tabSnapshot	panelSnapshot	L	via ate func restoreSurfaceMetadataFromSnapshot(         panels snapshotTabs: [SessionTabSnapshot]     )
Sources/Workspace.swift	7989	TabMetadataStore	PanelMetadataStore	T	
Sources/Workspace.swift	7991	tabId	panelId	L	let tabId = tabSnapshot.id
Sources/Workspace.swift	7995	TabAttentionService	PanelAttentionService	T	
Sources/Workspace.swift	7997	tabId	panelId	L	let tabId = tabSnapshot.id
Sources/Workspace.swift	8002	tabId	panelId	L	let tabId = tabSnapshot.id
Sources/Workspace.swift	8003	tabId	panelId	L	let tabId = tabSnapshot.id
Sources/Workspace.swift	8006	derivedActivityByTab	derivedActivityByPanel	Muse	
Sources/Workspace.swift	8006	tabId	panelId	L	let tabId = tabSnapshot.id
Sources/Workspace.swift	8008	derivedActivityByTab	derivedActivityByPanel	Muse	
Sources/Workspace.swift	8008	tabId	panelId	L	let tabId = tabSnapshot.id
Sources/Workspace.swift	8063	tabDirectories	panelDirectories	Muse	
Sources/Workspace.swift	8064	tabTitles	panelTitles	Muse	
Sources/Workspace.swift	8065	tabCustomTitles	panelCustomTitles	Muse	
Sources/Workspace.swift	8066	tabCustomColors	panelCustomColors	Muse	
Sources/Workspace.swift	8067	pinnedTabIds	pinnedPanelIds	Muse	
Sources/Workspace.swift	8068	manualUnreadTabIds	manualUnreadPanelIds	Muse	
Sources/Workspace.swift	8069	tabGitBranches	panelGitBranches	Muse	
Sources/Workspace.swift	8070	tabGitContexts	panelGitContexts	Muse	
Sources/Workspace.swift	8072	tabListeningPorts	panelListeningPorts	Muse	
Sources/Workspace.swift	8073	tabTTYNames	panelTTYNames	Muse	
Sources/Workspace.swift	8074	tabShellActivityStates	panelShellActivityStates	Muse	
Sources/Workspace.swift	8075	tabShellEdgeAt	panelShellEdgeAt	Muse	
Sources/Workspace.swift	8078	derivedActivityByTab	derivedActivityByPanel	Muse	
Sources/Workspace.swift	8079	attentionByTab	attentionByPanel	Muse	
Sources/Workspace.swift	8082	detectedTerminalTypesByTab	detectedTerminalTypesByPanel	Muse	
Sources/Workspace.swift	8086	tabPullRequests	panelPullRequests	Muse	
Sources/Workspace.swift	8087	TabAttentionService	PanelAttentionService	T	
Sources/Workspace.swift	8098	tabListeningPorts	panelListeningPorts	Muse	
Sources/Workspace.swift	8105	sidebarOrderedTabIds	sidebarOrderedPanelIds	M	owner=Workspace; func sidebarOrderedTabIds() -> [UUID]
Sources/Workspace.swift	8128	tabGitBranches	panelGitBranches	Muse	
Sources/Workspace.swift	8135	sidebarOrderedTabIds	sidebarOrderedPanelIds	Muse	
Sources/Workspace.swift	8147	tabPullRequests	panelPullRequests	Muse	
Sources/Workspace.swift	8151	tabGitBranches	panelGitBranches	Muse	
Sources/Workspace.swift	8155	tabPullRequests	panelPullRequests	Muse	
Sources/Workspace.swift	8161	sidebarOrderedTabIds	sidebarOrderedPanelIds	Muse	
Sources/Workspace.swift	8353	TerminalTab	TerminalPanel	T	
Sources/Workspace.swift	8372	BrowserTab	BrowserPanel	T	
Sources/Workspace.swift	8372	hasBrowserTabs	hasBrowserPanels	L	let hasBrowserTabs = panels.values.contains { $0 is BrowserTab }
Sources/Workspace.swift	8373	hasBrowserTabs	hasBrowserPanels	L	let hasBrowserTabs = panels.values.contains { $0 is BrowserTab }
Sources/Workspace.swift	8475	BrowserTab	BrowserPanel	T	
Sources/Workspace.swift	8475	browserTab	browserPanel	L	let browserTab = panel as? BrowserTab else { continue }
Sources/Workspace.swift	8476	browserTab	browserPanel	L	let browserTab = panel as? BrowserTab else { continue }
Sources/Workspace.swift	8536	terminalInheritanceFontPointsByTabId	terminalInheritanceFontPointsByPanelId	Muse	
Sources/Workspace.swift	8541	TerminalTab	TerminalPanel	T	
Sources/Workspace.swift	8541	terminalTab	terminalPanel	L	terminalTab: TerminalTab
Sources/Workspace.swift	8546	terminalInheritanceFontPointsByTabId	terminalInheritanceFontPointsByPanelId	Muse	
Sources/Workspace.swift	8546	terminalTab	terminalPanel	L	terminalTab: TerminalTab
Sources/Workspace.swift	8560	TerminalTab	TerminalPanel	T	
Sources/Workspace.swift	8560	terminalTab	terminalPanel	L	terminalTab: TerminalTab
Sources/Workspace.swift	8561	lastTerminalConfigInheritanceTabId	lastTerminalConfigInheritancePanelId	Muse	
Sources/Workspace.swift	8561	terminalTab	terminalPanel	L	terminalTab: TerminalTab
Sources/Workspace.swift	8562	terminalTab	terminalPanel	L	terminalTab: TerminalTab
Sources/Workspace.swift	8564	terminalInheritanceFontPointsByTabId	terminalInheritanceFontPointsByPanelId	Muse	
Sources/Workspace.swift	8564	terminalTab	terminalPanel	L	terminalTab: TerminalTab
Sources/Workspace.swift	8566	terminalInheritanceFontPointsByTabId	terminalInheritanceFontPointsByPanelId	Muse	
Sources/Workspace.swift	8566	terminalTab	terminalPanel	L	terminalTab: TerminalTab
Sources/Workspace.swift	8569	terminalInheritanceFontPointsByTabId	terminalInheritanceFontPointsByPanelId	Muse	
Sources/Workspace.swift	8569	terminalTab	terminalPanel	L	terminalTab: TerminalTab
Sources/Workspace.swift	8573	TerminalTab	TerminalPanel	T	
Sources/Workspace.swift	8573	lastRememberedTerminalTabForConfigInheritance	lastRememberedTerminalPanelForConfigInheritance	M	owner=Workspace; func lastRememberedTerminalTabForConfigInheritance() -> TerminalTab?
Sources/Workspace.swift	8574	lastTerminalConfigInheritanceTabId	lastTerminalConfigInheritancePanelId	Muse	
Sources/Workspace.swift	8590	terminalTabConfigInheritanceCandidates	terminalPanelConfigInheritanceCandidates	M	owner=Workspace; func terminalTabConfigInheritanceCandidates(         preferredPanelId: UUID? = nil,         inPane p
Sources/Workspace.swift	8593	TerminalTab	TerminalPanel	T	
Sources/Workspace.swift	8594	TerminalTab	TerminalPanel	T	
Sources/Workspace.swift	8597	TerminalTab	TerminalPanel	T	
Sources/Workspace.swift	8609	selectedTabId	selectedPanelId	L	let selectedTabId = tabIdFromBonsplitTabId(selectedSurfaceId),
Sources/Workspace.swift	8610	selectedTabId	selectedPanelId	L	let selectedTabId = tabIdFromBonsplitTabId(selectedSurfaceId),
Sources/Workspace.swift	8610	selectedTerminalTab	selectedTerminalPanel	Muse	
Sources/Workspace.swift	8611	selectedTerminalTab	selectedTerminalPanel	Muse	
Sources/Workspace.swift	8614	focusedTerminalTab	focusedTerminalPanel	Muse	
Sources/Workspace.swift	8615	focusedTerminalTab	focusedTerminalPanel	Muse	
Sources/Workspace.swift	8618	lastRememberedTerminalTabForConfigInheritance	lastRememberedTerminalPanelForConfigInheritance	Muse	
Sources/Workspace.swift	8631	TerminalTab	TerminalPanel	T	
Sources/Workspace.swift	8640	terminalTabForConfigInheritance	terminalPanelForConfigInheritance	M	owner=Workspace; func terminalTabForConfigInheritance(         preferredPanelId: UUID? = nil,         inPane preferre
Sources/Workspace.swift	8643	TerminalTab	TerminalPanel	T	
Sources/Workspace.swift	8644	terminalTabConfigInheritanceCandidates	terminalPanelConfigInheritanceCandidates	Muse	
Sources/Workspace.swift	8656	terminalTabConfigInheritanceCandidates	terminalPanelConfigInheritanceCandidates	Muse	
Sources/Workspace.swift	8671	terminalInheritanceFontPointsByTabId	terminalInheritanceFontPointsByPanelId	Muse	
Sources/Workspace.swift	8707	TabMetadataStore	PanelMetadataStore	T	
Sources/Workspace.swift	8721	TabActivityTerminalKindResolver	PanelActivityTerminalKindResolver	T	
Sources/Workspace.swift	8722	detectedTerminalTypesByTab	detectedTerminalTypesByPanel	Muse	
Sources/Workspace.swift	8730	TabMetadataStore	PanelMetadataStore	T	
Sources/Workspace.swift	8831	TerminalTab	TerminalPanel	T	
Sources/Workspace.swift	8847	TerminalTab	TerminalPanel	T	
Sources/Workspace.swift	8847	newTab	newPanel	L	let newTab = TerminalTab(
Sources/Workspace.swift	8856	newTab	newPanel	L	let newTab = TerminalTab(
Sources/Workspace.swift	8857	newTab	newPanel	L	let newTab = TerminalTab(
Sources/Workspace.swift	8857	tabTitles	panelTitles	Muse	
Sources/Workspace.swift	8859	newTab	newPanel	L	let newTab = TerminalTab(
Sources/Workspace.swift	8861	newTab	newPanel	L	let newTab = TerminalTab(
Sources/Workspace.swift	8866	newTab	newPanel	L	let newTab = TerminalTab(
Sources/Workspace.swift	8867	newTab	newPanel	L	let newTab = TerminalTab(
Sources/Workspace.swift	8868	TabKind	PanelKind	T	
Sources/Workspace.swift	8869	newTab	newPanel	L	let newTab = TerminalTab(
Sources/Workspace.swift	8871	newTab	newPanel	L	let newTab = TerminalTab(
Sources/Workspace.swift	8873	newTab	newPanel	L	let newTab = TerminalTab(
Sources/Workspace.swift	8878	focusedTerminalTab	focusedTerminalPanel	Muse	
Sources/Workspace.swift	8884	newTab	newPanel	L	let newTab = TerminalTab(
Sources/Workspace.swift	8885	newTab	newPanel	L	let newTab = TerminalTab(
Sources/Workspace.swift	8885	tabTitles	panelTitles	Muse	
Sources/Workspace.swift	8888	newTab	newPanel	L	let newTab = TerminalTab(
Sources/Workspace.swift	8890	newTab	newPanel	L	let newTab = TerminalTab(
Sources/Workspace.swift	8890	terminalInheritanceFontPointsByTabId	terminalInheritanceFontPointsByPanelId	Muse	
Sources/Workspace.swift	8903	newTab	newPanel	L	let newTab = TerminalTab(
Sources/Workspace.swift	8910	newTab	newPanel	L	let newTab = TerminalTab(
Sources/Workspace.swift	8915	newTab	newPanel	L	let newTab = TerminalTab(
Sources/Workspace.swift	8931	TerminalTab	TerminalPanel	T	
Sources/Workspace.swift	8936	focusedTerminalTab	focusedTerminalPanel	Muse	
Sources/Workspace.swift	8941	terminalTabForConfigInheritance	terminalPanelForConfigInheritance	Muse	
Sources/Workspace.swift	8950	TerminalTab	TerminalPanel	T	
Sources/Workspace.swift	8950	newTab	newPanel	L	let newTab = TerminalTab(
Sources/Workspace.swift	8962	newTab	newPanel	L	let newTab = TerminalTab(
Sources/Workspace.swift	8963	newTab	newPanel	L	let newTab = TerminalTab(
Sources/Workspace.swift	8963	tabTitles	panelTitles	Muse	
Sources/Workspace.swift	8965	newTab	newPanel	L	let newTab = TerminalTab(
Sources/Workspace.swift	8967	newTab	newPanel	L	let newTab = TerminalTab(
Sources/Workspace.swift	8971	newTab	newPanel	L	let newTab = TerminalTab(
Sources/Workspace.swift	8972	newTab	newPanel	L	let newTab = TerminalTab(
Sources/Workspace.swift	8973	TabKind	PanelKind	T	
Sources/Workspace.swift	8974	newTab	newPanel	L	let newTab = TerminalTab(
Sources/Workspace.swift	8976	newTab	newPanel	L	let newTab = TerminalTab(
Sources/Workspace.swift	8979	newTab	newPanel	L	let newTab = TerminalTab(
Sources/Workspace.swift	8980	newTab	newPanel	L	let newTab = TerminalTab(
Sources/Workspace.swift	8980	tabTitles	panelTitles	Muse	
Sources/Workspace.swift	8982	newTab	newPanel	L	let newTab = TerminalTab(
Sources/Workspace.swift	8984	newTab	newPanel	L	let newTab = TerminalTab(
Sources/Workspace.swift	8984	terminalInheritanceFontPointsByTabId	terminalInheritanceFontPointsByPanelId	Muse	
Sources/Workspace.swift	8988	newTab	newPanel	L	let newTab = TerminalTab(
Sources/Workspace.swift	8996	newTab	newPanel	L	let newTab = TerminalTab(
Sources/Workspace.swift	9001	newTab	newPanel	L	let newTab = TerminalTab(
Sources/Workspace.swift	9005	newTab	newPanel	L	let newTab = TerminalTab(
Sources/Workspace.swift	9039	callerTabId	callerPanelId	T	
Sources/Workspace.swift	9053	terminalTabForConfigInheritance	terminalPanelForConfigInheritance	Muse	
Sources/Workspace.swift	9061	callerTabId	callerPanelId	T	
Sources/Workspace.swift	9062	callerTabId	callerPanelId	T	
Sources/Workspace.swift	9064	tabDirectories	panelDirectories	Muse	
Sources/Workspace.swift	9096	BrowserTab	BrowserPanel	T	
Sources/Workspace.swift	9100	BrowserTab	BrowserPanel	T	
Sources/Workspace.swift	9100	browserTab	browserPanel	L	let browserTab = BrowserTab(
Sources/Workspace.swift	9114	browserTab	browserPanel	L	let browserTab = BrowserTab(
Sources/Workspace.swift	9115	browserTab	browserPanel	L	let browserTab = BrowserTab(
Sources/Workspace.swift	9115	tabTitles	panelTitles	Muse	
Sources/Workspace.swift	9119	browserTab	browserPanel	L	let browserTab = BrowserTab(
Sources/Workspace.swift	9120	browserTab	browserPanel	L	let browserTab = BrowserTab(
Sources/Workspace.swift	9121	TabKind	PanelKind	T	
Sources/Workspace.swift	9122	browserTab	browserPanel	L	let browserTab = BrowserTab(
Sources/Workspace.swift	9123	browserTab	browserPanel	L	let browserTab = BrowserTab(
Sources/Workspace.swift	9125	browserTab	browserPanel	L	let browserTab = BrowserTab(
Sources/Workspace.swift	9127	browserTab	browserPanel	L	let browserTab = BrowserTab(
Sources/Workspace.swift	9136	browserTab	browserPanel	L	let browserTab = BrowserTab(
Sources/Workspace.swift	9137	browserTab	browserPanel	L	let browserTab = BrowserTab(
Sources/Workspace.swift	9137	tabTitles	panelTitles	Muse	
Sources/Workspace.swift	9140	browserTab	browserPanel	L	let browserTab = BrowserTab(
Sources/Workspace.swift	9141	browserTab	browserPanel	L	let browserTab = BrowserTab(
Sources/Workspace.swift	9145	focusedTerminalTab	focusedTerminalPanel	Muse	
Sources/Workspace.swift	9148	browserTab	browserPanel	L	let browserTab = BrowserTab(
Sources/Workspace.swift	9155	browserTab	browserPanel	L	let browserTab = BrowserTab(
Sources/Workspace.swift	9160	browserTab	browserPanel	L	let browserTab = BrowserTab(
Sources/Workspace.swift	9160	installBrowserTabSubscription	installBrowserPanelSubscription	Muse	
Sources/Workspace.swift	9161	browserTab	browserPanel	L	let browserTab = BrowserTab(
Sources/Workspace.swift	9163	browserTab	browserPanel	L	let browserTab = BrowserTab(
Sources/Workspace.swift	9186	BrowserTab	BrowserPanel	T	
Sources/Workspace.swift	9188	effectiveSelectedTabId	effectiveSelectedPanelId	Muse	
Sources/Workspace.swift	9190	focusedTerminalTab	focusedTerminalPanel	Muse	
Sources/Workspace.swift	9192	BrowserTab	BrowserPanel	T	
Sources/Workspace.swift	9192	browserTab	browserPanel	L	let browserTab = BrowserTab(
Sources/Workspace.swift	9208	browserTab	browserPanel	L	let browserTab = BrowserTab(
Sources/Workspace.swift	9209	browserTab	browserPanel	L	let browserTab = BrowserTab(
Sources/Workspace.swift	9209	tabTitles	panelTitles	Muse	
Sources/Workspace.swift	9212	browserTab	browserPanel	L	let browserTab = BrowserTab(
Sources/Workspace.swift	9213	browserTab	browserPanel	L	let browserTab = BrowserTab(
Sources/Workspace.swift	9214	TabKind	PanelKind	T	
Sources/Workspace.swift	9215	browserTab	browserPanel	L	let browserTab = BrowserTab(
Sources/Workspace.swift	9216	browserTab	browserPanel	L	let browserTab = BrowserTab(
Sources/Workspace.swift	9218	browserTab	browserPanel	L	let browserTab = BrowserTab(
Sources/Workspace.swift	9221	browserTab	browserPanel	L	let browserTab = BrowserTab(
Sources/Workspace.swift	9222	browserTab	browserPanel	L	let browserTab = BrowserTab(
Sources/Workspace.swift	9222	tabTitles	panelTitles	Muse	
Sources/Workspace.swift	9226	browserTab	browserPanel	L	let browserTab = BrowserTab(
Sources/Workspace.swift	9227	browserTab	browserPanel	L	let browserTab = BrowserTab(
Sources/Workspace.swift	9228	browserTab	browserPanel	L	let browserTab = BrowserTab(
Sources/Workspace.swift	9242	browserTab	browserPanel	L	let browserTab = BrowserTab(
Sources/Workspace.swift	9247	browserTab	browserPanel	L	let browserTab = BrowserTab(
Sources/Workspace.swift	9252	browserTab	browserPanel	L	let browserTab = BrowserTab(
Sources/Workspace.swift	9252	installBrowserTabSubscription	installBrowserPanelSubscription	Muse	
Sources/Workspace.swift	9253	browserTab	browserPanel	L	let browserTab = BrowserTab(
Sources/Workspace.swift	9255	browserTab	browserPanel	L	let browserTab = BrowserTab(
Sources/Workspace.swift	9264	MarkdownTab	MarkdownPanel	T	
Sources/Workspace.swift	9267	MarkdownTab	MarkdownPanel	T	
Sources/Workspace.swift	9267	markdownTab	markdownPanel	Muse	
Sources/Workspace.swift	9268	markdownTab	markdownPanel	Muse	
Sources/Workspace.swift	9269	markdownTab	markdownPanel	Muse	
Sources/Workspace.swift	9269	tabTitles	panelTitles	Muse	
Sources/Workspace.swift	9272	markdownTab	markdownPanel	Muse	
Sources/Workspace.swift	9273	markdownTab	markdownPanel	Muse	
Sources/Workspace.swift	9274	TabKind	PanelKind	T	
Sources/Workspace.swift	9275	markdownTab	markdownPanel	Muse	
Sources/Workspace.swift	9278	markdownTab	markdownPanel	Muse	
Sources/Workspace.swift	9280	markdownTab	markdownPanel	Muse	
Sources/Workspace.swift	9287	markdownTab	markdownPanel	Muse	
Sources/Workspace.swift	9288	markdownTab	markdownPanel	Muse	
Sources/Workspace.swift	9288	tabTitles	panelTitles	Muse	
Sources/Workspace.swift	9292	focusedTerminalTab	focusedTerminalPanel	Muse	
Sources/Workspace.swift	9295	markdownTab	markdownPanel	Muse	
Sources/Workspace.swift	9302	markdownTab	markdownPanel	Muse	
Sources/Workspace.swift	9307	installMarkdownTabSubscription	installMarkdownPanelSubscription	Muse	
Sources/Workspace.swift	9307	markdownTab	markdownPanel	Muse	
Sources/Workspace.swift	9308	markdownTab	markdownPanel	Muse	
Sources/Workspace.swift	9312	newMarkdownTab	newMarkdownPanel	M	owner=Workspace; func newMarkdownTab(         inPane paneId: PaneID,         filePath: String? = nil,         focus: 
Sources/Workspace.swift	9318	MarkdownTab	MarkdownPanel	T	
Sources/Workspace.swift	9321	focusedTerminalTab	focusedTerminalPanel	Muse	
Sources/Workspace.swift	9323	MarkdownTab	MarkdownPanel	T	
Sources/Workspace.swift	9323	markdownTab	markdownPanel	Muse	
Sources/Workspace.swift	9329	markdownTab	markdownPanel	Muse	
Sources/Workspace.swift	9330	markdownTab	markdownPanel	Muse	
Sources/Workspace.swift	9330	tabTitles	panelTitles	Muse	
Sources/Workspace.swift	9333	markdownTab	markdownPanel	Muse	
Sources/Workspace.swift	9334	markdownTab	markdownPanel	Muse	
Sources/Workspace.swift	9335	TabKind	PanelKind	T	
Sources/Workspace.swift	9336	markdownTab	markdownPanel	Muse	
Sources/Workspace.swift	9339	markdownTab	markdownPanel	Muse	
Sources/Workspace.swift	9342	markdownTab	markdownPanel	Muse	
Sources/Workspace.swift	9343	markdownTab	markdownPanel	Muse	
Sources/Workspace.swift	9343	tabTitles	panelTitles	Muse	
Sources/Workspace.swift	9347	markdownTab	markdownPanel	Muse	
Sources/Workspace.swift	9355	markdownTab	markdownPanel	Muse	
Sources/Workspace.swift	9360	installMarkdownTabSubscription	installMarkdownPanelSubscription	Muse	
Sources/Workspace.swift	9360	markdownTab	markdownPanel	Muse	
Sources/Workspace.swift	9361	markdownTab	markdownPanel	Muse	
Sources/Workspace.swift	9398	tabSubscriptions	panelSubscriptions	Muse	
Sources/Workspace.swift	9403	TabSeenTracker	PanelSeenTracker	T	
Sources/Workspace.swift	9408	tabSubscriptions	panelSubscriptions	Muse	
Sources/Workspace.swift	9410	restoredTerminalScrollbackByTabId	restoredTerminalScrollbackByPanelId	Muse	
Sources/Workspace.swift	9411	terminalInheritanceFontPointsByTabId	terminalInheritanceFontPointsByPanelId	Muse	
Sources/Workspace.swift	9412	lastTerminalConfigInheritanceTabId	lastTerminalConfigInheritancePanelId	Muse	
Sources/Workspace.swift	9671	ClosedBrowserTabRestoreSnapshot	ClosedBrowserPanelRestoreSnapshot	T	
Sources/Workspace.swift	9790	DetachedTabTransfer	DetachedPanelTransfer	T	
Sources/Workspace.swift	9790	detachTab	detachPanel	M	owner=Workspace; func detachTab(panelId: UUID) -> DetachedTabTransfer?
Sources/Workspace.swift	9831	attachDetachedTab	attachDetachedPanel	M	owner=Workspace; func attachDetachedTab(         _ detached: DetachedTabTransfer,         inPane paneId: PaneID,     
Sources/Workspace.swift	9832	DetachedTabTransfer	DetachedPanelTransfer	T	
Sources/Workspace.swift	9864	TerminalTab	TerminalPanel	T	
Sources/Workspace.swift	9864	terminalTab	terminalPanel	L	let terminalTab = detached.panel as? TerminalTab {
Sources/Workspace.swift	9865	terminalTab	terminalPanel	L	let terminalTab = detached.panel as? TerminalTab {
Sources/Workspace.swift	9866	BrowserTab	BrowserPanel	T	
Sources/Workspace.swift	9866	browserTab	browserPanel	L	let browserTab = detached.panel as? BrowserTab {
Sources/Workspace.swift	9867	browserTab	browserPanel	L	let browserTab = detached.panel as? BrowserTab {
Sources/Workspace.swift	9874	browserTab	browserPanel	L	let browserTab = detached.panel as? BrowserTab {
Sources/Workspace.swift	9874	installBrowserTabSubscription	installBrowserPanelSubscription	Muse	
Sources/Workspace.swift	9878	tabDirectories	panelDirectories	Muse	
Sources/Workspace.swift	9881	tabTitles	panelTitles	Muse	
Sources/Workspace.swift	9884	tabCustomTitles	panelCustomTitles	Muse	
Sources/Workspace.swift	9887	tabCustomColors	panelCustomColors	Muse	
Sources/Workspace.swift	9889	tabCustomColors	panelCustomColors	Muse	
Sources/Workspace.swift	9892	TabMetadataStore	PanelMetadataStore	T	
Sources/Workspace.swift	9901	TabMetadataStore	PanelMetadataStore	T	
Sources/Workspace.swift	9910	pinnedTabIds	pinnedPanelIds	Muse	
Sources/Workspace.swift	9912	pinnedTabIds	pinnedPanelIds	Muse	
Sources/Workspace.swift	9915	manualUnreadTabIds	manualUnreadPanelIds	Muse	
Sources/Workspace.swift	9918	manualUnreadTabIds	manualUnreadPanelIds	Muse	
Sources/Workspace.swift	9922	TabMetadataStore	PanelMetadataStore	T	
Sources/Workspace.swift	9934	tabShellEdgeAt	panelShellEdgeAt	Muse	
Sources/Workspace.swift	9937	derivedActivityByTab	derivedActivityByPanel	Muse	
Sources/Workspace.swift	9938	TabMetadataStore	PanelMetadataStore	T	
Sources/Workspace.swift	9946	derivedActivityByTab	derivedActivityByPanel	Muse	
Sources/Workspace.swift	9948	TabAttentionSnapshot	PanelAttentionSnapshot	T	
Sources/Workspace.swift	9955	TabAttentionService	PanelAttentionService	T	
Sources/Workspace.swift	9962	detectedTerminalTypesByTab	detectedTerminalTypesByPanel	Muse	
Sources/Workspace.swift	9964	detectedTerminalTypesByTab	detectedTerminalTypesByPanel	Muse	
Sources/Workspace.swift	9988	tabDirectories	panelDirectories	Muse	
Sources/Workspace.swift	9989	tabTitles	panelTitles	Muse	
Sources/Workspace.swift	9990	tabCustomTitles	panelCustomTitles	Muse	
Sources/Workspace.swift	9991	tabCustomColors	panelCustomColors	Muse	
Sources/Workspace.swift	9992	pinnedTabIds	pinnedPanelIds	Muse	
Sources/Workspace.swift	9993	manualUnreadTabIds	manualUnreadPanelIds	Muse	
Sources/Workspace.swift	9995	derivedActivityByTab	derivedActivityByPanel	Muse	
Sources/Workspace.swift	9997	detectedTerminalTypesByTab	detectedTerminalTypesByPanel	Muse	
Sources/Workspace.swift	9998	TabAttentionService	PanelAttentionService	T	
Sources/Workspace.swift	9999	tabSubscriptions	panelSubscriptions	Muse	
Sources/Workspace.swift	10129	FocusTabTrigger	FocusPanelTrigger	T	
Sources/Workspace.swift	10148	focusedTerminalTab	focusedTerminalPanel	Muse	
Sources/Workspace.swift	10215	BrowserTab	BrowserPanel	T	
Sources/Workspace.swift	10215	browserTab	browserPanel	L	let browserTab = panels[panelId] as? BrowserTab {
Sources/Workspace.swift	10216	browserTab	browserPanel	L	let browserTab = panels[panelId] as? BrowserTab {
Sources/Workspace.swift	10216	maybeAutoFocusBrowserAddressBarOnTabFocus	maybeAutoFocusBrowserAddressBarOnPanelFocus	Muse	
Sources/Workspace.swift	10220	TerminalTab	TerminalPanel	T	
Sources/Workspace.swift	10228	maybeAutoFocusBrowserAddressBarOnTabFocus	maybeAutoFocusBrowserAddressBarOnPanelFocus	M	owner=Workspace; func maybeAutoFocusBrowserAddressBarOnTabFocus(         _ browserPanel: BrowserTab,         trigger:
Sources/Workspace.swift	10229	BrowserTab	BrowserPanel	T	
Sources/Workspace.swift	10229	browserTab	browserPanel	L	browserTab: BrowserTab
Sources/Workspace.swift	10230	FocusTabTrigger	FocusPanelTrigger	T	
Sources/Workspace.swift	10234	browserTab	browserPanel	L	browserTab: BrowserTab
Sources/Workspace.swift	10235	browserTab	browserPanel	L	browserTab: BrowserTab
Sources/Workspace.swift	10237	browserTab	browserPanel	L	browserTab: BrowserTab
Sources/Workspace.swift	10238	browserTab	browserPanel	L	browserTab: BrowserTab
Sources/Workspace.swift	10326	TerminalTab	TerminalPanel	T	
Sources/Workspace.swift	10448	persistentFlashTabs	persistentFlashPanels	Muse	
Sources/Workspace.swift	10456	persistentFlashTabs	persistentFlashPanels	Muse	
Sources/Workspace.swift	10467	persistentFlashTabs	persistentFlashPanels	Muse	
Sources/Workspace.swift	10472	persistentFlashTabs	persistentFlashPanels	Muse	
Sources/Workspace.swift	10486	TabMetadataStore	PanelMetadataStore	T	
Sources/Workspace.swift	10503	persistentFlashTabs	persistentFlashPanels	Muse	
Sources/Workspace.swift	10506	TabMetadataStore	PanelMetadataStore	T	
Sources/Workspace.swift	10523	persistentFlashTabs	persistentFlashPanels	Muse	
Sources/Workspace.swift	10524	persistentFlashTabs	persistentFlashPanels	Muse	
Sources/Workspace.swift	10585	TerminalTab	TerminalPanel	T	
Sources/Workspace.swift	10593	BrowserTab	BrowserPanel	T	
Sources/Workspace.swift	10602	TerminalTab	TerminalPanel	T	
Sources/Workspace.swift	10602	createReplacementTerminalTab	createReplacementTerminalPanel	M	owner=Workspace; func createReplacementTerminalTab() -> TerminalTab
Sources/Workspace.swift	10608	TerminalTab	TerminalPanel	T	
Sources/Workspace.swift	10608	newTab	newPanel	L	let newTab = TerminalTab(
Sources/Workspace.swift	10615	newTab	newPanel	L	let newTab = TerminalTab(
Sources/Workspace.swift	10616	newTab	newPanel	L	let newTab = TerminalTab(
Sources/Workspace.swift	10616	tabTitles	panelTitles	Muse	
Sources/Workspace.swift	10617	newTab	newPanel	L	let newTab = TerminalTab(
Sources/Workspace.swift	10621	newTab	newPanel	L	let newTab = TerminalTab(
Sources/Workspace.swift	10622	newTab	newPanel	L	let newTab = TerminalTab(
Sources/Workspace.swift	10623	TabKind	PanelKind	T	
Sources/Workspace.swift	10624	newTab	newPanel	L	let newTab = TerminalTab(
Sources/Workspace.swift	10626	newTab	newPanel	L	let newTab = TerminalTab(
Sources/Workspace.swift	10628	newTab	newPanel	L	let newTab = TerminalTab(
Sources/Workspace.swift	10631	newTab	newPanel	L	let newTab = TerminalTab(
Sources/Workspace.swift	10640	TerminalTab	TerminalPanel	T	
Sources/Workspace.swift	10647	TerminalTab	TerminalPanel	T	
Sources/Workspace.swift	10647	terminalTab	terminalPanel	L	let terminalTab = panel as? TerminalTab,
Sources/Workspace.swift	10648	terminalTab	terminalPanel	L	let terminalTab = panel as? TerminalTab,
Sources/Workspace.swift	10666	mappedTabId	mappedPanelId	L	let mappedTabId = tabIdFromBonsplitTabId(focusedBonsplitTab.id),
Sources/Workspace.swift	10667	mappedTabId	mappedPanelId	L	let mappedTabId = tabIdFromBonsplitTabId(focusedBonsplitTab.id),
Sources/Workspace.swift	10668	mappedTabId	mappedPanelId	L	let mappedTabId = tabIdFromBonsplitTabId(focusedBonsplitTab.id),
Sources/Workspace.swift	10672	mappedTabId	mappedPanelId	L	let mappedTabId = tabIdFromBonsplitTabId(focusedBonsplitTab.id),
Sources/Workspace.swift	10673	mappedTabId	mappedPanelId	L	let mappedTabId = tabIdFromBonsplitTabId(focusedBonsplitTab.id),
Sources/Workspace.swift	10676	mappedTabId	mappedPanelId	L	let mappedTabId = tabIdFromBonsplitTabId(focusedBonsplitTab.id),
Sources/Workspace.swift	10699	TerminalTab	TerminalPanel	T	
Sources/Workspace.swift	10699	terminalTab	terminalPanel	L	let terminalTab = targetPanel as? TerminalTab {
Sources/Workspace.swift	10700	terminalTab	terminalPanel	L	let terminalTab = targetPanel as? TerminalTab {
Sources/Workspace.swift	10702	tabDirectories	panelDirectories	Muse	
Sources/Workspace.swift	10705	tabGitBranches	panelGitBranches	Muse	
Sources/Workspace.swift	10706	tabPullRequests	panelPullRequests	Muse	
Sources/Workspace.swift	10735	layoutFollowUpBrowserTabId	layoutFollowUpBrowserPanelId	Muse	
Sources/Workspace.swift	10738	layoutFollowUpBrowserExitFocusTabId	layoutFollowUpBrowserExitFocusPanelId	Muse	
Sources/Workspace.swift	10741	layoutFollowUpTerminalFocusTabId	layoutFollowUpTerminalFocusPanelId	Muse	
Sources/Workspace.swift	10838	layoutFollowUpTerminalFocusTabId	layoutFollowUpTerminalFocusPanelId	Muse	
Sources/Workspace.swift	10839	layoutFollowUpBrowserTabId	layoutFollowUpBrowserPanelId	Muse	
Sources/Workspace.swift	10840	layoutFollowUpBrowserExitFocusTabId	layoutFollowUpBrowserExitFocusPanelId	Muse	
Sources/Workspace.swift	10904	BrowserTab	BrowserPanel	T	
Sources/Workspace.swift	10904	browserTab	browserPanel	L	browserTab: BrowserTab
Sources/Workspace.swift	10905	browserTab	browserPanel	L	browserTab: BrowserTab
Sources/Workspace.swift	10913	BrowserTab	BrowserPanel	T	
Sources/Workspace.swift	10913	browserTab	browserPanel	L	browserTab: BrowserTab
Sources/Workspace.swift	10914	browserTab	browserPanel	L	browserTab: BrowserTab
Sources/Workspace.swift	10915	browserTab	browserPanel	L	browserTab: BrowserTab
Sources/Workspace.swift	10916	browserTab	browserPanel	L	browserTab: BrowserTab
Sources/Workspace.swift	10917	browserTab	browserPanel	L	browserTab: BrowserTab
Sources/Workspace.swift	10933	layoutFollowUpTerminalFocusTabId	layoutFollowUpTerminalFocusPanelId	Muse	
Sources/Workspace.swift	10941	layoutFollowUpBrowserTabId	layoutFollowUpBrowserPanelId	Muse	
Sources/Workspace.swift	10964	layoutFollowUpTerminalFocusTabId	layoutFollowUpTerminalFocusPanelId	Muse	
Sources/Workspace.swift	10965	layoutFollowUpBrowserExitFocusTabId	layoutFollowUpBrowserExitFocusPanelId	Muse	
Sources/Workspace.swift	10973	layoutFollowUpBrowserExitFocusTabId	layoutFollowUpBrowserExitFocusPanelId	Muse	
Sources/Workspace.swift	10979	layoutFollowUpTerminalFocusTabId	layoutFollowUpTerminalFocusPanelId	Muse	
Sources/Workspace.swift	10984	layoutFollowUpTerminalFocusTabId	layoutFollowUpTerminalFocusPanelId	Muse	
Sources/Workspace.swift	10987	layoutFollowUpTerminalFocusTabId	layoutFollowUpTerminalFocusPanelId	Muse	
Sources/Workspace.swift	10998	layoutFollowUpBrowserTabId	layoutFollowUpBrowserPanelId	Muse	
Sources/Workspace.swift	11014	layoutFollowUpBrowserTabId	layoutFollowUpBrowserPanelId	Muse	
Sources/Workspace.swift	11017	layoutFollowUpBrowserTabId	layoutFollowUpBrowserPanelId	Muse	
Sources/Workspace.swift	11021	layoutFollowUpBrowserExitFocusTabId	layoutFollowUpBrowserExitFocusPanelId	Muse	
Sources/Workspace.swift	11027	layoutFollowUpBrowserExitFocusTabId	layoutFollowUpBrowserExitFocusPanelId	Muse	
Sources/Workspace.swift	11030	layoutFollowUpBrowserExitFocusTabId	layoutFollowUpBrowserExitFocusPanelId	Muse	
Sources/Workspace.swift	11036	layoutFollowUpBrowserExitFocusTabId	layoutFollowUpBrowserExitFocusPanelId	Muse	
Sources/Workspace.swift	11095	TerminalTab	TerminalPanel	T	
Sources/Workspace.swift	11095	terminalTab	terminalPanel	L	let terminalTab = panel as? TerminalTab else { continue }
Sources/Workspace.swift	11096	terminalTab	terminalPanel	L	let terminalTab = panel as? TerminalTab else { continue }
Sources/Workspace.swift	11098	terminalTab	terminalPanel	L	let terminalTab = panel as? TerminalTab else { continue }
Sources/Workspace.swift	11099	terminalTab	terminalPanel	L	let terminalTab = panel as? TerminalTab else { continue }
Sources/Workspace.swift	11104	terminalTab	terminalPanel	L	let terminalTab = panel as? TerminalTab else { continue }
Sources/Workspace.swift	11117	terminalTab	terminalPanel	L	let terminalTab = panel as? TerminalTab else { continue }
Sources/Workspace.swift	11118	terminalTab	terminalPanel	L	let terminalTab = panel as? TerminalTab else { continue }
Sources/Workspace.swift	11127	terminalTab	terminalPanel	L	let terminalTab = panel as? TerminalTab else { continue }
Sources/Workspace.swift	11128	terminalTab	terminalPanel	L	let terminalTab = panel as? TerminalTab else { continue }
Sources/Workspace.swift	11199	tabId	panelId	L	let tabId = tabIdFromBonsplitTabId(selectedBonsplitTab.id),
Sources/Workspace.swift	11200	tabId	panelId	L	let tabId = tabIdFromBonsplitTabId(selectedBonsplitTab.id),
Sources/Workspace.swift	11203	tabId	panelId	L	let tabId = tabIdFromBonsplitTabId(selectedBonsplitTab.id),
Sources/Workspace.swift	11222	TerminalTab	TerminalPanel	T	
Sources/Workspace.swift	11222	terminalTab	terminalPanel	L	let terminalTab = panel as? TerminalTab else { continue }
Sources/Workspace.swift	11223	terminalTab	terminalPanel	L	let terminalTab = panel as? TerminalTab else { continue }
Sources/Workspace.swift	11224	terminalTab	terminalPanel	L	let terminalTab = panel as? TerminalTab else { continue }
Sources/Workspace.swift	11225	terminalTab	terminalPanel	L	let terminalTab = panel as? TerminalTab else { continue }
Sources/Workspace.swift	11228	terminalTab	terminalPanel	L	let terminalTab = panel as? TerminalTab else { continue }
Sources/Workspace.swift	11229	terminalTab	terminalPanel	L	let terminalTab = panel as? TerminalTab else { continue }
Sources/Workspace.swift	11230	terminalTab	terminalPanel	L	let terminalTab = panel as? TerminalTab else { continue }
Sources/Workspace.swift	11234	terminalTab	terminalPanel	L	let terminalTab = panel as? TerminalTab else { continue }
Sources/Workspace.swift	11246	TerminalTab	TerminalPanel	T	
Sources/Workspace.swift	11246	terminalTab	terminalPanel	L	let terminalTab = panel as? TerminalTab else { continue }
Sources/Workspace.swift	11247	terminalTab	terminalPanel	L	let terminalTab = panel as? TerminalTab else { continue }
Sources/Workspace.swift	11248	terminalTab	terminalPanel	L	let terminalTab = panel as? TerminalTab else { continue }
Sources/Workspace.swift	11251	terminalTab	terminalPanel	L	let terminalTab = panel as? TerminalTab else { continue }
Sources/Workspace.swift	11268	BrowserTab	BrowserPanel	T	
Sources/Workspace.swift	11268	browserTab	browserPanel	L	let browserTab = panel as? BrowserTab else { continue }
Sources/Workspace.swift	11269	browserTab	browserPanel	L	let browserTab = panel as? BrowserTab else { continue }
Sources/Workspace.swift	11270	browserTab	browserPanel	L	let browserTab = panel as? BrowserTab else { continue }
Sources/Workspace.swift	11271	browserTab	browserPanel	L	let browserTab = panel as? BrowserTab else { continue }
Sources/Workspace.swift	11275	browserTab	browserPanel	L	let browserTab = panel as? BrowserTab else { continue }
Sources/Workspace.swift	11281	browserTab	browserPanel	L	let browserTab = panel as? BrowserTab else { continue }
Sources/Workspace.swift	11282	browserTab	browserPanel	L	let browserTab = panel as? BrowserTab else { continue }
Sources/Workspace.swift	11285	browserTab	browserPanel	L	let browserTab = panel as? BrowserTab else { continue }
Sources/Workspace.swift	11287	browserTab	browserPanel	L	let browserTab = panel as? BrowserTab else { continue }
Sources/Workspace.swift	11294	browserTab	browserPanel	L	let browserTab = panel as? BrowserTab else { continue }
Sources/Workspace.swift	11306	browserTab	browserPanel	L	let browserTab = panel as? BrowserTab else { continue }
Sources/Workspace.swift	11312	browserTab	browserPanel	L	let browserTab = panel as? BrowserTab else { continue }
Sources/Workspace.swift	11327	BrowserTab	BrowserPanel	T	
Sources/Workspace.swift	11327	browserTab	browserPanel	L	let browserTab = panel as? BrowserTab else { continue }
Sources/Workspace.swift	11328	browserTab	browserPanel	L	let browserTab = panel as? BrowserTab else { continue }
Sources/Workspace.swift	11329	browserTab	browserPanel	L	let browserTab = panel as? BrowserTab else { continue }
Sources/Workspace.swift	11336	browserTab	browserPanel	L	let browserTab = panel as? BrowserTab else { continue }
Sources/Workspace.swift	11337	browserTab	browserPanel	L	let browserTab = panel as? BrowserTab else { continue }
Sources/Workspace.swift	11338	browserTab	browserPanel	L	let browserTab = panel as? BrowserTab else { continue }
Sources/Workspace.swift	11376	pinnedTabIds	pinnedPanelIds	Muse	
Sources/Workspace.swift	11404	newTab	newPanel	L	let newTab = newTerminalSurface(inPane: paneId, focus: true) else { return }
Sources/Workspace.swift	11405	newTab	newPanel	L	let newTab = newTerminalSurface(inPane: paneId, focus: true) else { return }
Sources/Workspace.swift	11411	newTab	newPanel	L	let newTab = newBrowserSurface(
Sources/Workspace.swift	11417	newTab	newPanel	L	let newTab = newBrowserSurface(
Sources/Workspace.swift	11421	tabId	panelId	L	let tabId = tabIdFromBonsplitTabId(anchorBonsplitTabId),
Sources/Workspace.swift	11422	tabId	panelId	L	let tabId = tabIdFromBonsplitTabId(anchorBonsplitTabId),
Sources/Workspace.swift	11424	newTab	newPanel	L	let newTab = newBrowserSurface(
Sources/Workspace.swift	11430	newTab	newPanel	L	let newTab = newBrowserSurface(
Sources/Workspace.swift	11436	tabCustomTitles	panelCustomTitles	Muse	
Sources/Workspace.swift	11436	tabTitles	panelTitles	Muse	
Sources/Workspace.swift	11506	TabMoveDestination	PanelMoveDestination	T	
Sources/Workspace.swift	11522	TabMoveDestination	PanelMoveDestination	T	
Sources/Workspace.swift	11839	TabFocusIntent	PanelFocusIntent	T	
Sources/Workspace.swift	11877	TabSeenTracker	PanelSeenTracker	T	
Sources/Workspace.swift	11884	TabFocusIntent	PanelFocusIntent	T	
Sources/Workspace.swift	11927	selectedTabId	selectedPanelId	L	let selectedTabId = tabIdFromBonsplitTabId(selectedBonsplitTabId) else {
Sources/Workspace.swift	11930	effectiveFocusedTabId	effectiveFocusedPanelId	L	let effectiveFocusedTabId = effectiveSelectedTabId(inPane: focusedPane) ?? selectedTabId
Sources/Workspace.swift	11930	effectiveSelectedTabId	effectiveSelectedPanelId	Muse	
Sources/Workspace.swift	11930	selectedTabId	selectedPanelId	L	let selectedTabId = tabIdFromBonsplitTabId(selectedBonsplitTabId) else {
Sources/Workspace.swift	11931	effectiveFocusedTabId	effectiveFocusedPanelId	L	let effectiveFocusedTabId = effectiveSelectedTabId(inPane: focusedPane) ?? selectedTabId
Sources/Workspace.swift	11936	TerminalTab	TerminalPanel	T	
Sources/Workspace.swift	11936	terminalTab	terminalPanel	L	let terminalTab = panel as? TerminalTab {
Sources/Workspace.swift	11937	terminalTab	terminalPanel	L	let terminalTab = panel as? TerminalTab {
Sources/Workspace.swift	11939	terminalTab	terminalPanel	L	let terminalTab = panel as? TerminalTab {
Sources/Workspace.swift	11945	effectiveFocusedTabId	effectiveFocusedPanelId	L	let effectiveFocusedTabId = effectiveSelectedTabId(inPane: focusedPane) ?? selectedTabId
Sources/Workspace.swift	11949	effectiveFocusedTabId	effectiveFocusedPanelId	L	let effectiveFocusedTabId = effectiveSelectedTabId(inPane: focusedPane) ?? selectedTabId
Sources/Workspace.swift	11951	selectedTabId	selectedPanelId	L	let selectedTabId = tabIdFromBonsplitTabId(selectedBonsplitTabId) else {
Sources/Workspace.swift	11952	selectedTabId	selectedPanelId	L	let selectedTabId = tabIdFromBonsplitTabId(selectedBonsplitTabId) else {
Sources/Workspace.swift	11955	effectiveFocusedTabId	effectiveFocusedPanelId	L	let effectiveFocusedTabId = effectiveSelectedTabId(inPane: focusedPane) ?? selectedTabId
Sources/Workspace.swift	11967	activateTab	activatePanel	Muse	
Sources/Workspace.swift	11975	BrowserTab	BrowserPanel	T	
Sources/Workspace.swift	11975	browserTab	browserPanel	L	let browserTab = panel as? BrowserTab,
Sources/Workspace.swift	11978	browserTab	browserPanel	L	let browserTab = panel as? BrowserTab,
Sources/Workspace.swift	11978	maybeAutoFocusBrowserAddressBarOnTabFocus	maybeAutoFocusBrowserAddressBarOnPanelFocus	Muse	
Sources/Workspace.swift	11980	TerminalTab	TerminalPanel	T	
Sources/Workspace.swift	11980	terminalTab	terminalPanel	L	let terminalTab = panel as? TerminalTab {
Sources/Workspace.swift	11981	terminalTab	terminalPanel	L	let terminalTab = panel as? TerminalTab {
Sources/Workspace.swift	11983	manualUnreadTabIds	manualUnreadPanelIds	Muse	
Sources/Workspace.swift	12004	TerminalTab	TerminalPanel	T	
Sources/Workspace.swift	12004	terminalTab	terminalPanel	L	let terminalTab = panel as? TerminalTab {
Sources/Workspace.swift	12006	terminalTab	terminalPanel	L	let terminalTab = panel as? TerminalTab {
Sources/Workspace.swift	12015	terminalTab	terminalPanel	L	let terminalTab = panel as? TerminalTab {
Sources/Workspace.swift	12024	terminalTab	terminalPanel	L	let terminalTab = panel as? TerminalTab {
Sources/Workspace.swift	12032	tabDirectories	panelDirectories	Muse	
Sources/Workspace.swift	12035	tabGitBranches	panelGitBranches	Muse	
Sources/Workspace.swift	12036	tabPullRequests	panelPullRequests	Muse	
Sources/Workspace.swift	12058	activateTab	activatePanel	M	owner=Workspace; func activateTab(         _ panel: any TabContent,         focusIntent: TabFocusIntent,         reas
Sources/Workspace.swift	12059	TabContent	Panel	T	
Sources/Workspace.swift	12060	TabFocusIntent	PanelFocusIntent	T	
Sources/Workspace.swift	12063	TerminalTab	TerminalPanel	T	
Sources/Workspace.swift	12063	terminalTab	terminalPanel	L	let terminalTab = panel as? TerminalTab {
Sources/Workspace.swift	12065	terminalTab	terminalPanel	L	let terminalTab = panel as? TerminalTab {
Sources/Workspace.swift	12066	terminalTab	terminalPanel	L	let terminalTab = panel as? TerminalTab {
Sources/Workspace.swift	12068	terminalTab	terminalPanel	L	let terminalTab = panel as? TerminalTab {
Sources/Workspace.swift	12073	BrowserTab	BrowserPanel	T	
Sources/Workspace.swift	12073	browserTab	browserPanel	L	let browserTab = panel as? BrowserTab {
Sources/Workspace.swift	12075	browserTab	browserPanel	L	let browserTab = panel as? BrowserTab {
Sources/Workspace.swift	12084	TabContent	Panel	T	
Sources/Workspace.swift	12085	TerminalTab	TerminalPanel	T	
Sources/Workspace.swift	12085	terminalTab	terminalPanel	L	let terminalTab = panel as? TerminalTab {
Sources/Workspace.swift	12086	terminalTab	terminalPanel	L	let terminalTab = panel as? TerminalTab {
Sources/Workspace.swift	12088	BrowserTab	BrowserPanel	T	
Sources/Workspace.swift	12088	browserTab	browserPanel	L	let browserTab = panel as? BrowserTab {
Sources/Workspace.swift	12089	browserTab	browserPanel	L	let browserTab = panel as? BrowserTab {
Sources/Workspace.swift	12097	TabFocusIntent	PanelFocusIntent	T	
Sources/Workspace.swift	12115	TabFocusIntent	PanelFocusIntent	T	
Sources/Workspace.swift	12124	TabFocusIntent	PanelFocusIntent	T	
Sources/Workspace.swift	12133	TabFocusIntent	PanelFocusIntent	T	
Sources/Workspace.swift	12142	TabFocusIntent	PanelFocusIntent	T	
Sources/Workspace.swift	12238	pinnedTabIds	pinnedPanelIds	Muse	
Sources/Workspace.swift	12328	BrowserTab	BrowserPanel	T	
Sources/Workspace.swift	12328	browserTab	browserPanel	L	let browserTab = panel as? BrowserTab
Sources/Workspace.swift	12329	tabTitles	panelTitles	Muse	
Sources/Workspace.swift	12331	DetachedTabTransfer	DetachedPanelTransfer	T	
Sources/Workspace.swift	12336	browserTab	browserPanel	L	let browserTab = panel as? BrowserTab
Sources/Workspace.swift	12338	browserTab	browserPanel	L	let browserTab = panel as? BrowserTab
Sources/Workspace.swift	12339	pinnedTabIds	pinnedPanelIds	Muse	
Sources/Workspace.swift	12340	tabDirectories	panelDirectories	Muse	
Sources/Workspace.swift	12342	tabCustomTitles	panelCustomTitles	Muse	
Sources/Workspace.swift	12343	tabCustomColors	panelCustomColors	Muse	
Sources/Workspace.swift	12345	TabMetadataStore	PanelMetadataStore	T	
Sources/Workspace.swift	12350	TabMetadataStore	PanelMetadataStore	T	
Sources/Workspace.swift	12355	manualUnreadTabIds	manualUnreadPanelIds	Muse	
Sources/Workspace.swift	12357	TabMetadataStore	PanelMetadataStore	T	
Sources/Workspace.swift	12362	derivedActivityByTab	derivedActivityByPanel	Muse	
Sources/Workspace.swift	12363	TabMetadataStore	PanelMetadataStore	T	
Sources/Workspace.swift	12369	detectedTerminalTypesByTab	detectedTerminalTypesByPanel	Muse	
Sources/Workspace.swift	12376	tabShellEdgeAt	panelShellEdgeAt	Muse	
Sources/Workspace.swift	12380	onClosedBrowserTab	onClosedBrowserPanel	Muse	
Sources/Workspace.swift	12384	TabSeenTracker	PanelSeenTracker	T	
Sources/Workspace.swift	12401	tabDirectories	panelDirectories	Muse	
Sources/Workspace.swift	12402	tabGitBranches	panelGitBranches	Muse	
Sources/Workspace.swift	12403	tabPullRequests	panelPullRequests	Muse	
Sources/Workspace.swift	12404	tabTitles	panelTitles	Muse	
Sources/Workspace.swift	12405	tabCustomTitles	panelCustomTitles	Muse	
Sources/Workspace.swift	12406	tabCustomColors	panelCustomColors	Muse	
Sources/Workspace.swift	12407	pinnedTabIds	pinnedPanelIds	Muse	
Sources/Workspace.swift	12408	manualUnreadTabIds	manualUnreadPanelIds	Muse	
Sources/Workspace.swift	12410	tabSubscriptions	panelSubscriptions	Muse	
Sources/Workspace.swift	12411	tabShellActivityStates	panelShellActivityStates	Muse	
Sources/Workspace.swift	12412	tabShellEdgeAt	panelShellEdgeAt	Muse	
Sources/Workspace.swift	12413	derivedActivityByTab	derivedActivityByPanel	Muse	
Sources/Workspace.swift	12414	attentionByTab	attentionByPanel	Muse	
Sources/Workspace.swift	12417	detectedTerminalTypesByTab	detectedTerminalTypesByPanel	Muse	
Sources/Workspace.swift	12419	tabTTYNames	panelTTYNames	Muse	
Sources/Workspace.swift	12420	restoredTerminalScrollbackByTabId	restoredTerminalScrollbackByPanelId	Muse	
Sources/Workspace.swift	12424	TabAttentionService	PanelAttentionService	T	
Sources/Workspace.swift	12427	terminalInheritanceFontPointsByTabId	terminalInheritanceFontPointsByPanelId	Muse	
Sources/Workspace.swift	12428	lastTerminalConfigInheritanceTabId	lastTerminalConfigInheritancePanelId	Muse	
Sources/Workspace.swift	12429	lastTerminalConfigInheritanceTabId	lastTerminalConfigInheritancePanelId	Muse	
Sources/Workspace.swift	12441	createReplacementTerminalTab	createReplacementTerminalPanel	Muse	
Sources/Workspace.swift	12549	TerminalTab	TerminalPanel	T	
Sources/Workspace.swift	12549	terminalTab	terminalPanel	L	let terminalTab = panels[panelId] as? TerminalTab {
Sources/Workspace.swift	12550	terminalTab	terminalPanel	L	let terminalTab = panels[panelId] as? TerminalTab {
Sources/Workspace.swift	12575	pendingAreaCloseTabIds	pendingAreaClosePanelIds	Muse	
Sources/Workspace.swift	12593	TabSeenTracker	PanelSeenTracker	T	
Sources/Workspace.swift	12596	tabDirectories	panelDirectories	Muse	
Sources/Workspace.swift	12597	tabGitBranches	panelGitBranches	Muse	
Sources/Workspace.swift	12598	tabPullRequests	panelPullRequests	Muse	
Sources/Workspace.swift	12599	tabTitles	panelTitles	Muse	
Sources/Workspace.swift	12600	tabCustomTitles	panelCustomTitles	Muse	
Sources/Workspace.swift	12601	tabCustomColors	panelCustomColors	Muse	
Sources/Workspace.swift	12602	pinnedTabIds	pinnedPanelIds	Muse	
Sources/Workspace.swift	12603	manualUnreadTabIds	manualUnreadPanelIds	Muse	
Sources/Workspace.swift	12604	tabSubscriptions	panelSubscriptions	Muse	
Sources/Workspace.swift	12605	tabShellActivityStates	panelShellActivityStates	Muse	
Sources/Workspace.swift	12606	tabShellEdgeAt	panelShellEdgeAt	Muse	
Sources/Workspace.swift	12607	derivedActivityByTab	derivedActivityByPanel	Muse	
Sources/Workspace.swift	12610	detectedTerminalTypesByTab	detectedTerminalTypesByPanel	Muse	
Sources/Workspace.swift	12612	tabTTYNames	panelTTYNames	Muse	
Sources/Workspace.swift	12613	tabListeningPorts	panelListeningPorts	Muse	
Sources/Workspace.swift	12614	restoredTerminalScrollbackByTabId	restoredTerminalScrollbackByPanelId	Muse	
Sources/Workspace.swift	12646	pendingAreaCloseTabIds	pendingAreaClosePanelIds	Muse	
Sources/Workspace.swift	12650	pendingAreaCloseTabIds	pendingAreaClosePanelIds	Muse	
Sources/Workspace.swift	12660	TerminalTab	TerminalPanel	T	
Sources/Workspace.swift	12661	BrowserTab	BrowserPanel	T	
Sources/Workspace.swift	12738	terminalTabForConfigInheritance	terminalPanelForConfigInheritance	Muse	
Sources/Workspace.swift	12742	TerminalTab	TerminalPanel	T	
Sources/Workspace.swift	12742	replacementTab	replacementPanel	L	let replacementTab = TerminalTab(
Sources/Workspace.swift	12749	replacementTab	replacementPanel	L	let replacementTab = TerminalTab(
Sources/Workspace.swift	12750	replacementTab	replacementPanel	L	let replacementTab = TerminalTab(
Sources/Workspace.swift	12750	tabTitles	panelTitles	Muse	
Sources/Workspace.swift	12751	replacementTab	replacementPanel	L	let replacementTab = TerminalTab(
Sources/Workspace.swift	12752	replacementTab	replacementPanel	L	let replacementTab = TerminalTab(
Sources/Workspace.swift	12756	replacementTab	replacementPanel	L	let replacementTab = TerminalTab(
Sources/Workspace.swift	12757	replacementTab	replacementPanel	L	let replacementTab = TerminalTab(
Sources/Workspace.swift	12759	TabKind	PanelKind	T	
Sources/Workspace.swift	12761	replacementTab	replacementPanel	L	let replacementTab = TerminalTab(
Sources/Workspace.swift	12795	sourceTabId	sourcePanelId	L	let sourceTabId = sourceBonsplitTabId.flatMap { tabIdFromBonsplitTabId($0) }
Sources/Workspace.swift	12800	sourceTabId	sourcePanelId	L	let sourceTabId = sourceBonsplitTabId.flatMap { tabIdFromBonsplitTabId($0) }
Sources/Workspace.swift	12804	sourceTabId	sourcePanelId	L	let sourceTabId = sourceBonsplitTabId.flatMap { tabIdFromBonsplitTabId($0) }
Sources/Workspace.swift	12806	sourceTabId	sourcePanelId	L	let sourceTabId = sourceBonsplitTabId.flatMap { tabIdFromBonsplitTabId($0) }
Sources/Workspace.swift	12810	TerminalTab	TerminalPanel	T	
Sources/Workspace.swift	12810	newTab	newPanel	L	let newTab = TerminalTab(
Sources/Workspace.swift	12817	newTab	newPanel	L	let newTab = TerminalTab(
Sources/Workspace.swift	12818	newTab	newPanel	L	let newTab = TerminalTab(
Sources/Workspace.swift	12818	tabTitles	panelTitles	Muse	
Sources/Workspace.swift	12819	newTab	newPanel	L	let newTab = TerminalTab(
Sources/Workspace.swift	12822	newTab	newPanel	L	let newTab = TerminalTab(
Sources/Workspace.swift	12823	newTab	newPanel	L	let newTab = TerminalTab(
Sources/Workspace.swift	12824	TabKind	PanelKind	T	
Sources/Workspace.swift	12825	newTab	newPanel	L	let newTab = TerminalTab(
Sources/Workspace.swift	12827	newTab	newPanel	L	let newTab = TerminalTab(
Sources/Workspace.swift	12830	newTab	newPanel	L	let newTab = TerminalTab(
Sources/Workspace.swift	12831	newTab	newPanel	L	let newTab = TerminalTab(
Sources/Workspace.swift	12831	tabTitles	panelTitles	Muse	
Sources/Workspace.swift	12832	newTab	newPanel	L	let newTab = TerminalTab(
Sources/Workspace.swift	12832	terminalInheritanceFontPointsByTabId	terminalInheritanceFontPointsByPanelId	Muse	
Sources/Workspace.swift	12836	newTab	newPanel	L	let newTab = TerminalTab(
Sources/Workspace.swift	12841	newTab	newPanel	L	let newTab = TerminalTab(
Sources/Workspace.swift	12874	TabTypeAvailability	PanelTypeAvailability	T	
Sources/Workspace.swift	12877	TabTypeAvailability	PanelTypeAvailability	T	
Sources/Workspace.swift	12878	newMarkdownTab	newMarkdownPanel	Muse	
Sources/Workspace.swift	12932	AgentTabLaunchOutcome	AgentPanelLaunchOutcome	T	
Sources/Workspace.swift	12951	attemptAgentTabLaunch	attemptAgentPanelLaunch	Muse	
Sources/Workspace.swift	12981	attemptAgentTabLaunch	attemptAgentPanelLaunch	M	owner=Workspace; func attemptAgentTabLaunch(         inPane pane: PaneID,         explicitAgent: AgentType? = nil,   
Sources/Workspace.swift	12987	AgentTabLaunchOutcome	AgentPanelLaunchOutcome	T	
Sources/Workspace.swift	13162	TabMetadataStore	PanelMetadataStore	T	
Sources/Workspace.swift	13176	TabMetadataStore	PanelMetadataStore	T	
Sources/Workspace.swift	13227	TabMetadataStore	PanelMetadataStore	T	
Sources/Workspace.swift	13235	TabMetadataStore	PanelMetadataStore	T	
Sources/Workspace.swift	13253	attemptAgentTabLaunch	attemptAgentPanelLaunch	Muse	
Sources/Workspace.swift	13304	attemptAgentTabLaunch	attemptAgentPanelLaunch	Muse	
Sources/Workspace.swift	13382	tabTitles	panelTitles	Muse	
Sources/Workspace.swift	13398	tabTitles	panelTitles	Muse	
Sources/Workspace.swift	13529	effectiveSelectedTabId	effectiveSelectedPanelId	Muse	
Sources/Workspace.swift	13532	TabTypeAvailability	PanelTypeAvailability	T	
Sources/Workspace.swift	13534	TabTypeAvailability	PanelTypeAvailability	T	
Sources/Workspace.swift	13535	newMarkdownTab	newMarkdownPanel	Muse	
Sources/Workspace.swift	13582	pinnedTabIds	pinnedPanelIds	Muse	
Sources/Workspace.swift	13630	TabContent	Panel	T	
Sources/Workspace.swift	13631	TabManifestKind	PanelManifestKind	T	
Sources/Workspace.swift	13640	TabManifestViewerWindowController	PanelManifestViewerWindowController	T	
Sources/Workspace.swift	13653	tabCustomColors	panelCustomColors	Muse	
Sources/WorkspaceApplyPlan.swift	23	TabSpec	PanelSpec	T	
Sources/WorkspaceApplyPlan.swift	29	TabSpec	PanelSpec	T	
Sources/WorkspaceApplyPlan.swift	50	TabSpec	PanelSpec	T	
Sources/WorkspaceApplyPlan.swift	52	TabSpec	PanelSpec	T	
Sources/WorkspaceApplyPlan.swift	90	TabSpecKind	PanelSpecKind	T	
Sources/WorkspaceApplyPlan.swift	96	TabSpec	PanelSpec	T	
Sources/WorkspaceApplyPlan.swift	100	TabSpecKind	PanelSpecKind	T	
Sources/WorkspaceApplyPlan.swift	140	TabSpecKind	PanelSpecKind	T	
Sources/WorkspaceApplyPlan.swift	186	TabSpecKind	PanelSpecKind	T	
Sources/WorkspaceBlueprintMarkdown.swift	165	TabIDGenerator	PanelIDGenerator	T	
Sources/WorkspaceBlueprintMarkdown.swift	166	TabSpec	PanelSpec	T	
Sources/WorkspaceBlueprintMarkdown.swift	318	TabIDGenerator	PanelIDGenerator	T	
Sources/WorkspaceBlueprintMarkdown.swift	367	TabIDGenerator	PanelIDGenerator	T	
Sources/WorkspaceBlueprintMarkdown.swift	374	TabSpec	PanelSpec	T	
Sources/WorkspaceBlueprintMarkdown.swift	375	TabIDGenerator	PanelIDGenerator	T	
Sources/WorkspaceBlueprintMarkdown.swift	425	TabSpec	PanelSpec	T	
Sources/WorkspaceBlueprintMarkdown.swift	429	TabSpecKind	PanelSpecKind	T	
Sources/WorkspaceBlueprintMarkdown.swift	442	TabSpec	PanelSpec	T	
Sources/WorkspaceBlueprintMarkdown.swift	459	TabSpec	PanelSpec	T	
Sources/WorkspaceBlueprintMarkdown.swift	528	TabSpec	PanelSpec	T	
Sources/WorkspaceBlueprintMarkdown.swift	542	TabSpec	PanelSpec	T	
Sources/WorkspaceBlueprintMarkdown.swift	559	TabSpec	PanelSpec	T	
Sources/WorkspaceBlueprintMarkdown.swift	586	TabSpec	PanelSpec	T	
Sources/WorkspaceContentView.swift	59	TabAppearance	PanelAppearance	T	
Sources/WorkspaceContentView.swift	75	TerminalTab	TerminalPanel	T	
Sources/WorkspaceContentView.swift	93	manualUnreadTabIds	manualUnreadPanelIds	Muse	
Sources/WorkspaceContentView.swift	95	TabContentView	PanelContentView	T	
Sources/WorkspaceContentView.swift	114	onRequestTabFocus	onRequestPanelFocus	Muse	
Sources/WorkspaceContentView.swift	126	EmptyTabView	EmptyPanelView	T	
Sources/WorkspaceContentView.swift	130	EmptyTabView	EmptyPanelView	T	
Sources/WorkspaceContentView.swift	173	manualUnreadTabIds	manualUnreadPanelIds	Muse	
Sources/WorkspaceContentView.swift	176	derivedActivityByTab	derivedActivityByPanel	Muse	
Sources/WorkspaceContentView.swift	262	manualUnreadTabIds	manualUnreadPanelIds	Muse	
Sources/WorkspaceContentView.swift	390	focusedTerminalTab	focusedTerminalPanel	Muse	
Sources/WorkspaceContentView.swift	390	terminalTab	terminalPanel	L	let terminalTab = workspace.focusedTerminalTab {
Sources/WorkspaceContentView.swift	391	terminalTab	terminalPanel	L	let terminalTab = workspace.focusedTerminalTab {
Sources/WorkspaceContentView.swift	437	EmptyTabView	EmptyPanelView	T	
Sources/WorkspaceLayoutExecutor.swift	163	focusedTerminalTab	focusedTerminalPanel	Muse	
Sources/WorkspaceLayoutExecutor.swift	163	seedTab	seedPanel	L	let seedTab = workspace.focusedTerminalTab,
Sources/WorkspaceLayoutExecutor.swift	164	seedTab	seedPanel	L	let seedTab = workspace.focusedTerminalTab,
Sources/WorkspaceLayoutExecutor.swift	187	seedTab	seedPanel	L	let seedTab = workspace.focusedTerminalTab,
Sources/WorkspaceLayoutExecutor.swift	315	TerminalTab	TerminalPanel	T	
Sources/WorkspaceLayoutExecutor.swift	315	terminalTab	terminalPanel	L	let terminalTab = workspace.panels[panelId] as? TerminalTab else {
Sources/WorkspaceLayoutExecutor.swift	328	TabMetadataKeyName	PanelMetadataKeyName	T	
Sources/WorkspaceLayoutExecutor.swift	329	TabMetadataKeyName	PanelMetadataKeyName	T	
Sources/WorkspaceLayoutExecutor.swift	365	terminalTab	terminalPanel	L	let terminalTab = workspace.panels[panelId] as? TerminalTab else {
Sources/WorkspaceLayoutExecutor.swift	372	terminalTab	terminalPanel	L	let terminalTab = workspace.panels[panelId] as? TerminalTab else {
Sources/WorkspaceLayoutExecutor.swift	378	terminalTab	terminalPanel	L	let terminalTab = workspace.panels[panelId] as? TerminalTab else {
Sources/WorkspaceLayoutExecutor.swift	683	AnchorTab	AnchorPanel	T	
Sources/WorkspaceLayoutExecutor.swift	687	TerminalTab	TerminalPanel	T	
Sources/WorkspaceLayoutExecutor.swift	690	TabSpecKind	PanelSpecKind	T	
Sources/WorkspaceLayoutExecutor.swift	699	TabSpecKind	PanelSpecKind	T	
Sources/WorkspaceLayoutExecutor.swift	713	TabSpec	PanelSpec	T	
Sources/WorkspaceLayoutExecutor.swift	744	AnchorTab	AnchorPanel	T	
Sources/WorkspaceLayoutExecutor.swift	757	AnchorTab	AnchorPanel	T	
Sources/WorkspaceLayoutExecutor.swift	864	AnchorTab	AnchorPanel	T	
Sources/WorkspaceLayoutExecutor.swift	931	TabSpec	PanelSpec	T	
Sources/WorkspaceLayoutExecutor.swift	975	TabSpec	PanelSpec	T	
Sources/WorkspaceLayoutExecutor.swift	993	TabSpec	PanelSpec	T	
Sources/WorkspaceLayoutExecutor.swift	1001	TabMetadataStore	PanelMetadataStore	T	
Sources/WorkspaceLayoutExecutor.swift	1049	TabMetadataStore	PanelMetadataStore	T	
Sources/WorkspaceLayoutExecutor.swift	1156	TabSpec	PanelSpec	T	
Sources/WorkspaceLayoutExecutor.swift	1182	newMarkdownTab	newMarkdownPanel	Muse	
Sources/WorkspaceLayoutExecutor.swift	1306	TabSpec	PanelSpec	T	
Sources/WorkspaceLayoutExecutor.swift	1311	TabLifecycleState	PanelLifecycleState	T	
Sources/WorkspaceManager.swift	93	LastTabCloseShortcutSettings	LastPanelCloseShortcutSettings	T	
Sources/WorkspaceManager.swift	605	ClosedBrowserTabRestoreSnapshot	ClosedBrowserPanelRestoreSnapshot	T	
Sources/WorkspaceManager.swift	616	ClosedBrowserTabRestoreSnapshot	ClosedBrowserPanelRestoreSnapshot	T	
Sources/WorkspaceManager.swift	623	ClosedBrowserTabRestoreSnapshot	ClosedBrowserPanelRestoreSnapshot	T	
Sources/WorkspaceManager.swift	967	callerTabId	callerPanelId	T	
Sources/WorkspaceManager.swift	1023	TabSeenTracker	PanelSeenTracker	T	
Sources/WorkspaceManager.swift	1031	callerTabId	callerPanelId	T	
Sources/WorkspaceManager.swift	1052	lastFocusedTabByWorkspace	lastFocusedPanelByWorkspace	Muse	
Sources/WorkspaceManager.swift	1150	lastFocusedTabByWorkspace	lastFocusedPanelByWorkspace	M	owner=WorkspaceManager; private var lastFocusedTabByWorkspace: [UUID: UUID] = [:]
Sources/WorkspaceManager.swift	1151	TabTitleUpdateKey	PanelTitleUpdateKey	T	
Sources/WorkspaceManager.swift	1155	TabTitleUpdateKey	PanelTitleUpdateKey	T	
Sources/WorkspaceManager.swift	1155	pendingTabTitleUpdates	pendingPanelTitleUpdates	M	owner=WorkspaceManager; private var pendingTabTitleUpdates: [TabTitleUpdateKey: String] = [:]
Sources/WorkspaceManager.swift	1331	tabDirectories	panelDirectories	Muse	
Sources/WorkspaceManager.swift	1358	onClosedBrowserTab	onClosedBrowserPanel	Muse	
Sources/WorkspaceManager.swift	1364	onClosedBrowserTab	onClosedBrowserPanel	Muse	
Sources/WorkspaceManager.swift	1378	focusedTerminalTab	focusedTerminalPanel	Muse	
Sources/WorkspaceManager.swift	1382	TerminalTab	TerminalPanel	T	
Sources/WorkspaceManager.swift	1382	selectedTerminalTab	selectedTerminalPanel	M	owner=WorkspaceManager; var selectedTerminalTab: TerminalTab? {
Sources/WorkspaceManager.swift	1383	focusedTerminalTab	focusedTerminalPanel	Muse	
Sources/WorkspaceManager.swift	1387	focusedBrowserTab	focusedBrowserPanel	Muse	
Sources/WorkspaceManager.swift	1387	selectedTerminalTab	selectedTerminalPanel	Muse	
Sources/WorkspaceManager.swift	1391	selectedTerminalTab	selectedTerminalPanel	Muse	
Sources/WorkspaceManager.swift	1395	selectedTerminalTab	selectedTerminalPanel	Muse	
Sources/WorkspaceManager.swift	1404	selectedTerminalTab	selectedTerminalPanel	Muse	
Sources/WorkspaceManager.swift	1419	focusedBrowserTab	focusedBrowserPanel	Muse	
Sources/WorkspaceManager.swift	1423	selectedTerminalTab	selectedTerminalPanel	Muse	
Sources/WorkspaceManager.swift	1433	selectedTerminalTab	selectedTerminalPanel	Muse	
Sources/WorkspaceManager.swift	1438	focusedBrowserTab	focusedBrowserPanel	Muse	
Sources/WorkspaceManager.swift	1442	selectedTerminalTab	selectedTerminalPanel	Muse	
Sources/WorkspaceManager.swift	1447	focusedBrowserTab	focusedBrowserPanel	Muse	
Sources/WorkspaceManager.swift	1452	selectedTerminalTab	selectedTerminalPanel	Muse	
Sources/WorkspaceManager.swift	1457	selectedTerminalTab	selectedTerminalPanel	Muse	
Sources/WorkspaceManager.swift	1462	focusedBrowserTab	focusedBrowserPanel	Muse	
Sources/WorkspaceManager.swift	1522	focusedTerminalTab	focusedTerminalPanel	Muse	
Sources/WorkspaceManager.swift	1522	terminalTab	terminalPanel	L	let terminalTab = newWorkspace.focusedTerminalTab {
Sources/WorkspaceManager.swift	1525	terminalTab	terminalPanel	L	let terminalTab = newWorkspace.focusedTerminalTab {
Sources/WorkspaceManager.swift	1531	focusedTerminalTab	focusedTerminalPanel	Muse	
Sources/WorkspaceManager.swift	1572	focusedTerminalTab	focusedTerminalPanel	Muse	
Sources/WorkspaceManager.swift	1572	terminalTab	terminalPanel	L	let terminalTab = workspace.focusedTerminalTab,
Sources/WorkspaceManager.swift	1573	terminalTab	terminalPanel	L	let terminalTab = workspace.focusedTerminalTab,
Sources/WorkspaceManager.swift	1576	terminalTab	terminalPanel	L	let terminalTab = workspace.focusedTerminalTab,
Sources/WorkspaceManager.swift	1587	focusedTerminalTab	focusedTerminalPanel	Muse	
Sources/WorkspaceManager.swift	1587	terminalTab	terminalPanel	L	let terminalTab = workspace.focusedTerminalTab,
Sources/WorkspaceManager.swift	1588	terminalTab	terminalPanel	L	let terminalTab = workspace.focusedTerminalTab,
Sources/WorkspaceManager.swift	1596	terminalTab	terminalPanel	L	let terminalTab = workspace.focusedTerminalTab,
Sources/WorkspaceManager.swift	1632	TerminalTab	TerminalPanel	T	
Sources/WorkspaceManager.swift	1632	initialTab	initialPanel	L	initialTab: TerminalTab
Sources/WorkspaceManager.swift	1635	initialTab	initialPanel	L	initialTab: TerminalTab
Sources/WorkspaceManager.swift	1639	focusedTerminalTab	focusedTerminalPanel	Muse	
Sources/WorkspaceManager.swift	1639	terminalTab	terminalPanel	L	let terminalTab = workspace.focusedTerminalTab,
Sources/WorkspaceManager.swift	1640	terminalTab	terminalPanel	L	let terminalTab = workspace.focusedTerminalTab,
Sources/WorkspaceManager.swift	1641	terminalTab	terminalPanel	L	let terminalTab = workspace.focusedTerminalTab,
Sources/WorkspaceManager.swift	1651	focusedTerminalTab	focusedTerminalPanel	Muse	
Sources/WorkspaceManager.swift	1651	terminalTab	terminalPanel	L	let terminalTab = workspace.focusedTerminalTab,
Sources/WorkspaceManager.swift	1652	terminalTab	terminalPanel	L	let terminalTab = workspace.focusedTerminalTab,
Sources/WorkspaceManager.swift	1658	terminalTab	terminalPanel	L	let terminalTab = workspace.focusedTerminalTab,
Sources/WorkspaceManager.swift	1835	tabPullRequests	panelPullRequests	Muse	
Sources/WorkspaceManager.swift	2355	TerminalTab	TerminalPanel	T	
Sources/WorkspaceManager.swift	2355	terminalTabForWorkspaceConfigInheritanceSource	terminalPanelForWorkspaceConfigInheritanceSource	M	owner=WorkspaceManager; func terminalTabForWorkspaceConfigInheritanceSource() -> TerminalTab?
Sources/WorkspaceManager.swift	2356	terminalTabForWorkspaceConfigInheritanceSource	terminalPanelForWorkspaceConfigInheritanceSource	Muse	
Sources/WorkspaceManager.swift	2366	terminalTabForWorkspaceConfigInheritanceSource	terminalPanelForWorkspaceConfigInheritanceSource	M	owner=WorkspaceManager; func terminalTabForWorkspaceConfigInheritanceSource(         snapshot: WorkspaceCreationSnapshot    
Sources/WorkspaceManager.swift	2368	TerminalTab	TerminalPanel	T	
Sources/WorkspaceManager.swift	2370	focusedTerminalTab	focusedTerminalPanel	Muse	
Sources/WorkspaceManager.swift	2373	lastRememberedTerminalTabForConfigInheritance	lastRememberedTerminalPanelForConfigInheritance	Muse	
Sources/WorkspaceManager.swift	2377	terminalTabForConfigInheritance	terminalPanelForConfigInheritance	Muse	
Sources/WorkspaceManager.swift	2380	terminalTabForConfigInheritance	terminalPanelForConfigInheritance	Muse	
Sources/WorkspaceManager.swift	2390	terminalTabForWorkspaceConfigInheritanceSource	terminalPanelForWorkspaceConfigInheritanceSource	Muse	
Sources/WorkspaceManager.swift	2451	tabDirectories	panelDirectories	Muse	
Sources/WorkspaceManager.swift	2569	tabGitBranches	panelGitBranches	Muse	
Sources/WorkspaceManager.swift	2591	TabMetadataStore	PanelMetadataStore	T	
Sources/WorkspaceManager.swift	2655	tabGitBranches	panelGitBranches	Muse	
Sources/WorkspaceManager.swift	2656	tabPullRequests	panelPullRequests	Muse	
Sources/WorkspaceManager.swift	2670	TabShellActivityState	PanelShellActivityState	T	
Sources/WorkspaceManager.swift	2673	updateTabShellActivityState	updatePanelShellActivityState	Muse	
Sources/WorkspaceManager.swift	2691	TabShapeCounts	PanelShapeCounts	T	
Sources/WorkspaceManager.swift	2771	lastFocusedTabByWorkspace	lastFocusedPanelByWorkspace	Muse	
Sources/WorkspaceManager.swift	3148	LastTabCloseShortcutSettings	LastPanelCloseShortcutSettings	T	
Sources/WorkspaceManager.swift	3169	TerminalTab	TerminalPanel	T	
Sources/WorkspaceManager.swift	3170	BrowserTab	BrowserPanel	T	
Sources/WorkspaceManager.swift	3343	BrowserTab	BrowserPanel	T	
Sources/WorkspaceManager.swift	3343	focusedBrowserTab	focusedBrowserPanel	M	owner=WorkspaceManager; var focusedBrowserTab: BrowserTab? {
Sources/WorkspaceManager.swift	3346	BrowserTab	BrowserPanel	T	
Sources/WorkspaceManager.swift	3351	focusedBrowserTab	focusedBrowserPanel	Muse	
Sources/WorkspaceManager.swift	3356	focusedBrowserTab	focusedBrowserPanel	Muse	
Sources/WorkspaceManager.swift	3361	focusedBrowserTab	focusedBrowserPanel	Muse	
Sources/WorkspaceManager.swift	3365	MarkdownTab	MarkdownPanel	T	
Sources/WorkspaceManager.swift	3365	focusedMarkdownTab	focusedMarkdownPanel	M	owner=WorkspaceManager; var focusedMarkdownTab: MarkdownTab? {
Sources/WorkspaceManager.swift	3368	MarkdownTab	MarkdownPanel	T	
Sources/WorkspaceManager.swift	3373	focusedMarkdownTab	focusedMarkdownPanel	Muse	
Sources/WorkspaceManager.swift	3378	focusedMarkdownTab	focusedMarkdownPanel	Muse	
Sources/WorkspaceManager.swift	3383	focusedMarkdownTab	focusedMarkdownPanel	Muse	
Sources/WorkspaceManager.swift	3388	focusedBrowserTab	focusedBrowserPanel	Muse	
Sources/WorkspaceManager.swift	3393	focusedBrowserTab	focusedBrowserPanel	Muse	
Sources/WorkspaceManager.swift	3402	lastFocusedTabByWorkspace	lastFocusedPanelByWorkspace	Muse	
Sources/WorkspaceManager.swift	3408	focusedTerminalTab	focusedTerminalPanel	Muse	
Sources/WorkspaceManager.swift	3408	terminalTab	terminalPanel	L	let terminalTab = workspace.focusedTerminalTab else { return }
Sources/WorkspaceManager.swift	3409	terminalTab	terminalPanel	L	let terminalTab = workspace.focusedTerminalTab else { return }
Sources/WorkspaceManager.swift	3432	lastFocusedTabByWorkspace	lastFocusedPanelByWorkspace	Muse	
Sources/WorkspaceManager.swift	3462	TerminalTab	TerminalPanel	T	
Sources/WorkspaceManager.swift	3462	terminalTab	terminalPanel	L	let terminalTab = panel as? TerminalTab {
Sources/WorkspaceManager.swift	3463	terminalTab	terminalPanel	L	let terminalTab = panel as? TerminalTab {
Sources/WorkspaceManager.swift	3596	TabTitleUpdateKey	PanelTitleUpdateKey	T	
Sources/WorkspaceManager.swift	3597	pendingTabTitleUpdates	pendingPanelTitleUpdates	Muse	
Sources/WorkspaceManager.swift	3604	pendingTabTitleUpdates	pendingPanelTitleUpdates	Muse	
Sources/WorkspaceManager.swift	3605	pendingTabTitleUpdates	pendingPanelTitleUpdates	Muse	
Sources/WorkspaceManager.swift	3606	pendingTabTitleUpdates	pendingPanelTitleUpdates	Muse	
Sources/WorkspaceManager.swift	3620	TabMetadataStore	PanelMetadataStore	T	
Sources/WorkspaceManager.swift	3632	TabMetadataStore	PanelMetadataStore	T	
Sources/WorkspaceManager.swift	3656	tabTitles	panelTitles	Muse	
Sources/WorkspaceManager.swift	3692	lastFocusedTabByWorkspace	lastFocusedPanelByWorkspace	Muse	
Sources/WorkspaceManager.swift	4255	BrowserTab	BrowserPanel	T	
Sources/WorkspaceManager.swift	4276	browserTab	browserPanel	L	let browserTab = workspace.newBrowserSurface(
Sources/WorkspaceManager.swift	4283	browserTab	browserPanel	L	let browserTab = workspace.newBrowserSurface(
Sources/WorkspaceManager.swift	4284	browserTab	browserPanel	L	let browserTab = workspace.newBrowserSurface(
Sources/WorkspaceManager.swift	4292	lastFocusedTabByWorkspace	lastFocusedPanelByWorkspace	Muse	
Sources/WorkspaceManager.swift	4296	orderedTabId	orderedPanelId	L	let orderedTabId = workspace.sidebarOrderedTabIds().first(where: { workspace.panels[$0] != nil }) {
Sources/WorkspaceManager.swift	4296	sidebarOrderedTabIds	sidebarOrderedPanelIds	Muse	
Sources/WorkspaceManager.swift	4297	orderedTabId	orderedPanelId	L	let orderedTabId = workspace.sidebarOrderedTabIds().first(where: { workspace.panels[$0] != nil }) {
Sources/WorkspaceManager.swift	4303	browserTab	browserPanel	L	let browserTab = workspace.newBrowserSurface(
Sources/WorkspaceManager.swift	4310	browserTab	browserPanel	L	let browserTab = workspace.newBrowserSurface(
Sources/WorkspaceManager.swift	4311	browserTab	browserPanel	L	let browserTab = workspace.newBrowserSurface(
Sources/WorkspaceManager.swift	4316	browserTab	browserPanel	L	let browserTab = workspace.newBrowserSurface(
Sources/WorkspaceManager.swift	4325	browserTab	browserPanel	L	let browserTab = workspace.newBrowserSurface(
Sources/WorkspaceManager.swift	4326	browserTab	browserPanel	L	let browserTab = workspace.newBrowserSurface(
Sources/WorkspaceManager.swift	4363	reopenClosedBrowserTab	reopenClosedBrowserPanel	Muse	
Sources/WorkspaceManager.swift	4432	reopenClosedBrowserTab	reopenClosedBrowserPanel	M	owner=WorkspaceManager; func reopenClosedBrowserTab(         _ snapshot: ClosedBrowserTabRestoreSnapshot,         in workspa
Sources/WorkspaceManager.swift	4433	ClosedBrowserTabRestoreSnapshot	ClosedBrowserPanelRestoreSnapshot	T	
Sources/WorkspaceManager.swift	4437	browserTab	browserPanel	L	let browserTab = workspace.newBrowserSurface(
Sources/WorkspaceManager.swift	4446	browserTab	browserPanel	L	let browserTab = workspace.newBrowserSurface(
Sources/WorkspaceManager.swift	4447	browserTab	browserPanel	L	let browserTab = workspace.newBrowserSurface(
Sources/WorkspaceManager.swift	4454	anchorTabId	anchorPanelId	L	let anchorTabId = workspace.tabIdFromBonsplitTabId(anchorBonsplitTab.id),
Sources/WorkspaceManager.swift	4456	anchorTabId	anchorPanelId	L	let anchorTabId = workspace.tabIdFromBonsplitTabId(anchorBonsplitTab.id),
Sources/WorkspaceManager.swift	4503	TerminalTab	TerminalPanel	T	
Sources/WorkspaceManager.swift	4553	waitForTerminalTabCondition	waitForTerminalPanelCondition	M	owner=WorkspaceManager; func waitForTerminalTabCondition(         workspace: Workspace,         panelId: UUID,         timeo
Sources/WorkspaceManager.swift	4557	TerminalTab	TerminalPanel	T	
Sources/WorkspaceManager.swift	4648	waitForTerminalTabCondition	waitForTerminalPanelCondition	Muse	
Sources/WorkspaceManager.swift	4822	TerminalTab	TerminalPanel	T	
Sources/WorkspaceManager.swift	4870	TerminalTab	TerminalPanel	T	
Sources/WorkspaceManager.swift	4927	TerminalTab	TerminalPanel	T	
Sources/WorkspaceManager.swift	4928	TerminalTab	TerminalPanel	T	
Sources/WorkspaceManager.swift	4929	TerminalTab	TerminalPanel	T	
Sources/WorkspaceManager.swift	5097	selectedTabId	selectedPanelId	L	let selectedTabId = selected.flatMap { workspace.tabIdFromBonsplitTabId($0.id) }
Sources/WorkspaceManager.swift	5103	selectedTabId	selectedPanelId	L	let selectedTabId = selected.flatMap { workspace.tabIdFromBonsplitTabId($0.id) }
Sources/WorkspaceManager.swift	5287	waitForTerminalTabCondition	waitForTerminalPanelCondition	Muse	
Sources/WorkspaceManager.swift	5542	TerminalTab	TerminalPanel	T	
Sources/WorkspaceManager.swift	5590	TerminalTab	TerminalPanel	T	
Sources/WorkspaceManager.swift	5652	waitForTerminalTabCondition	waitForTerminalPanelCondition	Muse	
Sources/WorkspaceManager.swift	5737	TabMetadataStore	PanelMetadataStore	T	
Sources/WorkspaceManager.swift	5766	tabDirectories	panelDirectories	Muse	
Sources/WorkspaceManager.swift	5767	tabTitles	panelTitles	Muse	
Sources/WorkspaceManager.swift	5768	tabPullRequests	panelPullRequests	Muse	
Sources/WorkspaceManager.swift	5769	tabGitBranches	panelGitBranches	Muse	
Sources/WorkspaceManager.swift	5770	tabListeningPorts	panelListeningPorts	Muse	
Sources/WorkspaceManager.swift	5797	TabConversations	PanelConversations	T	
Sources/WorkspaceManager.swift	5797	conversationsByPanelId conversationsByTabId	conversationsByPanelId	L	conversationsByTabId: [String: TabConversations]?
Sources/WorkspaceManager.swift	5808	conversationsByTabId	conversationsByPanelId	L	conversationsByTabId: [String: TabConversations]?
Sources/WorkspaceManager.swift	5840	lastFocusedTabByWorkspace	lastFocusedPanelByWorkspace	Muse	
Sources/WorkspaceManager.swift	5841	pendingTabTitleUpdates	pendingPanelTitleUpdates	Muse	
Sources/WorkspaceManager.swift	5920	TerminalTab	TerminalPanel	T	
Sources/WorkspaceManager.swift	5920	terminalTabs	terminalPanels	L	let terminalTabs = workspace.panels.values.compactMap { $0 as? TerminalTab }
Sources/WorkspaceManager.swift	5921	terminalTab	terminalPanel	L	for terminalTab in terminalTabs
Sources/WorkspaceManager.swift	5921	terminalTabs	terminalPanels	L	let terminalTabs = workspace.panels.values.compactMap { $0 as? TerminalTab }
Sources/WorkspaceManager.swift	5922	terminalTab	terminalPanel	L	for terminalTab in terminalTabs
Sources/WorkspaceManager.swift	5927	terminalTab	terminalPanel	L	for terminalTab in terminalTabs
Sources/WorkspaceMetadataKeys.swift	48	TabMetadataKeyName	PanelMetadataKeyName	T	
Sources/WorkspacePlanCapture.swift	10	AgentTabLink	AgentPanelLink	T	
Sources/WorkspacePlanCapture.swift	28	AgentTabLink	AgentPanelLink	T	
Sources/WorkspacePlanCapture.swift	91	TabSpec	PanelSpec	T	
Sources/WorkspacePlanCapture.swift	154	tabCustomTitles	panelCustomTitles	Muse	
Sources/WorkspacePlanCapture.swift	168	TerminalTab	TerminalPanel	T	
Sources/WorkspacePlanCapture.swift	190	TabSpec	PanelSpec	T	
Sources/WorkspacePlanCapture.swift	223	TabContent	Panel	T	
Sources/WorkspacePlanCapture.swift	223	TabSpecKind	PanelSpecKind	T	
Sources/WorkspacePlanCapture.swift	231	TabContent	Panel	T	
Sources/WorkspacePlanCapture.swift	232	TerminalTab	TerminalPanel	T	
Sources/WorkspacePlanCapture.swift	237	TabContent	Panel	T	
Sources/WorkspacePlanCapture.swift	238	BrowserTab	BrowserPanel	T	
Sources/WorkspacePlanCapture.swift	242	TabContent	Panel	T	
Sources/WorkspacePlanCapture.swift	243	MarkdownTab	MarkdownPanel	T	
Sources/WorkspacePlanCapture.swift	280	TabMetadataStore	PanelMetadataStore	T	
Sources/WorkspaceRootEditor.swift	15	tabDirectories	panelDirectories	Muse	
Sources/c11App.swift	0	BrowserTabView	BrowserPanelView	F	curated @fix row
Sources/c11App.swift	0	MarkdownTabView	MarkdownPanelView	F	curated @fix row
Sources/c11App.swift	0	TabTitleBarView	PanelTitleBarView	F	curated @fix row
Sources/c11App.swift	1041	focusedBrowserTab	focusedBrowserPanel	Muse	
Sources/c11App.swift	1046	focusedBrowserTab	focusedBrowserPanel	Muse	
Sources/c11App.swift	1051	focusedBrowserTab	focusedBrowserPanel	Muse	
Sources/c11App.swift	1313	newMarkdownTab	newMarkdownPanel	Muse	
Sources/c11App.swift	1603	newMarkdownTab	newMarkdownPanel	Muse	
Sources/c11App.swift	4171	TerminalTab	TerminalPanel	T	
Sources/c11App.swift	4171	initialPanel initialTab	initialPanel	L	initialTab: TerminalTab
Sources/c11App.swift	4172	initialTab	initialPanel	L	initialTab: TerminalTab
Sources/c11App.swift	4172	initialTabId	initialPanelId	L	let initialTabId = initialTab.id
Sources/c11App.swift	4176	initialTabId	initialPanelId	L	let initialTabId = initialTab.id
Sources/c11App.swift	4183	TerminalTab	TerminalPanel	T	
Sources/c11App.swift	4183	bottomRightTab	bottomRightPanel	L	bottomRightTab: TerminalTab?
Sources/c11App.swift	4185	bottomRightTab	bottomRightPanel	L	bottomRightTab: TerminalTab?
Sources/c11App.swift	4195	initialTabId	initialPanelId	L	let initialTabId = initialTab.id
Sources/c11App.swift	4203	bottomRightTab	bottomRightPanel	L	bottomRightTab: TerminalTab?
Sources/c11App.swift	4204	bottomRightTab	bottomRightPanel	L	bottomRightTab: TerminalTab?
Sources/c11App.swift	4209	initialTab	initialPanel	L	initialTab: TerminalTab
Sources/c11App.swift	4261	TerminalTab	TerminalPanel	T	
Sources/c11App.swift	4261	initialPanel initialTab	initialPanel	L	initialTab: TerminalTab
Sources/c11App.swift	4271	TerminalTab	TerminalPanel	T	
Sources/c11App.swift	4271	initialTab	initialPanel	L	initialTab: TerminalTab
Sources/c11App.swift	4454	TabTypeAvailability	PanelTypeAvailability	T	
Sources/c11App.swift	4455	TabTypeAvailability	PanelTypeAvailability	T	
Sources/c11App.swift	4456	TabTypeAvailability	PanelTypeAvailability	T	
Sources/c11App.swift	4456	markdownTabsEnabledKey	markdownPanelsEnabledKey	Muse	
Sources/c11App.swift	4457	TabTypeAvailability	PanelTypeAvailability	T	
Sources/c11App.swift	4458	TabTypeAvailability	PanelTypeAvailability	T	
Sources/c11App.swift	4459	TabTypeAvailability	PanelTypeAvailability	T	
Sources/c11App.swift	4506	LastTabCloseShortcutSettings	LastPanelCloseShortcutSettings	T	
Sources/c11App.swift	4507	LastTabCloseShortcutSettings	LastPanelCloseShortcutSettings	T	
Sources/c11App.swift	6602	TabTypeAvailability	PanelTypeAvailability	T	
Sources/c11App.swift	6603	TabTypeAvailability	PanelTypeAvailability	T	
Sources/c11App.swift	6641	LastTabCloseShortcutSettings	LastPanelCloseShortcutSettings	T	
c11Tests/AgentLaunchModelTierTests.swift	24	TabMetadataStore	PanelMetadataStore	T	
c11Tests/AgentLaunchModelTierTests.swift	29	TabMetadataStore	PanelMetadataStore	T	
c11Tests/AgentLaunchModelTierTests.swift	70	TabMetadataStore	PanelMetadataStore	T	
c11Tests/AgentLaunchModelTierTests.swift	77	TabMetadataStore	PanelMetadataStore	T	
c11Tests/AgentLaunchOverlayCompositionTests.swift	294	AgentTabLaunchOutcome	AgentPanelLaunchOutcome	T	
c11Tests/AgentLaunchOverlayCompositionTests.swift	298	AgentTabLaunchOutcome	AgentPanelLaunchOutcome	T	
c11Tests/AgentManifestTests.swift	106	TabMetadataKeyName	PanelMetadataKeyName	T	
c11Tests/AgentManifestTests.swift	155	TabMetadataKeyName	PanelMetadataKeyName	T	
c11Tests/AgentModelDetectionTests.swift	798	TabMetadataStore	PanelMetadataStore	T	
c11Tests/AgentModelDetectionTests.swift	812	TabMetadataStore	PanelMetadataStore	T	
c11Tests/AppDelegateShortcutRoutingTests.swift	1689	TabAttentionSnapshot	PanelAttentionSnapshot	T	
c11Tests/AppDelegateShortcutRoutingTests.swift	1706	TabAttentionSnapshot	PanelAttentionSnapshot	T	
c11Tests/AppDelegateShortcutRoutingTests.swift	1736	callerTabId	callerPanelId	T	
c11Tests/AreaMetadataPersistenceTests.swift	83	TabMetadataStore	PanelMetadataStore	T	
c11Tests/AreaMetadataPersistenceTests.swift	113	TabMetadataStore	PanelMetadataStore	T	
c11Tests/AttentionModelTests.swift	32	TabMetadataStore	PanelMetadataStore	T	
c11Tests/AttentionModelTests.swift	36	TabMetadataStore	PanelMetadataStore	T	
c11Tests/AttentionModelTests.swift	38	TabAttentionReason	PanelAttentionReason	T	
c11Tests/AttentionModelTests.swift	48	TabAttentionReason	PanelAttentionReason	T	
c11Tests/AttentionModelTests.swift	52	TabMetadataStore	PanelMetadataStore	T	
c11Tests/AttentionModelTests.swift	71	callerTabId	callerPanelId	T	
c11Tests/AttentionModelTests.swift	85	callerTabId	callerPanelId	T	
c11Tests/AttentionModelTests.swift	118	callerTabId	callerPanelId	T	
c11Tests/AttentionModelTests.swift	143	TabMetadataStore	PanelMetadataStore	T	
c11Tests/AttentionModelTests.swift	152	TabMetadataStore	PanelMetadataStore	T	
c11Tests/AttentionModelTests.swift	153	TabMetadataStore	PanelMetadataStore	T	
c11Tests/AttentionModelTests.swift	185	TabMetadataStore	PanelMetadataStore	T	
c11Tests/AttentionModelTests.swift	321	TabAttentionSnapshot	PanelAttentionSnapshot	T	
c11Tests/AttentionModelTests.swift	325	TabAttentionSnapshot	PanelAttentionSnapshot	T	
c11Tests/AttentionModelTests.swift	329	TabAttentionSnapshot	PanelAttentionSnapshot	T	
c11Tests/AttentionModelTests.swift	341	TabAttentionSnapshot	PanelAttentionSnapshot	T	
c11Tests/AttentionModelTests.swift	356	TabActivityResolver	PanelActivityResolver	T	
c11Tests/AttentionModelTests.swift	366	TabActivityResolver	PanelActivityResolver	T	
c11Tests/AttentionModelTests.swift	376	TabActivityResolver	PanelActivityResolver	T	
c11Tests/AttentionModelTests.swift	392	TabAttentionSnapshot	PanelAttentionSnapshot	T	
c11Tests/AttentionModelTests.swift	399	TabAttentionSnapshot	PanelAttentionSnapshot	T	
c11Tests/AttentionModelTests.swift	406	TabAttentionSnapshot	PanelAttentionSnapshot	T	
c11Tests/AttentionModelTests.swift	465	TabAttentionIndex	PanelAttentionIndex	T	
c11Tests/AttentionModelTests.swift	466	TabAttentionSnapshot	PanelAttentionSnapshot	T	
c11Tests/AttentionModelTests.swift	474	TabAttentionIndex	PanelAttentionIndex	T	
c11Tests/AttentionModelTests.swift	475	TabAttentionSnapshot	PanelAttentionSnapshot	T	
c11Tests/AttentionModelTests.swift	485	TabAttentionIndex	PanelAttentionIndex	T	
c11Tests/AttentionModelTests.swift	486	TabAttentionIndex	PanelAttentionIndex	T	
c11Tests/AttentionModelTests.swift	598	TabAttentionService	PanelAttentionService	T	
c11Tests/AttentionModelTests.swift	602	TabAttentionService	PanelAttentionService	T	
c11Tests/AttentionModelTests.swift	610	TabAttentionService	PanelAttentionService	T	
c11Tests/AttentionModelTests.swift	617	TabAttentionIndex	PanelAttentionIndex	T	
c11Tests/AttentionModelTests.swift	621	TabAttentionService	PanelAttentionService	T	
c11Tests/AttentionModelTests.swift	628	TabAttentionIndex	PanelAttentionIndex	T	
c11Tests/AttentionModelTests.swift	645	TabAttentionService	PanelAttentionService	T	
c11Tests/AttentionModelTests.swift	651	TabAttentionService	PanelAttentionService	T	
c11Tests/AttentionModelTests.swift	658	TabAttentionService	PanelAttentionService	T	
c11Tests/AttentionModelTests.swift	682	TabAttentionService	PanelAttentionService	T	
c11Tests/AttentionModelTests.swift	683	TabAttentionService	PanelAttentionService	T	
c11Tests/AttentionModelTests.swift	686	TabAttentionService	PanelAttentionService	T	
c11Tests/AttentionModelTests.swift	687	TabAttentionSnapshot	PanelAttentionSnapshot	T	
c11Tests/AttentionModelTests.swift	702	TabAttentionService	PanelAttentionService	T	
c11Tests/AttentionModelTests.swift	707	TabAttentionIndex	PanelAttentionIndex	T	
c11Tests/AttentionModelTests.swift	713	TabAttentionService	PanelAttentionService	T	
c11Tests/AttentionModelTests.swift	714	TabAttentionSnapshot	PanelAttentionSnapshot	T	
c11Tests/AttentionModelTests.swift	726	TabAttentionService	PanelAttentionService	T	
c11Tests/AttentionModelTests.swift	730	TabAttentionIndex	PanelAttentionIndex	T	
c11Tests/AttentionModelTests.swift	754	TabMetadataStore	PanelMetadataStore	T	
c11Tests/AttentionModelTests.swift	787	TabMetadataStore	PanelMetadataStore	T	
c11Tests/AttentionModelTests.swift	814	TabAttentionService	PanelAttentionService	T	
c11Tests/AttentionModelTests.swift	817	TabAttentionService	PanelAttentionService	T	
c11Tests/AttentionModelTests.swift	822	TabAttentionService	PanelAttentionService	T	
c11Tests/AttentionModelTests.swift	828	TabAttentionService	PanelAttentionService	T	
c11Tests/AttentionModelTests.swift	848	TabAttentionService	PanelAttentionService	T	
c11Tests/AttentionModelTests.swift	853	TabAttentionService	PanelAttentionService	T	
c11Tests/AttentionModelTests.swift	883	TabAttentionService	PanelAttentionService	T	
c11Tests/AttentionModelTests.swift	886	TabAttentionService	PanelAttentionService	T	
c11Tests/AttentionModelTests.swift	893	TabAttentionService	PanelAttentionService	T	
c11Tests/AttentionModelTests.swift	928	TabAttentionService	PanelAttentionService	T	
c11Tests/AttentionModelTests.swift	931	TabAttentionService	PanelAttentionService	T	
c11Tests/AttentionModelTests.swift	937	TabAttentionService	PanelAttentionService	T	
c11Tests/AttentionModelTests.swift	951	TabAttentionService	PanelAttentionService	T	
c11Tests/AttentionOrderTests.swift	113	TabAttentionSnapshot	PanelAttentionSnapshot	T	
c11Tests/AttentionOrderTests.swift	115	TabAttentionSnapshot	PanelAttentionSnapshot	T	
c11Tests/BrowserCompanionPolicyTests.swift	22	CompanionTabIdentity	CompanionPanelIdentity	T	
c11Tests/BrowserCompanionPolicyTests.swift	34	AgentTabLink	AgentPanelLink	T	
c11Tests/BrowserCompanionPolicyTests.swift	37	AgentTabLink	AgentPanelLink	T	
c11Tests/BrowserCompanionPolicyTests.swift	265	AgentTabLink	AgentPanelLink	T	
c11Tests/BrowserCompanionPolicyTests.swift	269	AgentTabLink	AgentPanelLink	T	
c11Tests/BrowserCompanionPolicyTests.swift	296	AgentTabLink	AgentPanelLink	T	
c11Tests/BrowserCompanionPortalTests.swift	13	CompanionTabIdentity	CompanionPanelIdentity	T	
c11Tests/BrowserCompanionPortalTests.swift	22	CompanionTabIdentity	CompanionPanelIdentity	T	
c11Tests/BrowserCompanionPortalTests.swift	212	AgentTabLink	AgentPanelLink	T	
c11Tests/BrowserCompanionPortalTests.swift	327	AgentTabLink	AgentPanelLink	T	
c11Tests/BrowserConfigTests.swift	1108	BrowserTab	BrowserPanel	T	
c11Tests/BrowserConfigTests.swift	1118	BrowserTab	BrowserPanel	T	
c11Tests/BrowserConfigTests.swift	1144	BrowserTab	BrowserPanel	T	
c11Tests/BrowserConfigTests.swift	1154	BrowserTab	BrowserPanel	T	
c11Tests/BrowserConfigTests.swift	1162	BrowserTab	BrowserPanel	T	
c11Tests/BrowserConfigTests.swift	1175	BrowserTab	BrowserPanel	T	
c11Tests/BrowserConfigTests.swift	1223	BrowserTab	BrowserPanel	T	
c11Tests/BrowserConfigTests.swift	1249	BrowserTab	BrowserPanel	T	
c11Tests/BrowserConfigTests.swift	1268	BrowserTab	BrowserPanel	T	
c11Tests/BrowserConfigTests.swift	1286	BrowserTab	BrowserPanel	T	
c11Tests/BrowserConfigTests.swift	1311	BrowserTab	BrowserPanel	T	
c11Tests/BrowserConfigTests.swift	1340	BrowserTab	BrowserPanel	T	
c11Tests/BrowserConfigTests.swift	1363	BrowserTab	BrowserPanel	T	
c11Tests/BrowserConfigTests.swift	1390	BrowserTab	BrowserPanel	T	
c11Tests/BrowserConfigTests.swift	1625	BrowserTab	BrowserPanel	T	
c11Tests/BrowserConfigTests.swift	1668	BrowserTab	BrowserPanel	T	
c11Tests/BrowserConfigTests.swift	1696	BrowserTab	BrowserPanel	T	
c11Tests/BrowserConfigTests.swift	1737	BrowserTab	BrowserPanel	T	
c11Tests/BrowserConfigTests.swift	1759	BrowserTab	BrowserPanel	T	
c11Tests/BrowserConfigTests.swift	1770	BrowserTab	BrowserPanel	T	
c11Tests/BrowserConfigTests.swift	1785	BrowserTab	BrowserPanel	T	
c11Tests/BrowserConfigTests.swift	1796	BrowserTab	BrowserPanel	T	
c11Tests/BrowserConfigTests.swift	1812	BrowserTab	BrowserPanel	T	
c11Tests/BrowserConfigTests.swift	1870	tabListeningPorts	panelListeningPorts	Muse	
c11Tests/BrowserConfigTests.swift	1895	tabGitBranches	panelGitBranches	Muse	
c11Tests/BrowserConfigTests.swift	1897	tabPullRequests	panelPullRequests	Muse	
c11Tests/BrowserConfigTests.swift	1898	tabListeningPorts	panelListeningPorts	Muse	
c11Tests/BrowserConfigTests.swift	1927	BrowserTab	BrowserPanel	T	
c11Tests/BrowserConfigTests.swift	1945	BrowserTab	BrowserPanel	T	
c11Tests/BrowserConfigTests.swift	1969	BrowserTab	BrowserPanel	T	
c11Tests/BrowserConfigTests.swift	2101	BrowserTab	BrowserPanel	T	
c11Tests/BrowserConfigTests.swift	2102	BrowserTab	BrowserPanel	T	
c11Tests/BrowserTabTests.swift	128	BrowserTab	BrowserPanel	T	
c11Tests/BrowserTabTests.swift	231	BrowserTab	BrowserPanel	T	
c11Tests/BrowserTabTests.swift	331	BrowserTab	BrowserPanel	T	
c11Tests/BrowserTabTests.swift	349	BrowserTab	BrowserPanel	T	
c11Tests/BrowserTabTests.swift	358	BrowserTab	BrowserPanel	T	
c11Tests/CommandPaletteSearchEngineTests.swift	747	CommandPaletteSwitcherFingerprintTab	CommandPaletteSwitcherFingerprintPanel	T	
c11Tests/CommandPaletteSearchEngineTests.swift	775	CommandPaletteSwitcherFingerprintTab	CommandPaletteSwitcherFingerprintPanel	T	
c11Tests/CommandPaletteSearchEngineTests.swift	803	CommandPaletteSwitcherFingerprintTab	CommandPaletteSwitcherFingerprintPanel	T	
c11Tests/ConversationCrashRecoveryTests.swift	196	TabConversations	PanelConversations	T	
c11Tests/ConversationCrashRecoveryTests.swift	215	TabConversations	PanelConversations	T	
c11Tests/ConversationRefTests.swift	62	TabConversations	PanelConversations	T	
c11Tests/ConversationRefTests.swift	474	TabConversations	PanelConversations	T	
c11Tests/ConversationRefTests.swift	822	TabConversations	PanelConversations	T	
c11Tests/ConversationRefTests.swift	823	TabConversations	PanelConversations	T	
c11Tests/ConversationRefTests.swift	835	TabConversations	PanelConversations	T	
c11Tests/ConversationRefTests.swift	842	TabConversations	PanelConversations	T	
c11Tests/ConversationRefTests.swift	861	TabConversations	PanelConversations	T	
c11Tests/ConversationRefTests.swift	868	TabConversations	PanelConversations	T	
c11Tests/ConversationRefTests.swift	887	TabConversations	PanelConversations	T	
c11Tests/ConversationRefTests.swift	894	TabConversations	PanelConversations	T	
c11Tests/ConversationRefTests.swift	901	TabConversations	PanelConversations	T	
c11Tests/ConversationSnapshotBridgeTests.swift	17	SessionTabSnapshot	SessionPanelSnapshot	T	
c11Tests/ConversationSnapshotBridgeTests.swift	28	SessionTerminalTabSnapshot	SessionTerminalPanelSnapshot	T	
c11Tests/ConversationSnapshotBridgeTests.swift	32	TabMetadataKeyName	PanelMetadataKeyName	T	
c11Tests/ConversationSnapshotBridgeTests.swift	33	TabMetadataKeyName	PanelMetadataKeyName	T	
c11Tests/ConversationSnapshotBridgeTests.swift	50	SessionTabSnapshot	SessionPanelSnapshot	T	
c11Tests/ConversationSnapshotBridgeTests.swift	72	SessionTabSnapshot	SessionPanelSnapshot	T	
c11Tests/ConversationSnapshotBridgeTests.swift	87	TabMetadataKeyName	PanelMetadataKeyName	T	
c11Tests/ConversationSnapshotBridgeTests.swift	101	SessionTabSnapshot	SessionPanelSnapshot	T	
c11Tests/ConversationSnapshotBridgeTests.swift	112	SessionTerminalTabSnapshot	SessionTerminalPanelSnapshot	T	
c11Tests/ConversationSnapshotBridgeTests.swift	117	TabConversations	PanelConversations	T	
c11Tests/ConversationSnapshotBridgeTests.swift	138	SessionTabSnapshot	SessionPanelSnapshot	T	
c11Tests/ConversationSnapshotBridgeTests.swift	149	SessionTerminalTabSnapshot	SessionTerminalPanelSnapshot	T	
c11Tests/ConversationSnapshotBridgeTests.swift	154	TabConversations	PanelConversations	T	
c11Tests/ConversationSnapshotBridgeTests.swift	167	SessionTabSnapshot	SessionPanelSnapshot	T	
c11Tests/ConversationSnapshotBridgeTests.swift	175	SessionTabSnapshot	SessionPanelSnapshot	T	
c11Tests/ConversationSnapshotBridgeTests.swift	186	SessionTerminalTabSnapshot	SessionTerminalPanelSnapshot	T	
c11Tests/ConversationSnapshotBridgeTests.swift	194	TabConversations	PanelConversations	T	
c11Tests/ConversationSnapshotBridgeTests.swift	209	SessionTabSnapshot	SessionPanelSnapshot	T	
c11Tests/CreateInitialInputRuntimeTests.swift	42	TerminalTab	TerminalPanel	T	
c11Tests/CreateInitialInputRuntimeTests.swift	91	TerminalTab	TerminalPanel	T	
c11Tests/EventLogTests.swift	292	callerTabId	callerPanelId	T	
c11Tests/EventLogTests.swift	302	callerTabId	callerPanelId	T	
c11Tests/EventLogTests.swift	333	callerTabId	callerPanelId	T	
c11Tests/EventLogTests.swift	349	callerTabId	callerPanelId	T	
c11Tests/EventLogTests.swift	476	TabMetadataStore	PanelMetadataStore	T	
c11Tests/EventLogTests.swift	483	TabMetadataStore	PanelMetadataStore	T	
c11Tests/EventLogTests.swift	506	TabMetadataStore	PanelMetadataStore	T	
c11Tests/EventLogTests.swift	508	TabMetadataStore	PanelMetadataStore	T	
c11Tests/EventLogTests.swift	529	callerTabId	callerPanelId	T	
c11Tests/EventLogTests.swift	656	callerTabId	callerPanelId	T	
c11Tests/EventLogTests.swift	657	callerTabId	callerPanelId	T	
c11Tests/FeedProjectorTests.swift	48	TabAttentionService	PanelAttentionService	T	
c11Tests/GhosttyConfigTests.swift	1239	BrowserTab	BrowserPanel	T	
c11Tests/GhosttyConfigTests.swift	1239	localTab	localPanel	L	let localTab = BrowserTab(workspaceId: UUID(), isRemoteWorkspace: false)
c11Tests/GhosttyConfigTests.swift	1241	BrowserTab	BrowserPanel	T	
c11Tests/GhosttyConfigTests.swift	1241	firstRemoteTab	firstRemotePanel	L	let firstRemoteTab = BrowserTab(
c11Tests/GhosttyConfigTests.swift	1246	BrowserTab	BrowserPanel	T	
c11Tests/GhosttyConfigTests.swift	1246	secondRemoteTab	secondRemotePanel	L	let secondRemoteTab = BrowserTab(
c11Tests/GhosttyConfigTests.swift	1252	localTab	localPanel	L	let localTab = BrowserTab(workspaceId: UUID(), isRemoteWorkspace: false)
c11Tests/GhosttyConfigTests.swift	1253	firstRemoteTab	firstRemotePanel	L	let firstRemoteTab = BrowserTab(
c11Tests/GhosttyConfigTests.swift	1255	firstRemoteTab	firstRemotePanel	L	let firstRemoteTab = BrowserTab(
c11Tests/GhosttyConfigTests.swift	1256	secondRemoteTab	secondRemotePanel	L	let secondRemoteTab = BrowserTab(
c11Tests/GhosttyConfigTests.swift	1263	BrowserTab	BrowserPanel	T	
c11Tests/GhosttyConfigTests.swift	1285	BrowserTab	BrowserPanel	T	
c11Tests/GhosttyConfigTests.swift	1332	detachTab	detachPanel	Muse	
c11Tests/GhosttyConfigTests.swift	1334	attachDetachedTab	attachDetachedPanel	Muse	
c11Tests/GhosttyConfigTests.swift	1336	BrowserTab	BrowserPanel	T	
c11Tests/GhosttyConfigTests.swift	1367	detachTab	detachPanel	Muse	
c11Tests/GhosttyConfigTests.swift	1369	attachDetachedTab	attachDetachedPanel	Muse	
c11Tests/GhosttyConfigTests.swift	1371	BrowserTab	BrowserPanel	T	
c11Tests/GhosttyConfigTests.swift	1772	ClosedBrowserTabRestoreSnapshot	ClosedBrowserPanelRestoreSnapshot	T	
c11Tests/GhosttyConfigTests.swift	1773	ClosedBrowserTabRestoreSnapshot	ClosedBrowserPanelRestoreSnapshot	T	
c11Tests/JournalReducerTests.swift	28	TabActivityResolver	PanelActivityResolver	T	
c11Tests/JournalReducerTests.swift	30	TabActivityResolver	PanelActivityResolver	T	
c11Tests/JournalReducerTests.swift	32	TabActivityResolver	PanelActivityResolver	T	
c11Tests/JournalReducerTests.swift	34	TabActivityResolver	PanelActivityResolver	T	
c11Tests/LaunchPostBootAttachmentTests.swift	63	TerminalTab	TerminalPanel	T	
c11Tests/MailboxDispatcherGCTests.swift	43	MailboxTabResolver	MailboxPanelResolver	T	
c11Tests/MailboxDispatcherGCTests.swift	45	liveTabs	livePanels	Muse	
c11Tests/MailboxDispatcherTests.swift	56	TabMetadataStore	PanelMetadataStore	T	
c11Tests/MailboxDispatcherTests.swift	67	MailboxTabResolver	MailboxPanelResolver	T	
c11Tests/MailboxDispatcherTests.swift	69	liveTabs	livePanels	Muse	
c11Tests/MailboxLayoutTests.swift	76	tabName	panelName	Muse	
c11Tests/MailboxLayoutTests.swift	81	tabName	panelName	Muse	
c11Tests/MailboxLayoutTests.swift	94	tabName	panelName	Muse	
c11Tests/MailboxLayoutTests.swift	109	tabName	panelName	Muse	
c11Tests/MailboxLayoutTests.swift	114	tabName	panelName	Muse	
c11Tests/MailboxLayoutTests.swift	118	tabName	panelName	Muse	
c11Tests/MailboxLayoutTests.swift	123	tabName	panelName	Muse	
c11Tests/MailboxLayoutTests.swift	128	tabName	panelName	Muse	
c11Tests/MailboxTabResolverTests.swift	12	TabMetadataStore	PanelMetadataStore	T	
c11Tests/MailboxTabResolverTests.swift	19	TabMetadataStore	PanelMetadataStore	T	
c11Tests/MailboxTabResolverTests.swift	41	MailboxTabResolver	MailboxPanelResolver	T	
c11Tests/MailboxTabResolverTests.swift	42	MailboxTabResolver	MailboxPanelResolver	T	
c11Tests/MailboxTabResolverTests.swift	45	liveTabs	livePanels	Muse	
c11Tests/MailboxTabResolverTests.swift	87	tabName	panelName	Muse	
c11Tests/MailboxTabResolverTests.swift	93	tabName	panelName	Muse	
c11Tests/MailboxTabResolverTests.swift	114	tabsWithMailboxMetadata	panelsWithMailboxMetadata	Muse	
c11Tests/MailboxTabResolverTests.swift	140	tabsWithMailboxMetadata	panelsWithMailboxMetadata	Muse	
c11Tests/MailboxTabResolverTests.swift	154	tabsWithMailboxMetadata	panelsWithMailboxMetadata	Muse	
c11Tests/MailboxTabResolverTests.swift	165	tabsWithMailboxMetadata	panelsWithMailboxMetadata	Muse	
c11Tests/MailboxTabResolverTests.swift	175	tabsWithMailboxMetadata	panelsWithMailboxMetadata	Muse	
c11Tests/MailboxTabResolverTests.swift	188	TabRecord	PanelRecord	T	
c11Tests/MailboxTabResolverTests.swift	189	TabRecord	PanelRecord	T	
c11Tests/MailboxTabResolverTests.swift	197	TabRecord	PanelRecord	T	
c11Tests/MailboxTabResolverTests.swift	198	TabRecord	PanelRecord	T	
c11Tests/MailboxTabResolverTests.swift	207	TabRecord	PanelRecord	T	
c11Tests/MarkdownTabFontScaleTests.swift	30	MarkdownTab	MarkdownPanel	T	
c11Tests/MarkdownTabFontScaleTests.swift	31	MarkdownTab	MarkdownPanel	T	
c11Tests/MarkdownTabFontScaleTests.swift	32	MarkdownTab	MarkdownPanel	T	
c11Tests/MarkdownTabFontScaleTests.swift	38	MarkdownTab	MarkdownPanel	T	
c11Tests/MarkdownTabFontScaleTests.swift	39	MarkdownTab	MarkdownPanel	T	
c11Tests/MarkdownTabFontScaleTests.swift	45	MarkdownTab	MarkdownPanel	T	
c11Tests/MarkdownTabFontScaleTests.swift	60	MarkdownTab	MarkdownPanel	T	
c11Tests/MarkdownTabFontScaleTests.swift	64	MarkdownTab	MarkdownPanel	T	
c11Tests/MarkdownTabFontScaleTests.swift	66	MarkdownTab	MarkdownPanel	T	
c11Tests/MarkdownTabFontScaleTests.swift	70	MarkdownTab	MarkdownPanel	T	
c11Tests/MarkdownTabFontScaleTests.swift	76	MarkdownTab	MarkdownPanel	T	
c11Tests/MarkdownTabFontScaleTests.swift	82	MarkdownTab	MarkdownPanel	T	
c11Tests/MarkdownTabFontScaleTests.swift	88	MarkdownTab	MarkdownPanel	T	
c11Tests/MarkdownTabFontScaleTests.swift	104	MarkdownTab	MarkdownPanel	T	
c11Tests/MarkdownTabFontScaleTests.swift	105	MarkdownTab	MarkdownPanel	T	
c11Tests/MarkdownTabFontScaleTests.swift	112	MarkdownTab	MarkdownPanel	T	
c11Tests/MarkdownTabFontScaleTests.swift	113	MarkdownTab	MarkdownPanel	T	
c11Tests/MarkdownTabFontScaleTests.swift	116	MarkdownTab	MarkdownPanel	T	
c11Tests/MarkdownTabFontScaleTests.swift	117	MarkdownTab	MarkdownPanel	T	
c11Tests/MetadataDerivedPrecedenceTests.swift	36	TabMetadataStore	PanelMetadataStore	T	
c11Tests/MetadataDerivedPrecedenceTests.swift	64	TabMetadataStore	PanelMetadataStore	T	
c11Tests/MetadataDerivedPrecedenceTests.swift	89	TabMetadataStore	PanelMetadataStore	T	
c11Tests/MetadataDerivedPrecedenceTests.swift	112	TabMetadataStore	PanelMetadataStore	T	
c11Tests/MetadataDerivedPrecedenceTests.swift	117	TabMetadataStore	PanelMetadataStore	T	
c11Tests/MetadataDerivedPrecedenceTests.swift	123	TabMetadataStore	PanelMetadataStore	T	
c11Tests/MetadataDerivedPrecedenceTests.swift	129	TabMetadataStore	PanelMetadataStore	T	
c11Tests/MetadataPersistencePrecedenceTests.swift	13	TabMetadataStore	PanelMetadataStore	T	
c11Tests/MetadataPersistencePrecedenceTests.swift	16	TabMetadataStore	PanelMetadataStore	T	
c11Tests/MetadataPersistencePrecedenceTests.swift	40	TabMetadataStore	PanelMetadataStore	T	
c11Tests/MetadataPersistencePrecedenceTests.swift	63	TabMetadataStore	PanelMetadataStore	T	
c11Tests/MetadataPersistencePrecedenceTests.swift	93	TabMetadataStore	PanelMetadataStore	T	
c11Tests/MetadataPersistencePrecedenceTests.swift	110	TabMetadataStore	PanelMetadataStore	T	
c11Tests/MetadataPersistenceRoundTripTests.swift	121	SessionTabSnapshot	SessionPanelSnapshot	T	
c11Tests/MetadataPersistenceRoundTripTests.swift	140	SessionTabSnapshot	SessionPanelSnapshot	T	
c11Tests/MetadataPersistenceRoundTripTests.swift	158	SessionTabSnapshot	SessionPanelSnapshot	T	
c11Tests/MetadataPersistenceRoundTripTests.swift	168	SessionTabSnapshot	SessionPanelSnapshot	T	
c11Tests/MetadataSourceTimestampTests.swift	19	TabMetadataStore	PanelMetadataStore	T	
c11Tests/MetadataStoreRevisionCounterTests.swift	14	TabMetadataStore	PanelMetadataStore	T	
c11Tests/MetadataStoreRevisionCounterTests.swift	15	TabMetadataStore	PanelMetadataStore	T	
c11Tests/MetadataStoreRevisionCounterTests.swift	181	TabMetadataStore	PanelMetadataStore	T	
c11Tests/MetadataStoreRevisionCounterTests.swift	189	TabMetadataStore	PanelMetadataStore	T	
c11Tests/NotificationAndMenuBarTests.swift	269	focusedTerminalTab	focusedTerminalPanel	Muse	
c11Tests/NotificationAndMenuBarTests.swift	269	terminalTab	terminalPanel	L	let terminalTab = workspace.focusedTerminalTab else {
c11Tests/NotificationAndMenuBarTests.swift	276	terminalTab	terminalPanel	L	let terminalTab = workspace.focusedTerminalTab else {
c11Tests/NotificationAndMenuBarTests.swift	280	TabLivenessDeriver	PanelLivenessDeriver	T	
c11Tests/NotificationAndMenuBarTests.swift	281	terminalTab	terminalPanel	L	let terminalTab = workspace.focusedTerminalTab else {
c11Tests/NotificationAndMenuBarTests.swift	286	TabMetadataStore	PanelMetadataStore	T	
c11Tests/NotificationAndMenuBarTests.swift	288	terminalTab	terminalPanel	L	let terminalTab = workspace.focusedTerminalTab else {
c11Tests/NotificationAndMenuBarTests.swift	299	terminalTab	terminalPanel	L	let terminalTab = workspace.focusedTerminalTab else {
c11Tests/NotificationAndMenuBarTests.swift	305	terminalTab	terminalPanel	L	let terminalTab = workspace.focusedTerminalTab else {
c11Tests/NotificationAndMenuBarTests.swift	307	TabMetadataStore	PanelMetadataStore	T	
c11Tests/NotificationAndMenuBarTests.swift	309	terminalTab	terminalPanel	L	let terminalTab = workspace.focusedTerminalTab else {
c11Tests/NotificationAndMenuBarTests.swift	348	focusedTerminalTab	focusedTerminalPanel	Muse	
c11Tests/NotificationAndMenuBarTests.swift	348	terminalTab	terminalPanel	L	let terminalTab = workspace.focusedTerminalTab else {
c11Tests/NotificationAndMenuBarTests.swift	354	terminalTab	terminalPanel	L	let terminalTab = workspace.focusedTerminalTab else {
c11Tests/NotificationAndMenuBarTests.swift	358	TabLivenessDeriver	PanelLivenessDeriver	T	
c11Tests/NotificationAndMenuBarTests.swift	359	terminalTab	terminalPanel	L	let terminalTab = workspace.focusedTerminalTab else {
c11Tests/NotificationAndMenuBarTests.swift	364	TabMetadataStore	PanelMetadataStore	T	
c11Tests/NotificationAndMenuBarTests.swift	366	terminalTab	terminalPanel	L	let terminalTab = workspace.focusedTerminalTab else {
c11Tests/NotificationAndMenuBarTests.swift	377	terminalTab	terminalPanel	L	let terminalTab = workspace.focusedTerminalTab else {
c11Tests/NotificationAndMenuBarTests.swift	383	terminalTab	terminalPanel	L	let terminalTab = workspace.focusedTerminalTab else {
c11Tests/NotificationAndMenuBarTests.swift	386	TabMetadataStore	PanelMetadataStore	T	
c11Tests/NotificationAndMenuBarTests.swift	388	terminalTab	terminalPanel	L	let terminalTab = workspace.focusedTerminalTab else {
c11Tests/NotificationAndMenuBarTests.swift	424	focusedTerminalTab	focusedTerminalPanel	Muse	
c11Tests/NotificationAndMenuBarTests.swift	424	terminalTab	terminalPanel	L	let terminalTab = workspace.focusedTerminalTab else {
c11Tests/NotificationAndMenuBarTests.swift	433	terminalTab	terminalPanel	L	let terminalTab = workspace.focusedTerminalTab else {
c11Tests/NotificationAndMenuBarTests.swift	439	terminalTab	terminalPanel	L	let terminalTab = workspace.focusedTerminalTab else {
c11Tests/NotificationAndMenuBarTests.swift	950	TabAttentionSnapshot	PanelAttentionSnapshot	T	
c11Tests/NotificationAndMenuBarTests.swift	967	TabAttentionSnapshot	PanelAttentionSnapshot	T	
c11Tests/NotificationAndMenuBarTests.swift	971	TabAttentionSnapshot	PanelAttentionSnapshot	T	
c11Tests/NotificationAndMenuBarTests.swift	999	TabAttentionSnapshot	PanelAttentionSnapshot	T	
c11Tests/NotificationAndMenuBarTests.swift	1026	TabAttentionIndex	PanelAttentionIndex	T	
c11Tests/NotificationAndMenuBarTests.swift	1027	TabAttentionSnapshot	PanelAttentionSnapshot	T	
c11Tests/NotificationAndMenuBarTests.swift	1058	TabAttentionIndex	PanelAttentionIndex	T	
c11Tests/NotificationAndMenuBarTests.swift	1065	TabAttentionSnapshot	PanelAttentionSnapshot	T	
c11Tests/NotificationAndMenuBarTests.swift	1095	TabAttentionIndex	PanelAttentionIndex	T	
c11Tests/NotificationAndMenuBarTests.swift	1096	TabAttentionSnapshot	PanelAttentionSnapshot	T	
c11Tests/NotificationAndMenuBarTests.swift	1100	TabAttentionSnapshot	PanelAttentionSnapshot	T	
c11Tests/NotificationAndMenuBarTests.swift	1111	TabAttentionSnapshot	PanelAttentionSnapshot	T	
c11Tests/NotificationAndMenuBarTests.swift	1142	TabAttentionIndex	PanelAttentionIndex	T	
c11Tests/NotificationAndMenuBarTests.swift	1153	TabAttentionSnapshot	PanelAttentionSnapshot	T	
c11Tests/NotificationAndMenuBarTests.swift	1160	TabAttentionSnapshot	PanelAttentionSnapshot	T	
c11Tests/NotificationAndMenuBarTests.swift	1171	TabAttentionIndex	PanelAttentionIndex	T	
c11Tests/NotificationAndMenuBarTests.swift	1174	TabAttentionSnapshot	PanelAttentionSnapshot	T	
c11Tests/NotificationAndMenuBarTests.swift	1189	TabAttentionIndex	PanelAttentionIndex	T	
c11Tests/OpencodeResumeTests.swift	75	TabMetadataStore	PanelMetadataStore	T	
c11Tests/OpencodeResumeTests.swift	120	TabMetadataStore	PanelMetadataStore	T	
c11Tests/OpencodeResumeTests.swift	135	TabMetadataStore	PanelMetadataStore	T	
c11Tests/OpencodeResumeTests.swift	150	TabMetadataStore	PanelMetadataStore	T	
c11Tests/PiConversationTests.swift	301	TabConversations	PanelConversations	T	
c11Tests/PromptInputGuardTests.swift	537	TabAttentionSnapshot	PanelAttentionSnapshot	T	
c11Tests/PromptInputGuardTests.swift	622	TabAttentionSnapshot	PanelAttentionSnapshot	T	
c11Tests/PromptInputGuardTests.swift	740	TabMetadataStore	PanelMetadataStore	T	
c11Tests/PromptInputGuardTests.swift	797	TabAttentionSnapshot	PanelAttentionSnapshot	T	
c11Tests/ScrapeCapturePipelineTests.swift	167	TabConversations	PanelConversations	T	
c11Tests/ScrapeCapturePipelineTests.swift	238	TabMetadataKeyName	PanelMetadataKeyName	T	
c11Tests/ScrapeCapturePipelineTests.swift	264	TabMetadataKeyName	PanelMetadataKeyName	T	
c11Tests/ScrapeCapturePipelineTests.swift	515	TabMetadataKeyName	PanelMetadataKeyName	T	
c11Tests/ScrapeCapturePipelineTests.swift	521	TabMetadataKeyName	PanelMetadataKeyName	T	
c11Tests/ScrapeCapturePipelineTests.swift	540	SessionTabSnapshot	SessionPanelSnapshot	T	
c11Tests/ScrapeCapturePipelineTests.swift	541	SessionTabSnapshot	SessionPanelSnapshot	T	
c11Tests/ScrapeCapturePipelineTests.swift	549	SessionTabSnapshot	SessionPanelSnapshot	T	
c11Tests/ScrapeCapturePipelineTests.swift	550	SessionTabSnapshot	SessionPanelSnapshot	T	
c11Tests/ScrapeCapturePipelineTests.swift	554	TabMetadataKeyName	PanelMetadataKeyName	T	
c11Tests/ScrapeCapturePipelineTests.swift	559	SessionTabSnapshot	SessionPanelSnapshot	T	
c11Tests/SessionPersistenceTests.swift	122	newMarkdownTab	newMarkdownPanel	Muse	
c11Tests/SessionPersistenceTests.swift	137	markdownTab	markdownPanel	Muse	
c11Tests/SessionPersistenceTests.swift	137	restoredTab	restoredPanel	L	let restoredTab = try XCTUnwrap(restored.markdownTab(for: restoredPanelId))
c11Tests/SessionPersistenceTests.swift	138	restoredTab	restoredPanel	L	let restoredTab = try XCTUnwrap(restored.markdownTab(for: restoredPanelId))
c11Tests/SessionPersistenceTests.swift	151	SessionTabSnapshot	SessionPanelSnapshot	T	
c11Tests/SessionPersistenceTests.swift	182	SessionTabSnapshot	SessionPanelSnapshot	T	
c11Tests/SessionPersistenceTests.swift	494	SessionTabSnapshot	SessionPanelSnapshot	T	
c11Tests/SessionPersistenceTests.swift	518	SessionTabSnapshot	SessionPanelSnapshot	T	
c11Tests/SessionPersistenceTests.swift	524	SessionTabSnapshot	SessionPanelSnapshot	T	
c11Tests/SessionPersistenceTests.swift	550	SessionTabSnapshot	SessionPanelSnapshot	T	
c11Tests/SessionPersistenceTests.swift	568	SessionTabSnapshot	SessionPanelSnapshot	T	
c11Tests/SessionPersistenceTests.swift	586	SessionTabSnapshot	SessionPanelSnapshot	T	
c11Tests/SessionPersistenceTests.swift	599	SessionTabSnapshot	SessionPanelSnapshot	T	
c11Tests/SessionPersistenceTests.swift	617	SessionTabSnapshot	SessionPanelSnapshot	T	
c11Tests/SessionPersistenceTests.swift	624	SessionTabSnapshot	SessionPanelSnapshot	T	
c11Tests/SessionPersistenceTests.swift	645	SessionTabSnapshot	SessionPanelSnapshot	T	
c11Tests/SessionPersistenceTests.swift	662	SessionTabSnapshot	SessionPanelSnapshot	T	
c11Tests/SessionPersistenceTests.swift	869	SessionBrowserTabSnapshot	SessionBrowserPanelSnapshot	T	
c11Tests/SessionPersistenceTests.swift	885	SessionBrowserTabSnapshot	SessionBrowserPanelSnapshot	T	
c11Tests/SessionPersistenceTests.swift	894	SessionBrowserTabSnapshot	SessionBrowserPanelSnapshot	T	
c11Tests/SessionPersistenceTests.swift	903	AgentTabLink	AgentPanelLink	T	
c11Tests/SessionPersistenceTests.swift	909	SessionBrowserTabSnapshot	SessionBrowserPanelSnapshot	T	
c11Tests/SessionPersistenceTests.swift	926	SessionBrowserTabSnapshot	SessionBrowserPanelSnapshot	T	
c11Tests/SessionPersistenceTests.swift	1028	AgentTabLink	AgentPanelLink	T	
c11Tests/SessionPersistenceTests.swift	1873	SessionTabSnapshot	SessionPanelSnapshot	T	
c11Tests/SessionPersistenceTests.swift	1875	SessionTabSnapshot	SessionPanelSnapshot	T	
c11Tests/SessionRestoreNormalizationTests.swift	16	SessionTabSnapshot	SessionPanelSnapshot	T	
c11Tests/SessionRestoreNormalizationTests.swift	20	SessionTerminalTabSnapshot	SessionTerminalPanelSnapshot	T	
c11Tests/SessionRestoreNormalizationTests.swift	54	TabMetadataKeyName	PanelMetadataKeyName	T	
c11Tests/ShortcutAndCommandPaletteTests.swift	778	LastTabCloseShortcutSettings	LastPanelCloseShortcutSettings	T	
c11Tests/ShortcutAndCommandPaletteTests.swift	789	LastTabCloseShortcutSettings	LastPanelCloseShortcutSettings	T	
c11Tests/ShortcutAndCommandPaletteTests.swift	790	LastTabCloseShortcutSettings	LastPanelCloseShortcutSettings	T	
c11Tests/ShortcutAndCommandPaletteTests.swift	801	LastTabCloseShortcutSettings	LastPanelCloseShortcutSettings	T	
c11Tests/ShortcutAndCommandPaletteTests.swift	802	LastTabCloseShortcutSettings	LastPanelCloseShortcutSettings	T	
c11Tests/SidebarOrderingTests.swift	234	tabPullRequests	panelPullRequests	Muse	
c11Tests/SidebarOrderingTests.swift	284	tabPullRequests	panelPullRequests	Muse	
c11Tests/SidebarOrderingTests.swift	313	tabPullRequests	panelPullRequests	Muse	
c11Tests/SidebarOrderingTests.swift	345	tabPullRequests	panelPullRequests	Muse	
c11Tests/SidebarOrderingTests.swift	391	tabPullRequests	panelPullRequests	Muse	
c11Tests/SidebarOrderingTests.swift	404	tabPullRequests	panelPullRequests	Muse	
c11Tests/SidebarOrderingTests.swift	431	tabPullRequests	panelPullRequests	Muse	
c11Tests/SocketDerivedSourceRejectionTests.swift	67	TabMetadataStore	PanelMetadataStore	T	
c11Tests/SocketDerivedSourceRejectionTests.swift	124	TabMetadataStore	PanelMetadataStore	T	
c11Tests/SocketTabRefValidatorTests.swift	18	SocketTabRefValidator	SocketPanelRefValidator	T	
c11Tests/SocketTabRefValidatorTests.swift	20	SocketTabRefValidator	SocketPanelRefValidator	T	
c11Tests/SocketTabRefValidatorTests.swift	22	SocketTabRefValidator	SocketPanelRefValidator	T	
c11Tests/SocketTabRefValidatorTests.swift	23	SocketTabRefValidator	SocketPanelRefValidator	T	
c11Tests/SocketTabRefValidatorTests.swift	24	SocketTabRefValidator	SocketPanelRefValidator	T	
c11Tests/SocketTabRefValidatorTests.swift	26	SocketTabRefValidator	SocketPanelRefValidator	T	
c11Tests/SocketTabRefValidatorTests.swift	28	SocketTabRefValidator	SocketPanelRefValidator	T	
c11Tests/SocketTabRefValidatorTests.swift	29	SocketTabRefValidator	SocketPanelRefValidator	T	
c11Tests/SocketTabRefValidatorTests.swift	35	SocketTabRefValidator	SocketPanelRefValidator	T	
c11Tests/SocketTabRefValidatorTests.swift	40	SocketTabRefValidator	SocketPanelRefValidator	T	
c11Tests/SocketTabRefValidatorTests.swift	44	SocketTabRefValidator	SocketPanelRefValidator	T	
c11Tests/SocketTabRefValidatorTests.swift	49	SocketTabRefValidator	SocketPanelRefValidator	T	
c11Tests/SocketTabRefValidatorTests.swift	55	SocketTabRefValidator	SocketPanelRefValidator	T	
c11Tests/SocketTabRefValidatorTests.swift	60	SocketTabRefValidator	SocketPanelRefValidator	T	
c11Tests/SocketTabRefValidatorTests.swift	66	SocketTabRefValidator	SocketPanelRefValidator	T	
c11Tests/SocketTabRefValidatorTests.swift	71	SocketTabRefValidator	SocketPanelRefValidator	T	
c11Tests/SocketTabRefValidatorTests.swift	75	SocketTabRefValidator	SocketPanelRefValidator	T	
c11Tests/SocketTabRefValidatorTests.swift	80	SocketTabRefValidator	SocketPanelRefValidator	T	
c11Tests/SocketTabRefValidatorTests.swift	88	SocketTabRefValidator	SocketPanelRefValidator	T	
c11Tests/SocketTabRefValidatorTests.swift	93	SocketTabRefValidator	SocketPanelRefValidator	T	
c11Tests/SocketTabRefValidatorTests.swift	99	SocketTabRefValidator	SocketPanelRefValidator	T	
c11Tests/SocketTabRefValidatorTests.swift	108	SocketTabRefValidator	SocketPanelRefValidator	T	
c11Tests/SocketTabRefValidatorTests.swift	118	SocketTabRefValidator	SocketPanelRefValidator	T	
c11Tests/SocketTabRefValidatorTests.swift	123	SocketTabRefValidator	SocketPanelRefValidator	T	
c11Tests/SocketTabRefValidatorTests.swift	131	SocketTabRefValidator	SocketPanelRefValidator	T	
c11Tests/SocketTabRefValidatorTests.swift	134	SocketTabRefValidator	SocketPanelRefValidator	T	
c11Tests/SocketTabRefValidatorTests.swift	137	SocketTabRefValidator	SocketPanelRefValidator	T	
c11Tests/SocketTabRefValidatorTests.swift	140	SocketTabRefValidator	SocketPanelRefValidator	T	
c11Tests/SocketTabRefValidatorTests.swift	143	SocketTabRefValidator	SocketPanelRefValidator	T	
c11Tests/StdinHandlerFormattingTests.swift	149	tabName	panelName	Muse	
c11Tests/StdinHandlerFormattingTests.swift	171	tabName	panelName	Muse	
c11Tests/StdinHandlerFormattingTests.swift	214	tabName	panelName	Muse	
c11Tests/StdinHandlerFormattingTests.swift	232	tabName	panelName	Muse	
c11Tests/StdinHandlerFormattingTests.swift	256	tabName	panelName	Muse	
c11Tests/StdinHandlerFormattingTests.swift	296	tabName	panelName	Muse	
c11Tests/TabActivityTests.swift	14	TabActivityTracker	PanelActivityTracker	T	
c11Tests/TabActivityTests.swift	24	TabActivityTracker	PanelActivityTracker	T	
c11Tests/TabActivityTests.swift	42	TabActivityTracker	PanelActivityTracker	T	
c11Tests/TabActivityTests.swift	45	TabActivityTracker	PanelActivityTracker	T	
c11Tests/TabActivityTests.swift	52	TabActivityTracker	PanelActivityTracker	T	
c11Tests/TabActivityTests.swift	60	TabActivityTracker	PanelActivityTracker	T	
c11Tests/TabActivityTests.swift	72	TabActivityTracker	PanelActivityTracker	T	
c11Tests/TabIdentityRestoreTests.swift	44	TabMetadataStore	PanelMetadataStore	T	
c11Tests/TabIdentityRestoreTests.swift	63	TabMetadataStore	PanelMetadataStore	T	
c11Tests/TabIdentityRestoreTests.swift	101	markdownTab	markdownPanel	Muse	
c11Tests/TabIdentityRestoreTests.swift	102	newMarkdownTab	newMarkdownPanel	Muse	
c11Tests/TabIdentityRestoreTests.swift	105	markdownTab	markdownPanel	Muse	
c11Tests/TabIdentityRestoreTests.swift	115	markdownTab	markdownPanel	Muse	
c11Tests/TabIdentityRestoreTests.swift	166	markdownTab	markdownPanel	Muse	
c11Tests/TabIdentityRestoreTests.swift	167	newMarkdownTab	newMarkdownPanel	Muse	
c11Tests/TabIdentityRestoreTests.swift	173	markdownTab	markdownPanel	Muse	
c11Tests/TabIdentityRestoreTests.swift	182	markdownTab	markdownPanel	Muse	
c11Tests/TabLifecycleTests.swift	38	TabLifecycleState	PanelLifecycleState	T	
c11Tests/TabLifecycleTests.swift	39	TabLifecycleState	PanelLifecycleState	T	
c11Tests/TabLifecycleTests.swift	43	TabLifecycleState	PanelLifecycleState	T	
c11Tests/TabLifecycleTests.swift	44	TabLifecycleState	PanelLifecycleState	T	
c11Tests/TabLifecycleTests.swift	48	TabLifecycleState	PanelLifecycleState	T	
c11Tests/TabLifecycleTests.swift	55	TabLifecycleState	PanelLifecycleState	T	
c11Tests/TabLifecycleTests.swift	63	TabLifecycleState	PanelLifecycleState	T	
c11Tests/TabLifecycleTests.swift	70	TabLifecycleState	PanelLifecycleState	T	
c11Tests/TabLifecycleTests.swift	73	TabLifecycleState	PanelLifecycleState	T	
c11Tests/TabLifecycleTests.swift	80	TabLifecycleState	PanelLifecycleState	T	
c11Tests/TabLifecycleTests.swift	86	TabLifecycleState	PanelLifecycleState	T	
c11Tests/TabLifecycleTests.swift	87	TabLifecycleState	PanelLifecycleState	T	
c11Tests/TabLifecycleTests.swift	88	TabLifecycleState	PanelLifecycleState	T	
c11Tests/TabLifecycleTests.swift	89	TabLifecycleState	PanelLifecycleState	T	
c11Tests/TabLifecycleTests.swift	97	TabMetadataStore	PanelMetadataStore	T	
c11Tests/TabLifecycleTests.swift	102	TabLifecycleState	PanelLifecycleState	T	
c11Tests/TabLifecycleTests.swift	121	TabMetadataStore	PanelMetadataStore	T	
c11Tests/TabLifecycleTests.swift	128	TabLifecycleState	PanelLifecycleState	T	
c11Tests/TabLifecycleTests.swift	133	TabMetadataStore	PanelMetadataStore	T	
c11Tests/TabLifecycleTests.swift	143	TabMetadataStore	PanelMetadataStore	T	
c11Tests/TabLifecycleTests.swift	155	TabMetadataStore	PanelMetadataStore	T	
c11Tests/TabLifecycleTests.swift	165	TabMetadataStore	PanelMetadataStore	T	
c11Tests/TabLifecycleTests.swift	177	TabMetadataStore	PanelMetadataStore	T	
c11Tests/TabLifecycleTests.swift	186	TabMetadataStore	PanelMetadataStore	T	
c11Tests/TabLifecycleTests.swift	193	TabLifecycleController	PanelLifecycleController	T	
c11Tests/TabLifecycleTests.swift	204	TabMetadataStore	PanelMetadataStore	T	
c11Tests/TabLifecycleTests.swift	207	TabLifecycleController	PanelLifecycleController	T	
c11Tests/TabLifecycleTests.swift	216	TabLifecycleState	PanelLifecycleState	T	
c11Tests/TabLifecycleTests.swift	222	TabLifecycleController	PanelLifecycleController	T	
c11Tests/TabLifecycleTests.swift	234	TabLifecycleState	PanelLifecycleState	T	
c11Tests/TabLifecycleTests.swift	235	TabLifecycleController	PanelLifecycleController	T	
c11Tests/TabLifecycleTests.swift	269	BrowserTab	BrowserPanel	T	
c11Tests/TabLifecycleTests.swift	312	BrowserTab	BrowserPanel	T	
c11Tests/TabLifecycleTests.swift	386	TabMetricsSampler	PanelMetricsSampler	T	
c11Tests/TabLifecycleTests.swift	428	TabMetricsSampler	PanelMetricsSampler	T	
c11Tests/TabLifecycleTests.swift	447	TabMetadataStore	PanelMetadataStore	T	
c11Tests/TabLifecycleTests.swift	453	TabLifecycleController	PanelLifecycleController	T	
c11Tests/TabLifecycleTests.swift	464	TabLifecycleState	PanelLifecycleState	T	
c11Tests/TabLifecycleTests.swift	477	TerminalTab	TerminalPanel	T	
c11Tests/TabLifecycleTests.swift	478	TerminalTab	TerminalPanel	T	
c11Tests/TabLifecycleTests.swift	493	TabMetadataStore	PanelMetadataStore	T	
c11Tests/TabLifecycleTests.swift	496	TabLifecycleState	PanelLifecycleState	T	
c11Tests/TabLivenessDeriverTests.swift	20	TabMetadataStore	PanelMetadataStore	T	
c11Tests/TabLivenessDeriverTests.swift	23	TabActivityTracker	PanelActivityTracker	T	
c11Tests/TabLivenessDeriverTests.swift	54	TabLivenessDeriver	PanelLivenessDeriver	T	
c11Tests/TabLivenessDeriverTests.swift	55	TabLivenessDeriver	PanelLivenessDeriver	T	
c11Tests/TabLivenessDeriverTests.swift	56	TabLivenessDeriver	PanelLivenessDeriver	T	
c11Tests/TabLivenessDeriverTests.swift	78	TabLivenessDeriver	PanelLivenessDeriver	T	
c11Tests/TabLivenessDeriverTests.swift	92	TabActivityResolver	PanelActivityResolver	T	
c11Tests/TabLivenessDeriverTests.swift	100	TabActivityResolver	PanelActivityResolver	T	
c11Tests/TabLivenessDeriverTests.swift	109	TabActivityResolver	PanelActivityResolver	T	
c11Tests/TabLivenessDeriverTests.swift	117	TabActivityResolver	PanelActivityResolver	T	
c11Tests/TabLivenessDeriverTests.swift	129	TabActivityResolver	PanelActivityResolver	T	
c11Tests/TabLivenessDeriverTests.swift	141	TabActivityResolver	PanelActivityResolver	T	
c11Tests/TabLivenessDeriverTests.swift	149	TabActivityResolver	PanelActivityResolver	T	
c11Tests/TabLivenessDeriverTests.swift	159	TabActivityResolver	PanelActivityResolver	T	
c11Tests/TabLivenessDeriverTests.swift	164	TabActivityResolver	PanelActivityResolver	T	
c11Tests/TabLivenessDeriverTests.swift	169	TabActivityResolver	PanelActivityResolver	T	
c11Tests/TabLivenessDeriverTests.swift	181	TabLivenessDeriver	PanelLivenessDeriver	T	
c11Tests/TabLivenessDeriverTests.swift	187	TabLivenessDeriver	PanelLivenessDeriver	T	
c11Tests/TabLivenessDeriverTests.swift	193	TabLivenessDeriver	PanelLivenessDeriver	T	
c11Tests/TabLivenessDeriverTests.swift	199	TabLivenessDeriver	PanelLivenessDeriver	T	
c11Tests/TabLivenessDeriverTests.swift	271	TabActivityResolver	PanelActivityResolver	T	
c11Tests/TabLivenessDeriverTests.swift	303	TabActivityTerminalKindResolver	PanelActivityTerminalKindResolver	T	
c11Tests/TabLivenessDeriverTests.swift	310	TabActivityTerminalKindResolver	PanelActivityTerminalKindResolver	T	
c11Tests/TabLivenessDeriverTests.swift	320	TabActivityTerminalKindResolver	PanelActivityTerminalKindResolver	T	
c11Tests/TabLivenessDeriverTests.swift	331	TabActivityResolver	PanelActivityResolver	T	
c11Tests/TabLivenessDeriverTests.swift	365	TabLivenessDeriver	PanelLivenessDeriver	T	
c11Tests/TabLivenessDeriverTests.swift	379	TabLivenessDeriver	PanelLivenessDeriver	T	
c11Tests/TabLivenessDeriverTests.swift	394	TabLivenessDeriver	PanelLivenessDeriver	T	
c11Tests/TabLivenessDeriverTests.swift	400	TabLivenessDeriver	PanelLivenessDeriver	T	
c11Tests/TabLivenessDeriverTests.swift	422	TabLivenessDeriver	PanelLivenessDeriver	T	
c11Tests/TabLivenessDeriverTests.swift	443	TabActivityTracker	PanelActivityTracker	T	
c11Tests/TabLivenessDeriverTests.swift	446	TabLivenessDeriver	PanelLivenessDeriver	T	
c11Tests/TabLivenessDeriverTests.swift	461	TabActivityTracker	PanelActivityTracker	T	
c11Tests/TabLivenessDeriverTests.swift	463	TabLivenessDeriver	PanelLivenessDeriver	T	
c11Tests/TabLivenessDeriverTests.swift	487	TabActivityTracker	PanelActivityTracker	T	
c11Tests/TabLivenessDeriverTests.swift	491	TabLivenessDeriver	PanelLivenessDeriver	T	
c11Tests/TabLivenessDeriverTests.swift	505	TabActivityTracker	PanelActivityTracker	T	
c11Tests/TabLivenessDeriverTests.swift	507	TabLivenessDeriver	PanelLivenessDeriver	T	
c11Tests/TabLivenessDeriverTests.swift	567	TabLivenessDeriver	PanelLivenessDeriver	T	
c11Tests/TabLivenessDeriverTests.swift	569	TabLivenessDeriver	PanelLivenessDeriver	T	
c11Tests/TabLivenessDeriverTests.swift	575	TabLivenessDeriver	PanelLivenessDeriver	T	
c11Tests/TabLivenessDeriverTests.swift	576	TabLivenessDeriver	PanelLivenessDeriver	T	
c11Tests/TabLivenessDeriverTests.swift	580	TabLivenessDeriver	PanelLivenessDeriver	T	
c11Tests/TabLivenessDeriverTests.swift	584	TabLivenessDeriver	PanelLivenessDeriver	T	
c11Tests/TabLivenessDeriverTests.swift	593	TabLivenessDeriver	PanelLivenessDeriver	T	
c11Tests/TabLivenessDeriverTests.swift	594	TabLivenessDeriver	PanelLivenessDeriver	T	
c11Tests/TabLivenessDeriverTests.swift	595	TabLivenessDeriver	PanelLivenessDeriver	T	
c11Tests/TabLivenessDeriverTests.swift	602	TabLivenessDeriver	PanelLivenessDeriver	T	
c11Tests/TabLivenessDeriverTests.swift	616	TabActivityResolver	PanelActivityResolver	T	
c11Tests/TabLivenessDeriverTests.swift	625	TabActivityResolver	PanelActivityResolver	T	
c11Tests/TabLivenessDeriverTests.swift	679	TabLivenessDeriver	PanelLivenessDeriver	T	
c11Tests/TabLivenessDeriverTests.swift	697	TabLivenessDeriver	PanelLivenessDeriver	T	
c11Tests/TabLivenessDeriverTests.swift	699	TabLivenessDeriver	PanelLivenessDeriver	T	
c11Tests/TabLivenessDeriverTests.swift	700	TabLivenessDeriver	PanelLivenessDeriver	T	
c11Tests/TabLivenessDeriverTests.swift	701	TabLivenessDeriver	PanelLivenessDeriver	T	
c11Tests/TabLivenessDeriverTests.swift	702	TabLivenessDeriver	PanelLivenessDeriver	T	
c11Tests/TabLivenessDeriverTests.swift	703	TabLivenessDeriver	PanelLivenessDeriver	T	
c11Tests/TabLivenessDeriverTests.swift	704	TabLivenessDeriver	PanelLivenessDeriver	T	
c11Tests/TabLivenessDeriverTests.swift	709	TabLivenessDeriver	PanelLivenessDeriver	T	
c11Tests/TabLivenessDeriverTests.swift	710	TabLivenessDeriver	PanelLivenessDeriver	T	
c11Tests/TabLivenessDeriverTests.swift	711	TabLivenessDeriver	PanelLivenessDeriver	T	
c11Tests/TabLivenessDeriverTests.swift	712	TabLivenessDeriver	PanelLivenessDeriver	T	
c11Tests/TabLivenessDeriverTests.swift	713	TabLivenessDeriver	PanelLivenessDeriver	T	
c11Tests/TabLivenessDeriverTests.swift	714	TabLivenessDeriver	PanelLivenessDeriver	T	
c11Tests/TabMetadataStoreValidationTests.swift	20	TabMetadataStore	PanelMetadataStore	T	
c11Tests/TabMetadataStoreValidationTests.swift	52	TabMetadataStore	PanelMetadataStore	T	
c11Tests/TabMetadataStoreValidationTests.swift	74	TabMetadataStore	PanelMetadataStore	T	
c11Tests/TabMetadataStoreValidationTests.swift	95	TabMetadataStore	PanelMetadataStore	T	
c11Tests/TabMetadataStoreValidationTests.swift	180	TabMetadataStore	PanelMetadataStore	T	
c11Tests/TabMetadataStoreValidationTests.swift	229	TabMetadataStore	PanelMetadataStore	T	
c11Tests/TabMetadataStoreValidationTests.swift	247	callerTabId	callerPanelId	T	
c11Tests/TabMetadataStoreValidationTests.swift	286	TabMetadataStore	PanelMetadataStore	T	
c11Tests/TabMetadataStoreValidationTests.swift	291	TabMetadataStore	PanelMetadataStore	T	
c11Tests/TabMetadataStoreValidationTests.swift	295	TabMetadataStore	PanelMetadataStore	T	
c11Tests/TabMetadataStoreValidationTests.swift	296	TabMetadataStore	PanelMetadataStore	T	
c11Tests/TabMetadataStoreValidationTests.swift	326	TabMetadataStore	PanelMetadataStore	T	
c11Tests/TabMetadataStoreValidationTests.swift	341	TabMetadataStore	PanelMetadataStore	T	
c11Tests/TabMetadataStoreValidationTests.swift	343	TabMetadataStore	PanelMetadataStore	T	
c11Tests/TabMetadataStoreValidationTests.swift	351	TabMetadataStore	PanelMetadataStore	T	
c11Tests/TabSeenClockTests.swift	18	TabSeenClock	PanelSeenClock	T	
c11Tests/TabSeenClockTests.swift	24	TabSeenClock	PanelSeenClock	T	
c11Tests/TabSeenClockTests.swift	30	TabSeenClock	PanelSeenClock	T	
c11Tests/TabSeenClockTests.swift	39	TabSeenClock	PanelSeenClock	T	
c11Tests/TabSeenClockTests.swift	51	TabSeenClock	PanelSeenClock	T	
c11Tests/TabSeenClockTests.swift	60	TabSeenClock	PanelSeenClock	T	
c11Tests/TabSeenClockTests.swift	66	TabSeenClock	PanelSeenClock	T	
c11Tests/TabSeenClockTests.swift	80	TabSeenClock	PanelSeenClock	T	
c11Tests/TabSeenClockTests.swift	91	SessionTabSnapshot	SessionPanelSnapshot	T	
c11Tests/TabSeenClockTests.swift	92	SessionTabSnapshot	SessionPanelSnapshot	T	
c11Tests/TabSeenClockTests.swift	102	SessionTabSnapshot	SessionPanelSnapshot	T	
c11Tests/TabSeenClockTests.swift	106	SessionTabSnapshot	SessionPanelSnapshot	T	
c11Tests/TabSeenClockTests.swift	115	TabSeenTracker	PanelSeenTracker	T	
c11Tests/TabSeenClockTests.swift	207	TabSeenTracker	PanelSeenTracker	T	
c11Tests/TabSheetDetailBuilderTests.swift	16	TabContentType	PanelType	T	
c11Tests/TabSheetDetailBuilderTests.swift	16	panelType tabType	panelType	L	tabType: TabContentType
c11Tests/TabSheetDetailBuilderTests.swift	29	tabType	panelType	L	tabType: TabContentType
c11Tests/TabTitleBarRenderTests.swift	21	TabTitleBarState	PanelTitleBarState	T	
c11Tests/TabTitleBarRenderTests.swift	22	TabTitleBarView	PanelTitleBarView	T	
c11Tests/TabTitleBarRenderTests.swift	32	TabTitleBarState	PanelTitleBarState	T	
c11Tests/TabTitleBarRenderTests.swift	33	TabTitleBarState	PanelTitleBarState	T	
c11Tests/TabTitleBarRenderTests.swift	48	TabTitleBarState	PanelTitleBarState	T	
c11Tests/TabTitleBarRenderTests.swift	65	TabTitleBarState	PanelTitleBarState	T	
c11Tests/TabTitleBarRenderTests.swift	66	TabTitleBarState	PanelTitleBarState	T	
c11Tests/TabTitleBarRenderTests.swift	75	TabTitleBarState	PanelTitleBarState	T	
c11Tests/TabTitleBarRenderTests.swift	85	TabTitleBarState	PanelTitleBarState	T	
c11Tests/TabTitleBarRenderTests.swift	103	TabTitleBarView	PanelTitleBarView	T	
c11Tests/TabTitleBarRenderTests.swift	110	TabTitleBarState	PanelTitleBarState	T	
c11Tests/TabTitleBarRenderTests.swift	111	TabTitleBarView	PanelTitleBarView	T	
c11Tests/TabTypeAvailabilityTests.swift	22	TabTypeAvailability	PanelTypeAvailability	T	
c11Tests/TabTypeAvailabilityTests.swift	23	TabTypeAvailability	PanelTypeAvailability	T	
c11Tests/TabTypeAvailabilityTests.swift	23	markdownTabsEnabledKey	markdownPanelsEnabledKey	Muse	
c11Tests/TabTypeAvailabilityTests.swift	25	TabTypeAvailability	PanelTypeAvailability	T	
c11Tests/TabTypeAvailabilityTests.swift	26	TabTypeAvailability	PanelTypeAvailability	T	
c11Tests/TabTypeAvailabilityTests.swift	28	TabTypeAvailability	PanelTypeAvailability	T	
c11Tests/TabTypeAvailabilityTests.swift	35	TabTypeAvailability	PanelTypeAvailability	T	
c11Tests/TabTypeAvailabilityTests.swift	40	TabTypeAvailability	PanelTypeAvailability	T	
c11Tests/TabTypeAvailabilityTests.swift	47	TabTypeAvailability	PanelTypeAvailability	T	
c11Tests/TabTypeAvailabilityTests.swift	48	TabTypeAvailability	PanelTypeAvailability	T	
c11Tests/TabTypeAvailabilityTests.swift	50	TabTypeAvailability	PanelTypeAvailability	T	
c11Tests/TabTypeAvailabilityTests.swift	55	TabTypeAvailability	PanelTypeAvailability	T	
c11Tests/TabTypeAvailabilityTests.swift	55	markdownTabsEnabledKey	markdownPanelsEnabledKey	Muse	
c11Tests/TabTypeAvailabilityTests.swift	56	TabTypeAvailability	PanelTypeAvailability	T	
c11Tests/TabTypeAvailabilityTests.swift	58	TabTypeAvailability	PanelTypeAvailability	T	
c11Tests/TabTypeAvailabilityTests.swift	63	TabTypeAvailability	PanelTypeAvailability	T	
c11Tests/TabTypeAvailabilityTests.swift	64	TabTypeAvailability	PanelTypeAvailability	T	
c11Tests/TabTypeAvailabilityTests.swift	64	markdownTabsEnabledKey	markdownPanelsEnabledKey	Muse	
c11Tests/TabTypeAvailabilityTests.swift	65	TabTypeAvailability	PanelTypeAvailability	T	
c11Tests/TabTypeAvailabilityTests.swift	66	TabTypeAvailability	PanelTypeAvailability	T	
c11Tests/TabTypeAvailabilityTests.swift	73	TabTypeAvailability	PanelTypeAvailability	T	
c11Tests/TabTypeAvailabilityTests.swift	74	TabTypeAvailability	PanelTypeAvailability	T	
c11Tests/TabTypeAvailabilityTests.swift	75	TabTypeAvailability	PanelTypeAvailability	T	
c11Tests/TabTypeAvailabilityTests.swift	77	TabTypeAvailability	PanelTypeAvailability	T	
c11Tests/TabTypeAvailabilityTests.swift	82	TabTypeAvailability	PanelTypeAvailability	T	
c11Tests/TabTypeAvailabilityTests.swift	82	markdownTabsEnabledKey	markdownPanelsEnabledKey	Muse	
c11Tests/TabTypeAvailabilityTests.swift	83	TabTypeAvailability	PanelTypeAvailability	T	
c11Tests/TabTypeAvailabilityTests.swift	84	TabTypeAvailability	PanelTypeAvailability	T	
c11Tests/TabTypeAvailabilityTests.swift	85	TabTypeAvailability	PanelTypeAvailability	T	
c11Tests/TabTypeAvailabilityTests.swift	91	TabTypeAvailability	PanelTypeAvailability	T	
c11Tests/TabTypeAvailabilityTests.swift	93	TabTypeAvailability	PanelTypeAvailability	T	
c11Tests/TabTypeAvailabilityTests.swift	102	TabTypeAvailability	PanelTypeAvailability	T	
c11Tests/TabTypeAvailabilityTests.swift	104	TabTypeAvailability	PanelTypeAvailability	T	
c11Tests/TabTypeAvailabilityTests.swift	113	TabTypeAvailability	PanelTypeAvailability	T	
c11Tests/TabTypeAvailabilityTests.swift	117	TabTypeAvailability	PanelTypeAvailability	T	
c11Tests/TerminalAndGhosttyTests.swift	1044	focusedTerminalTab	focusedTerminalPanel	Muse	
c11Tests/TerminalAndGhosttyTests.swift	1044	terminalTab	terminalPanel	L	let terminalTab = workspace.focusedTerminalTab else {
c11Tests/TerminalAndGhosttyTests.swift	1054	terminalTab	terminalPanel	L	let terminalTab = workspace.focusedTerminalTab else {
c11Tests/TerminalAndGhosttyTests.swift	1072	terminalTab	terminalPanel	L	let terminalTab = workspace.focusedTerminalTab else {
c11Tests/TerminalAndGhosttyTests.swift	1077	terminalTab	terminalPanel	L	let terminalTab = workspace.focusedTerminalTab else {
c11Tests/TerminalAndGhosttyTests.swift	1087	terminalTab	terminalPanel	L	let terminalTab = workspace.focusedTerminalTab else {
c11Tests/TerminalAndGhosttyTests.swift	1088	terminalTab	terminalPanel	L	let terminalTab = workspace.focusedTerminalTab else {
c11Tests/TerminalAndGhosttyTests.swift	1116	focusedTerminalTab	focusedTerminalPanel	Muse	
c11Tests/TerminalAndGhosttyTests.swift	1116	terminalTab	terminalPanel	L	let terminalTab = workspace.focusedTerminalTab else {
c11Tests/TerminalAndGhosttyTests.swift	1126	terminalTab	terminalPanel	L	let terminalTab = workspace.focusedTerminalTab else {
c11Tests/TerminalAndGhosttyTests.swift	1144	terminalTab	terminalPanel	L	let terminalTab = workspace.focusedTerminalTab else {
c11Tests/TerminalAndGhosttyTests.swift	1149	terminalTab	terminalPanel	L	let terminalTab = workspace.focusedTerminalTab else {
c11Tests/TerminalAndGhosttyTests.swift	1157	terminalTab	terminalPanel	L	let terminalTab = workspace.focusedTerminalTab else {
c11Tests/TerminalAndGhosttyTests.swift	1158	terminalTab	terminalPanel	L	let terminalTab = workspace.focusedTerminalTab else {
c11Tests/TerminalAndGhosttyTests.swift	1416	focusedTerminalTab	focusedTerminalPanel	Muse	
c11Tests/TerminalAndGhosttyTests.swift	1511	focusedTerminalTab	focusedTerminalPanel	Muse	
c11Tests/TerminalAndGhosttyTests.swift	1512	focusedTerminalTab	focusedTerminalPanel	Muse	
c11Tests/TerminalAndGhosttyTests.swift	1646	TabAttentionIndex	PanelAttentionIndex	T	
c11Tests/TerminalAndGhosttyTests.swift	1665	TabAttentionIndex	PanelAttentionIndex	T	
c11Tests/TerminalAndGhosttyTests.swift	1666	TabAttentionSnapshot	PanelAttentionSnapshot	T	
c11Tests/TerminalAndGhosttyTests.swift	1695	TabAttentionIndex	PanelAttentionIndex	T	
c11Tests/TerminalAndGhosttyTests.swift	1705	TabAttentionIndex	PanelAttentionIndex	T	
c11Tests/TerminalAndGhosttyTests.swift	1706	TabAttentionSnapshot	PanelAttentionSnapshot	T	
c11Tests/TerminalAndGhosttyTests.swift	3821	TerminalTab	TerminalPanel	T	
c11Tests/TerminalAndGhosttyTests.swift	3851	TerminalTab	TerminalPanel	T	
c11Tests/TerminalAndGhosttyTests.swift	3918	TerminalTab	TerminalPanel	T	
c11Tests/TerminalAndGhosttyTests.swift	3964	focusedTerminalTab	focusedTerminalPanel	Muse	
c11Tests/TerminalAndGhosttyTests.swift	3997	focusedTerminalTab	focusedTerminalPanel	Muse	
c11Tests/TerminalAndGhosttyTests.swift	4032	focusedTerminalTab	focusedTerminalPanel	Muse	
c11Tests/TerminalAndGhosttyTests.swift	4075	focusedTerminalTab	focusedTerminalPanel	Muse	
c11Tests/TerminalAndGhosttyTests.swift	4091	focusedTerminalTab	focusedTerminalPanel	Muse	
c11Tests/WindowAndDragTests.swift	231	tabDirectories	panelDirectories	Muse	
c11Tests/WindowAndDragTests.swift	1117	MarkdownTabPointerObserverView	MarkdownPanelPointerObserverView	T	
c11Tests/WindowAndDragTests.swift	1145	MarkdownTabPointerObserverView	MarkdownPanelPointerObserverView	T	
c11Tests/WindowAndDragTests.swift	1171	MarkdownTabPointerObserverView	MarkdownPanelPointerObserverView	T	
c11Tests/WorkspaceApplyPlanCodableTests.swift	70	TabSpec	PanelSpec	T	
c11Tests/WorkspaceApplyPlanCodableTests.swift	79	TabSpec	PanelSpec	T	
c11Tests/WorkspaceApplyPlanCodableTests.swift	101	TabSpec	PanelSpec	T	
c11Tests/WorkspaceApplyPlanCodableTests.swift	111	TabSpec	PanelSpec	T	
c11Tests/WorkspaceApplyPlanCodableTests.swift	116	TabSpec	PanelSpec	T	
c11Tests/WorkspaceApplyPlanCodableTests.swift	127	TabSpec	PanelSpec	T	
c11Tests/WorkspaceApplyPlanCodableTests.swift	134	TabSpec	PanelSpec	T	
c11Tests/WorkspaceApplyPlanCodableTests.swift	148	TabSpec	PanelSpec	T	
c11Tests/WorkspaceApplyPlanCodableTests.swift	158	TabSpec	PanelSpec	T	
c11Tests/WorkspaceApplyPlanCodableTests.swift	170	TabSpec	PanelSpec	T	
c11Tests/WorkspaceApplyPlanCodableTests.swift	176	TabSpec	PanelSpec	T	
c11Tests/WorkspaceApplyPlanCodableTests.swift	186	TabSpec	PanelSpec	T	
c11Tests/WorkspaceApplyPlanCodableTests.swift	194	TabSpec	PanelSpec	T	
c11Tests/WorkspaceApplyPlanCodableTests.swift	278	TabSpec	PanelSpec	T	
c11Tests/WorkspaceApplyPlanCodableTests.swift	279	TabSpec	PanelSpec	T	
c11Tests/WorkspaceApplyPlanCodableTests.swift	280	TabSpec	PanelSpec	T	
c11Tests/WorkspaceApplyPlanCodableTests.swift	281	TabSpec	PanelSpec	T	
c11Tests/WorkspaceApplyPlanCodableTests.swift	462	TabSpec	PanelSpec	T	
c11Tests/WorkspaceApplyPlanCodableTests.swift	465	TabSpec	PanelSpec	T	
c11Tests/WorkspaceApplyPlanCodableTests.swift	465	resolvedTabs	resolvedPanels	L	let resolvedTabs = surfaces ?? [TabSpec(id: "a", kind: .terminal)]
c11Tests/WorkspaceApplyPlanCodableTests.swift	471	resolvedTabs	resolvedPanels	L	let resolvedTabs = surfaces ?? [TabSpec(id: "a", kind: .terminal)]
c11Tests/WorkspaceApplyPlanCodableTests.swift	491	TabSpec	PanelSpec	T	
c11Tests/WorkspaceApplyPlanCodableTests.swift	492	TabSpec	PanelSpec	T	
c11Tests/WorkspaceApplyPlanCodableTests.swift	509	TabSpec	PanelSpec	T	
c11Tests/WorkspaceApplyPlanCodableTests.swift	520	TabSpec	PanelSpec	T	
c11Tests/WorkspaceApplyPlanCodableTests.swift	531	TabSpec	PanelSpec	T	
c11Tests/WorkspaceApplyPlanCodableTests.swift	542	TabSpec	PanelSpec	T	
c11Tests/WorkspaceBlueprintFileCodableTests.swift	38	TabSpec	PanelSpec	T	
c11Tests/WorkspaceBlueprintFileCodableTests.swift	73	TabSpec	PanelSpec	T	
c11Tests/WorkspaceBlueprintFileCodableTests.swift	74	TabSpec	PanelSpec	T	
c11Tests/WorkspaceBlueprintFileCodableTests.swift	75	TabSpec	PanelSpec	T	
c11Tests/WorkspaceBlueprintMarkdownTests.swift	41	TabSpec	PanelSpec	T	
c11Tests/WorkspaceBlueprintMarkdownTests.swift	63	TabSpec	PanelSpec	T	
c11Tests/WorkspaceBlueprintMarkdownTests.swift	64	TabSpec	PanelSpec	T	
c11Tests/WorkspaceBlueprintMarkdownTests.swift	254	TabSpec	PanelSpec	T	
c11Tests/WorkspaceBlueprintMarkdownTests.swift	259	TabSpec	PanelSpec	T	
c11Tests/WorkspaceBlueprintMarkdownTests.swift	299	TabSpec	PanelSpec	T	
c11Tests/WorkspaceBlueprintMarkdownTests.swift	300	TabSpec	PanelSpec	T	
c11Tests/WorkspaceBlueprintMarkdownTests.swift	301	TabSpec	PanelSpec	T	
c11Tests/WorkspaceBlueprintMarkdownTests.swift	317	TabSpec	PanelSpec	T	
c11Tests/WorkspaceBlueprintMarkdownTests.swift	332	TabSpec	PanelSpec	T	
c11Tests/WorkspaceBlueprintMarkdownTests.swift	409	TabSpec	PanelSpec	T	
c11Tests/WorkspaceBlueprintMarkdownTests.swift	457	TabSpec	PanelSpec	T	
c11Tests/WorkspaceBlueprintMarkdownTests.swift	485	TabSpec	PanelSpec	T	
c11Tests/WorkspaceBlueprintStoreTests.swift	44	TabSpec	PanelSpec	T	
c11Tests/WorkspaceBlueprintStoreTests.swift	268	TabSpec	PanelSpec	T	
c11Tests/WorkspaceConversationResumeTests.swift	44	TabConversations	PanelConversations	T	
c11Tests/WorkspaceConversationResumeTests.swift	45	TabConversations	PanelConversations	T	
c11Tests/WorkspaceConversationResumeTests.swift	307	TabConversations	PanelConversations	T	
c11Tests/WorkspaceConversationResumeTests.swift	348	TabMetadataKeyName	PanelMetadataKeyName	T	
c11Tests/WorkspaceConversationResumeTests.swift	350	TabConversations	PanelConversations	T	
c11Tests/WorkspaceConversationResumeTests.swift	393	TabConversations	PanelConversations	T	
c11Tests/WorkspaceConversationResumeTests.swift	403	TabMetadataKeyName	PanelMetadataKeyName	T	
c11Tests/WorkspaceConversationResumeTests.swift	405	TabConversations	PanelConversations	T	
c11Tests/WorkspaceConversationResumeTests.swift	454	SessionTabSnapshot	SessionPanelSnapshot	T	
c11Tests/WorkspaceConversationResumeTests.swift	456	TabConversations	PanelConversations	T	
c11Tests/WorkspaceConversationResumeTests.swift	647	TabContentType	PanelType	T	
c11Tests/WorkspaceConversationResumeTests.swift	649	SessionTabSnapshot	SessionPanelSnapshot	T	
c11Tests/WorkspaceConversationResumeTests.swift	650	SessionTabSnapshot	SessionPanelSnapshot	T	
c11Tests/WorkspaceConversationResumeTests.swift	661	SessionTerminalTabSnapshot	SessionTerminalPanelSnapshot	T	
c11Tests/WorkspaceConversationResumeTests.swift	669	SessionTabSnapshot	SessionPanelSnapshot	T	
c11Tests/WorkspaceConversationResumeTests.swift	750	TabConversations	PanelConversations	T	
c11Tests/WorkspaceConversationResumeTests.swift	751	readConversationsByTabIdSync	readConversationsByPanelIdSync	Muse	
c11Tests/WorkspaceConversationResumeTests.swift	765	TabConversations	PanelConversations	T	
c11Tests/WorkspaceConversationResumeTests.swift	766	readConversationsByTabIdSync	readConversationsByPanelIdSync	Muse	
c11Tests/WorkspaceConversationResumeTests.swift	784	TabConversations	PanelConversations	T	
c11Tests/WorkspaceConversationResumeTests.swift	794	TabConversations	PanelConversations	T	
c11Tests/WorkspaceConversationResumeTests.swift	795	TabConversations	PanelConversations	T	
c11Tests/WorkspaceConversationResumeTests.swift	799	TabConversations	PanelConversations	T	
c11Tests/WorkspaceConversationResumeTests.swift	804	TabConversations	PanelConversations	T	
c11Tests/WorkspaceConversationResumeTests.swift	858	TabConversations	PanelConversations	T	
c11Tests/WorkspaceDerivedActivityTests.swift	23	derivedActivityByTab	derivedActivityByPanel	Muse	
c11Tests/WorkspaceDerivedActivityTests.swift	26	derivedActivityByTab	derivedActivityByPanel	Muse	
c11Tests/WorkspaceDerivedActivityTests.swift	35	derivedActivityByTab	derivedActivityByPanel	Muse	
c11Tests/WorkspaceDerivedActivityTests.swift	38	derivedActivityByTab	derivedActivityByPanel	Muse	
c11Tests/WorkspaceDerivedActivityTests.swift	47	derivedActivityByTab	derivedActivityByPanel	Muse	
c11Tests/WorkspaceDerivedActivityTests.swift	50	derivedActivityByTab	derivedActivityByPanel	Muse	
c11Tests/WorkspaceDerivedActivityTests.swift	51	derivedActivityByTab	derivedActivityByPanel	Muse	
c11Tests/WorkspaceDerivedActivityTests.swift	63	derivedActivityByTab	derivedActivityByPanel	Muse	
c11Tests/WorkspaceDerivedActivityTests.swift	64	derivedActivityByTab	derivedActivityByPanel	Muse	
c11Tests/WorkspaceDerivedActivityTests.swift	68	derivedActivityByTab	derivedActivityByPanel	Muse	
c11Tests/WorkspaceDerivedActivityTests.swift	69	derivedActivityByTab	derivedActivityByPanel	Muse	
c11Tests/WorkspaceDerivedActivityTests.swift	77	derivedActivityByTab	derivedActivityByPanel	Muse	
c11Tests/WorkspaceFlashTests.swift	41	persistentFlashTabs	persistentFlashPanels	Muse	
c11Tests/WorkspaceFlashTests.swift	54	persistentFlashTabs	persistentFlashPanels	Muse	
c11Tests/WorkspaceFlashTests.swift	58	persistentFlashTabs	persistentFlashPanels	Muse	
c11Tests/WorkspaceFlashTests.swift	76	persistentFlashTabs	persistentFlashPanels	Muse	
c11Tests/WorkspaceFlashTests.swift	79	persistentFlashTabs	persistentFlashPanels	Muse	
c11Tests/WorkspaceFlashTests.swift	87	persistentFlashTabs	persistentFlashPanels	Muse	
c11Tests/WorkspaceFlashTests.swift	99	persistentFlashTabs	persistentFlashPanels	Muse	
c11Tests/WorkspaceFlashTests.swift	106	persistentFlashTabs	persistentFlashPanels	Muse	
c11Tests/WorkspaceFlashTests.swift	135	persistentFlashTabs	persistentFlashPanels	Muse	
c11Tests/WorkspaceFlashTests.swift	136	persistentFlashTabs	persistentFlashPanels	Muse	
c11Tests/WorkspaceFlashTests.swift	137	persistentFlashTabs	persistentFlashPanels	Muse	
c11Tests/WorkspaceFlashTests.swift	141	persistentFlashTabs	persistentFlashPanels	Muse	
c11Tests/WorkspaceFlashTests.swift	161	persistentFlashTabs	persistentFlashPanels	Muse	
c11Tests/WorkspaceFlashTests.swift	185	persistentFlashTabs	persistentFlashPanels	Muse	
c11Tests/WorkspaceLayoutExecutorAcceptanceTests.swift	95	TabSpec	PanelSpec	T	
c11Tests/WorkspaceLayoutExecutorAcceptanceTests.swift	101	TabSpec	PanelSpec	T	
c11Tests/WorkspaceLayoutExecutorAcceptanceTests.swift	136	TabSpec	PanelSpec	T	
c11Tests/WorkspaceLayoutExecutorAcceptanceTests.swift	141	TabSpec	PanelSpec	T	
c11Tests/WorkspaceLayoutExecutorAcceptanceTests.swift	187	TabSpec	PanelSpec	T	
c11Tests/WorkspaceLayoutExecutorAcceptanceTests.swift	188	TabSpec	PanelSpec	T	
c11Tests/WorkspaceLayoutExecutorAcceptanceTests.swift	209	AgentTabLink	AgentPanelLink	T	
c11Tests/WorkspaceLayoutExecutorAcceptanceTests.swift	225	AgentTabLink	AgentPanelLink	T	
c11Tests/WorkspaceLayoutExecutorAcceptanceTests.swift	248	AgentTabLink	AgentPanelLink	T	
c11Tests/WorkspaceLayoutExecutorAcceptanceTests.swift	308	TabSpec	PanelSpec	T	
c11Tests/WorkspaceLayoutExecutorAcceptanceTests.swift	341	TerminalTab	TerminalPanel	T	
c11Tests/WorkspaceLayoutExecutorAcceptanceTests.swift	368	TabSpec	PanelSpec	T	
c11Tests/WorkspaceLayoutExecutorAcceptanceTests.swift	390	TerminalTab	TerminalPanel	T	
c11Tests/WorkspaceLayoutExecutorAcceptanceTests.swift	547	TabSpec	PanelSpec	T	
c11Tests/WorkspaceLayoutExecutorAcceptanceTests.swift	570	TabSpec	PanelSpec	T	
c11Tests/WorkspaceLayoutExecutorAcceptanceTests.swift	828	TerminalTab	TerminalPanel	T	
c11Tests/WorkspaceLayoutExecutorAcceptanceTests.swift	828	terminalTab	terminalPanel	L	let terminalTab = workspace.panels[panelId] as? TerminalTab else {
c11Tests/WorkspaceLayoutExecutorAcceptanceTests.swift	832	terminalTab	terminalPanel	L	let terminalTab = workspace.panels[panelId] as? TerminalTab else {
c11Tests/WorkspaceLayoutExecutorAcceptanceTests.swift	884	TabMetadataStore	PanelMetadataStore	T	
c11Tests/WorkspaceManagerSessionSnapshotTests.swift	15	focusedTerminalTab	focusedTerminalPanel	Muse	
c11Tests/WorkspaceManagerSessionSnapshotTests.swift	18	TabMetadataStore	PanelMetadataStore	T	
c11Tests/WorkspaceManagerSessionSnapshotTests.swift	27	TabMetadataStore	PanelMetadataStore	T	
c11Tests/WorkspaceManagerSessionSnapshotTests.swift	44	TabMetadataStore	PanelMetadataStore	T	
c11Tests/WorkspaceManagerSessionSnapshotTests.swift	74	focusedTerminalTab	focusedTerminalPanel	Muse	
c11Tests/WorkspaceManagerSessionSnapshotTests.swift	101	focusedTerminalTab	focusedTerminalPanel	Muse	
c11Tests/WorkspaceManagerSessionSnapshotTests.swift	101	tabId	panelId	L	let tabId = try XCTUnwrap(initial.focusedTerminalTab?.id)
c11Tests/WorkspaceManagerSessionSnapshotTests.swift	103	tabId	panelId	L	let tabId = try XCTUnwrap(initial.focusedTerminalTab?.id)
c11Tests/WorkspaceManagerSessionSnapshotTests.swift	108	tabId	panelId	L	let tabId = try XCTUnwrap(initial.focusedTerminalTab?.id)
c11Tests/WorkspaceManagerSessionSnapshotTests.swift	113	tabId	panelId	L	let tabId = try XCTUnwrap(initial.focusedTerminalTab?.id)
c11Tests/WorkspaceManagerSessionSnapshotTests.swift	119	tabId	panelId	L	let tabId = try XCTUnwrap(initial.focusedTerminalTab?.id)
c11Tests/WorkspaceManagerSessionSnapshotTests.swift	496	TabAttentionSnapshot	PanelAttentionSnapshot	T	
c11Tests/WorkspaceManagerSessionSnapshotTests.swift	500	TabAttentionIndex	PanelAttentionIndex	T	
c11Tests/WorkspaceManagerSessionSnapshotTests.swift	509	TabAttentionIndex	PanelAttentionIndex	T	
c11Tests/WorkspaceManagerUnitTests.swift	232	tabTitles	panelTitles	Muse	
c11Tests/WorkspaceManagerUnitTests.swift	259	tabTitles	panelTitles	Muse	
c11Tests/WorkspaceManagerUnitTests.swift	279	tabTitles	panelTitles	Muse	
c11Tests/WorkspaceManagerUnitTests.swift	298	tabTitles	panelTitles	Muse	
c11Tests/WorkspaceManagerUnitTests.swift	566	updateTabShellActivityState	updatePanelShellActivityState	Muse	
c11Tests/WorkspaceManagerUnitTests.swift	601	updateTabShellActivityState	updatePanelShellActivityState	Muse	
c11Tests/WorkspaceManagerUnitTests.swift	982	BrowserTab	BrowserPanel	T	
c11Tests/WorkspaceManagerUnitTests.swift	1093	sourceTab	sourcePanel	L	let sourceTab = manager.terminalTabForWorkspaceConfigInheritanceSource()
c11Tests/WorkspaceManagerUnitTests.swift	1093	terminalTabForWorkspaceConfigInheritanceSource	terminalPanelForWorkspaceConfigInheritanceSource	Muse	
c11Tests/WorkspaceManagerUnitTests.swift	1094	sourceTab	sourcePanel	L	let sourceTab = manager.terminalTabForWorkspaceConfigInheritanceSource()
c11Tests/WorkspaceManagerUnitTests.swift	1102	browserTab	browserPanel	L	let browserTab = workspace.newBrowserSurface(inPane: paneId, focus: true) else {
c11Tests/WorkspaceManagerUnitTests.swift	1107	browserTab	browserPanel	L	let browserTab = workspace.newBrowserSurface(inPane: paneId, focus: true) else {
c11Tests/WorkspaceManagerUnitTests.swift	1109	sourceTab	sourcePanel	L	let sourceTab = manager.terminalTabForWorkspaceConfigInheritanceSource()
c11Tests/WorkspaceManagerUnitTests.swift	1109	terminalTabForWorkspaceConfigInheritanceSource	terminalPanelForWorkspaceConfigInheritanceSource	Muse	
c11Tests/WorkspaceManagerUnitTests.swift	1111	sourceTab	sourcePanel	L	let sourceTab = manager.terminalTabForWorkspaceConfigInheritanceSource()
c11Tests/WorkspaceManagerUnitTests.swift	1131	sourceTab	sourcePanel	L	let sourceTab = manager.terminalTabForWorkspaceConfigInheritanceSource()
c11Tests/WorkspaceManagerUnitTests.swift	1131	terminalTabForWorkspaceConfigInheritanceSource	terminalPanelForWorkspaceConfigInheritanceSource	Muse	
c11Tests/WorkspaceManagerUnitTests.swift	1133	sourceTab	sourcePanel	L	let sourceTab = manager.terminalTabForWorkspaceConfigInheritanceSource()
c11Tests/WorkspaceManagerUnitTests.swift	1253	BrowserTab	BrowserPanel	T	
c11Tests/WorkspaceManagerUnitTests.swift	1287	BrowserTab	BrowserPanel	T	
c11Tests/WorkspaceManagerUnitTests.swift	1292	BrowserTab	BrowserPanel	T	
c11Tests/WorkspaceManagerUnitTests.swift	1427	tabRef	panelRef	Muse	
c11Tests/WorkspaceManagerUnitTests.swift	1431	detachTab	detachPanel	Muse	
c11Tests/WorkspaceManagerUnitTests.swift	1433	targetArea	targetPane	X	explicit region rule
c11Tests/WorkspaceManagerUnitTests.swift	1434	attachDetachedTab	attachDetachedPanel	Muse	
c11Tests/WorkspaceManagerUnitTests.swift	1434	targetArea	targetPane	X	explicit region rule
c11Tests/WorkspaceManagerUnitTests.swift	1435	tabRef	panelRef	Muse	
c11Tests/WorkspaceManagerUnitTests.swift	1438	tabRef	panelRef	Muse	
c11Tests/WorkspaceManagerUnitTests.swift	1471	area	pane	X	explicit region rule
c11Tests/WorkspaceManagerUnitTests.swift	1472	area	pane	X	explicit region rule
c11Tests/WorkspaceManagerUnitTests.swift	1520	tabTTYNames	panelTTYNames	Muse	
c11Tests/WorkspaceManagerUnitTests.swift	1541	tabTTYNames	panelTTYNames	Muse	
c11Tests/WorkspaceManagerUnitTests.swift	1561	tabTTYNames	panelTTYNames	Muse	
c11Tests/WorkspaceManagerUnitTests.swift	1627	callerTabId	callerPanelId	T	
c11Tests/WorkspaceManagerUnitTests.swift	1650	callerTabId	callerPanelId	T	
c11Tests/WorkspaceManagerUnitTests.swift	1676	callerTabId	callerPanelId	T	
c11Tests/WorkspaceManagerUnitTests.swift	1710	callerTabId	callerPanelId	T	
c11Tests/WorkspacePullRequestSidebarTests.swift	33	tabGitBranches	panelGitBranches	Muse	
c11Tests/WorkspacePullRequestSidebarTests.swift	34	tabPullRequests	panelPullRequests	Muse	
c11Tests/WorkspacePullRequestSidebarTests.swift	51	tabGitBranches	panelGitBranches	Muse	
c11Tests/WorkspacePullRequestSidebarTests.swift	52	tabGitBranches	panelGitBranches	Muse	
c11Tests/WorkspacePullRequestSidebarTests.swift	53	tabPullRequests	panelPullRequests	Muse	
c11Tests/WorkspacePullRequestSidebarTests.swift	61	tabPullRequests	panelPullRequests	Muse	
c11Tests/WorkspaceSnapshotBrowserMarkdownRoundTripTests.swift	52	TabSpec	PanelSpec	T	
c11Tests/WorkspaceSnapshotBrowserMarkdownRoundTripTests.swift	53	TabSpec	PanelSpec	T	
c11Tests/WorkspaceSnapshotBrowserMarkdownRoundTripTests.swift	102	TabSpec	PanelSpec	T	
c11Tests/WorkspaceSnapshotBrowserMarkdownRoundTripTests.swift	146	TabSpec	PanelSpec	T	
c11Tests/WorkspaceSnapshotBrowserMarkdownRoundTripTests.swift	147	TabSpec	PanelSpec	T	
c11Tests/WorkspaceSnapshotBrowserMarkdownRoundTripTests.swift	148	TabSpec	PanelSpec	T	
c11Tests/WorkspaceSnapshotBrowserMarkdownRoundTripTests.swift	184	TabSpec	PanelSpec	T	
c11Tests/WorkspaceSnapshotBrowserMarkdownRoundTripTests.swift	185	TabSpec	PanelSpec	T	
c11Tests/WorkspaceSnapshotCaptureTests.swift	553	TabSpec	PanelSpec	T	
c11Tests/WorkspaceSnapshotConverterTests.swift	274	TabMetadataKeyName	PanelMetadataKeyName	T	
c11Tests/WorkspaceSnapshotConverterTests.swift	275	TabMetadataKeyName	PanelMetadataKeyName	T	
c11Tests/WorkspaceSnapshotConverterTests.swift	279	TabMetadataKeyName	PanelMetadataKeyName	T	
c11Tests/WorkspaceSnapshotConverterTests.swift	369	TabSpec	PanelSpec	T	
c11Tests/WorkspaceSnapshotRoundTripAcceptanceTests.swift	150	TerminalTab	TerminalPanel	T	
c11Tests/WorkspaceSnapshotRoundTripAcceptanceTests.swift	243	TerminalTab	TerminalPanel	T	
c11Tests/WorkspaceSnapshotRoundTripAcceptanceTests.swift	295	TabSpecKind	PanelSpecKind	T	
c11Tests/WorkspaceSnapshotRoundTripAcceptanceTests.swift	295	firstTabKind	firstPanelKind	L	firstTabKind: TabSpecKind
c11Tests/WorkspaceSnapshotRoundTripAcceptanceTests.swift	348	firstTabKind	firstPanelKind	L	firstTabKind: TabSpecKind
c11Tests/WorkspaceSnapshotRoundTripAcceptanceTests.swift	350	firstTabKind	firstPanelKind	L	firstTabKind: TabSpecKind
c11Tests/WorkspaceSnapshotRoundTripAcceptanceTests.swift	351	firstTabKind	firstPanelKind	L	firstTabKind: TabSpecKind
c11Tests/WorkspaceSnapshotRoundTripAcceptanceTests.swift	383	TerminalTab	TerminalPanel	T	
c11Tests/WorkspaceSnapshotRoundTripAcceptanceTests.swift	455	TerminalTab	TerminalPanel	T	
c11Tests/WorkspaceSnapshotStoreSecurityTests.swift	52	TabSpec	PanelSpec	T	
c11Tests/WorkspaceUnitTests.swift	864	tabTitles	panelTitles	Muse	
c11Tests/WorkspaceUnitTests.swift	865	tabCustomTitles	panelCustomTitles	Muse	
c11Tests/WorkspaceUnitTests.swift	866	pinnedTabIds	pinnedPanelIds	Muse	
c11Tests/WorkspaceUnitTests.swift	867	manualUnreadTabIds	manualUnreadPanelIds	Muse	
c11Tests/WorkspaceUnitTests.swift	872	tabTitles	panelTitles	Muse	
c11Tests/WorkspaceUnitTests.swift	873	tabCustomTitles	panelCustomTitles	Muse	
c11Tests/WorkspaceUnitTests.swift	874	pinnedTabIds	pinnedPanelIds	Muse	
c11Tests/WorkspaceUnitTests.swift	875	manualUnreadTabIds	manualUnreadPanelIds	Muse	
c11Tests/WorkspaceUnitTests.swift	891	sourceTab	sourcePanel	L	let sourceTab = workspace.newTerminalSurface(
c11Tests/WorkspaceUnitTests.swift	900	sourceTab	sourcePanel	L	let sourceTab = workspace.newTerminalSurface(
c11Tests/WorkspaceUnitTests.swift	902	sourceTab	sourcePanel	L	let sourceTab = workspace.newTerminalSurface(
c11Tests/WorkspaceUnitTests.swift	902	tabDirectories	panelDirectories	Muse	
c11Tests/WorkspaceUnitTests.swift	912	sourceTab	sourcePanel	L	let sourceTab = workspace.newTerminalSurface(
c11Tests/WorkspaceUnitTests.swift	964	tabDirectories	panelDirectories	Muse	
c11Tests/WorkspaceUnitTests.swift	1069	createReplacementTerminalTab	createReplacementTerminalPanel	Muse	
c11Tests/WorkspaceUnitTests.swift	1083	focusedTerminalTab	focusedTerminalPanel	Muse	
c11Tests/WorkspaceUnitTests.swift	1087	focusedTerminalTab	focusedTerminalPanel	Muse	
c11Tests/WorkspaceUnitTests.swift	1106	focusedTerminalTab	focusedTerminalPanel	Muse	
c11Tests/WorkspaceUnitTests.swift	1354	sourceTab	sourcePanel	L	let sourceTab = workspace.terminalTabForConfigInheritance(inPane: leftPaneId)
c11Tests/WorkspaceUnitTests.swift	1354	terminalTabForConfigInheritance	terminalPanelForConfigInheritance	Muse	
c11Tests/WorkspaceUnitTests.swift	1356	sourceTab	sourcePanel	L	let sourceTab = workspace.terminalTabForConfigInheritance(inPane: leftPaneId)
c11Tests/WorkspaceUnitTests.swift	1367	browserTab	browserPanel	L	let browserTab = workspace.newBrowserSurface(inPane: paneId, focus: true) else {
c11Tests/WorkspaceUnitTests.swift	1372	browserTab	browserPanel	L	let browserTab = workspace.newBrowserSurface(inPane: paneId, focus: true) else {
c11Tests/WorkspaceUnitTests.swift	1374	sourceTab	sourcePanel	L	let sourceTab = workspace.terminalTabForConfigInheritance(inPane: paneId)
c11Tests/WorkspaceUnitTests.swift	1374	terminalTabForConfigInheritance	terminalPanelForConfigInheritance	Muse	
c11Tests/WorkspaceUnitTests.swift	1376	sourceTab	sourcePanel	L	let sourceTab = workspace.terminalTabForConfigInheritance(inPane: paneId)
c11Tests/WorkspaceUnitTests.swift	1390	sourceTab	sourcePanel	L	let sourceTab = workspace.terminalTabForConfigInheritance(preferredPanelId: terminalPanelId)
c11Tests/WorkspaceUnitTests.swift	1390	terminalTabForConfigInheritance	terminalPanelForConfigInheritance	Muse	
c11Tests/WorkspaceUnitTests.swift	1391	sourceTab	sourcePanel	L	let sourceTab = workspace.terminalTabForConfigInheritance(preferredPanelId: terminalPanelId)
c11Tests/WorkspaceUnitTests.swift	1408	sourceTab	sourcePanel	L	let sourceTab = workspace.terminalTabForConfigInheritance(inPane: rightPaneId)
c11Tests/WorkspaceUnitTests.swift	1408	terminalTabForConfigInheritance	terminalPanelForConfigInheritance	Muse	
c11Tests/WorkspaceUnitTests.swift	1410	sourceTab	sourcePanel	L	let sourceTab = workspace.terminalTabForConfigInheritance(inPane: rightPaneId)
c11Tests/WorkspaceUnitTests.swift	1549	TabMetadataStore	PanelMetadataStore	T	
c11Tests/WorkspaceUnitTests.swift	1552	TabMetadataStore	PanelMetadataStore	T	
c11Tests/WorkspaceUnitTests.swift	1575	TabMetadataStore	PanelMetadataStore	T	
c11Tests/WorkspaceUnitTests.swift	1578	TabMetadataStore	PanelMetadataStore	T	
c11Tests/WorkspaceUnitTests.swift	1671	detachTab	detachPanel	Muse	
c11Tests/WorkspaceUnitTests.swift	1694	attachDetachedTab	attachDetachedPanel	Muse	
c11Tests/WorkspaceUnitTests.swift	1713	detachTab	detachPanel	Muse	
c11Tests/WorkspaceUnitTests.swift	1742	detachTab	detachPanel	Muse	
c11Tests/WorkspaceUnitTests.swift	1761	attachDetachedTab	attachDetachedPanel	Muse	
c11Tests/WorkspaceUnitTests.swift	1787	TabMetadataStore	PanelMetadataStore	T	
c11Tests/WorkspaceUnitTests.swift	1790	TabMetadataStore	PanelMetadataStore	T	
c11Tests/WorkspaceUnitTests.swift	1797	TabMetadataStore	PanelMetadataStore	T	
c11Tests/WorkspaceUnitTests.swift	1807	detachTab	detachPanel	Muse	
c11Tests/WorkspaceUnitTests.swift	1808	derivedActivityByTab	derivedActivityByPanel	Muse	
c11Tests/WorkspaceUnitTests.swift	1812	TabMetadataStore	PanelMetadataStore	T	
c11Tests/WorkspaceUnitTests.swift	1816	attachDetachedTab	attachDetachedPanel	Muse	
c11Tests/WorkspaceUnitTests.swift	1822	derivedActivityByTab	derivedActivityByPanel	Muse	
c11Tests/WorkspaceUnitTests.swift	1825	TabMetadataStore	PanelMetadataStore	T	
c11Tests/WorkspaceUnitTests.swift	1833	TabMetadataStore	PanelMetadataStore	T	
c11Tests/WorkspaceUnitTests.swift	1844	detachTab	detachPanel	Muse	
c11Tests/WorkspaceUnitTests.swift	1846	attachDetachedTab	attachDetachedPanel	Muse	
c11Tests/WorkspaceUnitTests.swift	1852	derivedActivityByTab	derivedActivityByPanel	Muse	
c11Tests/WorkspaceUnitTests.swift	1862	TabMetadataStore	PanelMetadataStore	T	
c11Tests/WorkspaceUnitTests.swift	1866	TabMetadataStore	PanelMetadataStore	T	
c11Tests/WorkspaceUnitTests.swift	1878	TabMetadataStore	PanelMetadataStore	T	
c11Tests/WorkspaceUnitTests.swift	1896	TabMetadataStore	PanelMetadataStore	T	
c11Tests/WorkspaceUnitTests.swift	1914	TabMetadataStore	PanelMetadataStore	T	
c11Tests/WorkspaceUnitTests.swift	1937	TabMetadataStore	PanelMetadataStore	T	
c11Tests/WorkspaceUnitTests.swift	1940	TabMetadataStore	PanelMetadataStore	T	
c11Tests/WorkspaceUnitTests.swift	1947	TabMetadataStore	PanelMetadataStore	T	
c11Tests/WorkspaceUnitTests.swift	1959	TabMetadataStore	PanelMetadataStore	T	
c11Tests/WorkspaceUnitTests.swift	1964	derivedActivityByTab	derivedActivityByPanel	Muse	
c11Tests/WorkspaceUnitTests.swift	1974	TabMetadataStore	PanelMetadataStore	T	
c11Tests/WorkspaceUnitTests.swift	1977	TabMetadataStore	PanelMetadataStore	T	
c11Tests/WorkspaceUnitTests.swift	1988	TabMetadataStore	PanelMetadataStore	T	
c11Tests/WorkspaceUnitTests.swift	1999	derivedActivityByTab	derivedActivityByPanel	Muse	
c11Tests/WorkspaceUnitTests.swift	2002	TabMetadataStore	PanelMetadataStore	T	
c11Tests/WorkspaceUnitTests.swift	2009	derivedActivityByTab	derivedActivityByPanel	Muse	
c11Tests/WorkspaceUnitTests.swift	2012	TabMetadataStore	PanelMetadataStore	T	
c11Tests/WorkspaceUnitTests.swift	2019	derivedActivityByTab	derivedActivityByPanel	Muse	
c11Tests/WorkspaceUnitTests.swift	2022	TabMetadataStore	PanelMetadataStore	T	
c11Tests/WorkspaceUnitTests.swift	2033	derivedActivityByTab	derivedActivityByPanel	Muse	
c11Tests/WorkspaceUnitTests.swift	2036	TabMetadataStore	PanelMetadataStore	T	
c11Tests/WorkspaceUnitTests.swift	2045	derivedActivityByTab	derivedActivityByPanel	Muse	
c11Tests/WorkspaceUnitTests.swift	2160	newTab	newPanel	L	let newTab = workspace.newTerminalSurface(inPane: originalPaneId, focus: false) else {
c11Tests/WorkspaceUnitTests.swift	2169	newTab	newPanel	L	let newTab = workspace.newTerminalSurface(inPane: originalPaneId, focus: false) else {
c11Tests/WorkspaceUnitTests.swift	2190	newTab	newPanel	L	let newTab = workspace.newBrowserSurface(inPane: originalPaneId, focus: false) else {
c11Tests/WorkspaceUnitTests.swift	2199	newTab	newPanel	L	let newTab = workspace.newBrowserSurface(inPane: originalPaneId, focus: false) else {
c11Tests/WorkspaceUnitTests.swift	2321	secondTab	secondPanel	L	let secondTab = workspace.newTerminalSurface(inPane: paneId, focus: false) else {
c11Tests/WorkspaceUnitTests.swift	2327	secondTab	secondPanel	L	let secondTab = workspace.newTerminalSurface(inPane: paneId, focus: false) else {
c11Tests/WorkspaceUnitTests.swift	2329	secondTab	secondPanel	L	let secondTab = workspace.newTerminalSurface(inPane: paneId, focus: false) else {
c11Tests/WorkspaceUnitTests.swift	2342	secondTab	secondPanel	L	let secondTab = workspace.newTerminalSurface(inPane: paneId, focus: false) else {
c11Tests/WorkspaceUnitTests.swift	2356	leftSecondTab	leftSecondPanel	L	let leftSecondTab = workspace.newTerminalSurface(inPane: leftPaneId, focus: false),
c11Tests/WorkspaceUnitTests.swift	2357	rightSecondTab	rightSecondPanel	L	let rightSecondTab = workspace.newTerminalSurface(inPane: rightPaneId, focus: false) else {
c11Tests/WorkspaceUnitTests.swift	2363	leftSecondTab	leftSecondPanel	L	let leftSecondTab = workspace.newTerminalSurface(inPane: leftPaneId, focus: false),
c11Tests/WorkspaceUnitTests.swift	2365	rightSecondTab	rightSecondPanel	L	let rightSecondTab = workspace.newTerminalSurface(inPane: rightPaneId, focus: false) else {
c11Tests/WorkspaceUnitTests.swift	2368	leftSecondTab	leftSecondPanel	L	let leftSecondTab = workspace.newTerminalSurface(inPane: leftPaneId, focus: false),
c11Tests/WorkspaceUnitTests.swift	2370	rightSecondTab	rightSecondPanel	L	let rightSecondTab = workspace.newTerminalSurface(inPane: rightPaneId, focus: false) else {
c11Tests/WorkspaceUnitTests.swift	2373	sidebarOrderedTabIds	sidebarOrderedPanelIds	Muse	
c11Tests/WorkspaceUnitTests.swift	2374	leftSecondTab	leftSecondPanel	L	let leftSecondTab = workspace.newTerminalSurface(inPane: leftPaneId, focus: false),
c11Tests/WorkspaceUnitTests.swift	2374	rightSecondTab	rightSecondPanel	L	let rightSecondTab = workspace.newTerminalSurface(inPane: rightPaneId, focus: false) else {
c11Tests/WorkspaceUnitTests.swift	2388	leftSecondTab	leftSecondPanel	L	let leftSecondTab = workspace.newTerminalSurface(inPane: leftPaneId, focus: false),
c11Tests/WorkspaceUnitTests.swift	2389	rightSecondTab	rightSecondPanel	L	let rightSecondTab = workspace.newTerminalSurface(inPane: rightPaneId, focus: false) else {
c11Tests/WorkspaceUnitTests.swift	2395	leftSecondTab	leftSecondPanel	L	let leftSecondTab = workspace.newTerminalSurface(inPane: leftPaneId, focus: false),
c11Tests/WorkspaceUnitTests.swift	2399	leftSecondTab	leftSecondPanel	L	let leftSecondTab = workspace.newTerminalSurface(inPane: leftPaneId, focus: false),
c11Tests/WorkspaceUnitTests.swift	2401	rightSecondTab	rightSecondPanel	L	let rightSecondTab = workspace.newTerminalSurface(inPane: rightPaneId, focus: false) else {
c11Tests/WorkspaceUnitTests.swift	2418	orderedTabIds	orderedPanelIds	L	let orderedTabIds = workspace.sidebarOrderedTabIds()
c11Tests/WorkspaceUnitTests.swift	2418	sidebarOrderedTabIds	sidebarOrderedPanelIds	Muse	
c11Tests/WorkspaceUnitTests.swift	2421	orderedTabIds	orderedPanelIds	L	let orderedTabIds = workspace.sidebarOrderedTabIds()
c11Tests/WorkspaceUnitTests.swift	2425	orderedTabIds	orderedPanelIds	L	let orderedTabIds = workspace.sidebarOrderedTabIds()
c11Tests/WorkspaceUnitTests.swift	2799	TabMetadataStore	PanelMetadataStore	T	
c11Tests/WorkspaceUnitTests.swift	2852	TabMetadataStore	PanelMetadataStore	T	
c11Tests/WorkspaceUnitTests.swift	2917	focusedTerminalTab	focusedTerminalPanel	Muse	
c11Tests/WorkspaceUnitTests.swift	2922	newMarkdownTab	newMarkdownPanel	Muse	
c11Tests/WorkspaceUnitTests.swift	3149	tabCustomColors	panelCustomColors	Muse	
c11Tests/WorkspaceUnitTests.swift	3162	tabCustomColors	panelCustomColors	Muse	
c11Tests/WorkspaceUnitTests.swift	3173	tabCustomColors	panelCustomColors	Muse	
c11Tests/WorkspaceUnitTests.swift	3178	tabCustomColors	panelCustomColors	Muse	
c11Tests/WorkspaceUnitTests.swift	3215	detachTab	detachPanel	Muse	
c11Tests/WorkspaceUnitTests.swift	3235	attachDetachedTab	attachDetachedPanel	Muse	
c11Tests/WorkspaceUnitTests.swift	3261	TabMetadataStore	PanelMetadataStore	T	
c11Tests/WorkspaceUnitTests.swift	3289	tabId	bonsplitTabId	X	explicit region rule
c11Tests/WorkspaceUnitTests.swift	3298	tabId	bonsplitTabId	X	explicit region rule
c11Tests/WorkspaceUnitTests.swift	3307	tabId	bonsplitTabId	X	explicit region rule
c11Tests/WorkspaceUnitTests.swift	3340	detachTab	detachPanel	Muse	
c11Tests/WorkspaceUnitTests.swift	3344	attachDetachedTab	attachDetachedPanel	Muse	
c11Tests/WorkspaceUnitTests.swift	3362	newMarkdownTab	newMarkdownPanel	Muse	
c11Tests/WorkspaceUnitTests.swift	3382	restoredTabId	restoredBonsplitTabId	X	explicit region rule
c11Tests/WorkspaceUnitTests.swift	3383	restoredTabId	restoredBonsplitTabId	X	explicit region rule
