CLI/FeedCommand.swift	49	resolveTab	resolvePanel	X	
CLI/FeedCommand.swift	49	tab	panel	X	
CLI/FeedCommand.swift	102	tabFlag	panelFlag	X	
CLI/FeedCommand.swift	109	tabFlag	panelFlag	X	
CLI/FeedCommand.swift	116	tabFlag	panelFlag	X	
CLI/FeedCommand.swift	116	tabRaw	panelRaw	X	
CLI/FeedCommand.swift	117	tabFlag	panelFlag	X	
CLI/FeedCommand.swift	118	tabRaw	panelRaw	X	
CLI/FeedCommand.swift	123	resolveTab	resolvePanel	X	
CLI/FeedCommand.swift	123	tab	panel	X	
CLI/FeedCommand.swift	123	tabRaw	panelRaw	X	
CLI/FeedCommand.swift	127	tab	panel	X	
CLI/FeedCommand.swift	131	tab	panel	X	
CLI/FeedCommand.swift	147	tabFlag	panelFlag	X	
CLI/FeedCommand.swift	150	tabFlag	panelFlag	X	
CLI/FeedCommand.swift	150	tabRaw	panelRaw	X	
CLI/FeedCommand.swift	151	tabFlag	panelFlag	X	
CLI/FeedCommand.swift	152	tabRaw	panelRaw	X	
CLI/FeedCommand.swift	159	resolveTab	resolvePanel	X	
CLI/FeedCommand.swift	159	tab	panel	X	
CLI/FeedCommand.swift	159	tabRaw	panelRaw	X	
CLI/FeedCommand.swift	166	tab	panel	X	
CLI/FeedCommand.swift	190	tab	panel	X	
CLI/FeedCommand.swift	197	tabFlag	panelFlag	X	
CLI/FeedCommand.swift	213	tabID	panelID	X	
CLI/FeedCommand.swift	224	tabID	panelID	X	
CLI/FeedCommand.swift	258	tab	panel	X	
CLI/FeedCommand.swift	259	tab	panel	X	
CLI/JournalCommand.swift	96	tabID	panelID	X	
CLI/JournalCommand.swift	98	tabID	panelID	X	
CLI/JournalCommand.swift	99	tabID	panelID	X	
CLI/c11.swift	0	tab	panel	F	curated @fix row
CLI/c11.swift	457	callerTabEnv	callerPanelEnv	X	
CLI/c11.swift	1662	callerTabEnv	callerPanelEnv	X	
CLI/c11.swift	2390	callerTabEnv	callerPanelEnv	X	
CLI/c11.swift	2390	journalTab	journalPanel	X	
CLI/c11.swift	2393	journalTab	journalPanel	X	
CLI/c11.swift	2393	tabID	panelID	X	
CLI/c11.swift	2566	callerTabEnv	callerPanelEnv	X	
CLI/c11.swift	2690	runTabAction	runPanelAction	X	
CLI/c11.swift	2693	runRenameTab	runRenamePanel	X	
CLI/c11.swift	2702	runSetTabMarker	runSetPanelMarker	X	
CLI/c11.swift	2705	runSetTabMarker	runSetPanelMarker	X	
CLI/c11.swift	2870	callerTabEnv	callerPanelEnv	X	
CLI/c11.swift	3269	callerTabEnv	callerPanelEnv	X	
CLI/c11.swift	3399	callerTabEnv	callerPanelEnv	X	
CLI/c11.swift	3418	callerTabEnv	callerPanelEnv	X	
CLI/c11.swift	3568	callerTabEnv	callerPanelEnv	X	
CLI/c11.swift	3572	tabID	panelID	X	
CLI/c11.swift	3573	tabID	panelID	X	
CLI/c11.swift	3598	explicitTab	explicitPanel	X	
CLI/c11.swift	3599	explicitTab	explicitPanel	X	
CLI/c11.swift	3606	explicitTab	explicitPanel	X	
CLI/c11.swift	3606	tabID	panelID	X	
CLI/c11.swift	3609	tabID	panelID	X	
CLI/c11.swift	3631	callerTabEnv	callerPanelEnv	X	
CLI/c11.swift	3662	callerTabEnv	callerPanelEnv	X	
CLI/c11.swift	3662	envTab	envPanel	X	
CLI/c11.swift	3664	envTab	envPanel	X	
CLI/c11.swift	3705	callerTabEnv	callerPanelEnv	X	
CLI/c11.swift	3765	callerTabEnv	callerPanelEnv	X	
CLI/c11.swift	3804	resolveTab	resolvePanel	X	
CLI/c11.swift	3806	canonicalTabID	canonicalPanelID	X	
CLI/c11.swift	5514	callerTabEnv	callerPanelEnv	X	
CLI/c11.swift	5958	canonicalTabID	canonicalPanelID	X	
CLI/c11.swift	6111	canonicalSurfaceHandleFromTabInput	canonicalSurfaceHandleFromPanelInput	X	
CLI/c11.swift	6122	normalizeCanonicalTabHandle	normalizeCanonicalPanelHandle	X	
CLI/c11.swift	6137	canonicalSurfaceHandleFromTabInput	canonicalSurfaceHandleFromPanelInput	X	
CLI/c11.swift	6146	displayTabHandle	displayPanelHandle	X	
CLI/c11.swift	6174	formatTabHandle	formatPanelHandle	X	
CLI/c11.swift	6177	displayTabHandle	displayPanelHandle	X	
CLI/c11.swift	6191	formatCreatedTabHandle	formatCreatedPanelHandle	X	
CLI/c11.swift	6194	displayTabHandle	displayPanelHandle	X	
CLI/c11.swift	6782	runTabAction	runPanelAction	X	
CLI/c11.swift	6790	tabOpt	panelOpt	X	
CLI/c11.swift	6813	tabOpt	panelOpt	X	
CLI/c11.swift	6816	callerTabEnv	callerPanelEnv	X	
CLI/c11.swift	6826	normalizeCanonicalTabHandle	normalizeCanonicalPanelHandle	X	
CLI/c11.swift	6856	formatTabHandle	formatPanelHandle	X	
CLI/c11.swift	6856	tabHandle	panelHandle	X	
CLI/c11.swift	6857	tabHandle	panelHandle	X	
CLI/c11.swift	6865	formatCreatedTabHandle	formatCreatedPanelHandle	X	
CLI/c11.swift	6871	runRenameTab	runRenamePanel	X	
CLI/c11.swift	6879	tabOpt	panelOpt	X	
CLI/c11.swift	6905	tabOpt	panelOpt	X	
CLI/c11.swift	6909	runTabAction	runPanelAction	X	
CLI/c11.swift	6995	callerTabEnv	callerPanelEnv	X	
CLI/c11.swift	7038	runSetTabMarker	runSetPanelMarker	X	
CLI/c11.swift	7068	callerTabEnv	callerPanelEnv	X	
CLI/c11.swift	7116	callerTabEnv	callerPanelEnv	X	
CLI/c11.swift	7842	callerTabEnv	callerPanelEnv	X	
CLI/c11.swift	9281	tabVerb	panelVerb	X	
CLI/c11.swift	9282	tabArgs	panelArgs	X	
CLI/c11.swift	9284	tabVerb	panelVerb	X	
CLI/c11.swift	9285	tabArgs	panelArgs	X	
CLI/c11.swift	9287	tabVerb	panelVerb	X	
CLI/c11.swift	9288	tabArgs	panelArgs	X	
CLI/c11.swift	9290	tabVerb	panelVerb	X	
CLI/c11.swift	9291	tabArgs	panelArgs	X	
CLI/c11.swift	9294	tabVerb	panelVerb	X	
CLI/c11.swift	9300	tabArgs	panelArgs	X	
CLI/c11.swift	9307	tabVerb	panelVerb	X	
CLI/c11.swift	9311	tabArgs	panelArgs	X	
CLI/c11.swift	9322	tabVerb	panelVerb	X	
CLI/c11.swift	9823	tabs	panels	X	explicit region rule
CLI/c11.swift	9824	tabs	panels	X	explicit region rule
CLI/c11.swift	9827	tab	panel	X	explicit region rule
CLI/c11.swift	9827	tabs	panels	X	explicit region rule
CLI/c11.swift	9828	tab	panel	X	explicit region rule
CLI/c11.swift	9894	tab	panel	X	explicit region rule
CLI/c11.swift	9900	tab	panel	X	explicit region rule
CLI/c11.swift	13064	callerTabEnv	callerPanelEnv	X	
CLI/c11.swift	13090	callerTabEnv	callerPanelEnv	X	
CLI/c11.swift	13112	callerTabEnv	callerPanelEnv	X	
CLI/c11.swift	13506	callerTabEnv	callerPanelEnv	X	
CLI/c11.swift	13839	callerTabEnv	callerPanelEnv	X	
CLI/c11.swift	13977	tabs	panels	X	explicit region rule
CLI/c11.swift	13978	tabs	panels	X	explicit region rule
CLI/c11.swift	14579	callerTabEnv	callerPanelEnv	X	
CLI/c11.swift	14580	callerTabEnv	callerPanelEnv	X	
CLI/c11.swift	14643	callerTabEnv	callerPanelEnv	X	
CLI/c11.swift	15104	tabNodes	panelNodes	X	
CLI/c11.swift	15122	tabNodes	panelNodes	X	
CLI/c11.swift	15123	tabNodes	panelNodes	X	
CLI/c11.swift	16319	callerTabEnv	callerPanelEnv	X	
CLI/c11.swift	16406	tabs	panels	X	explicit region rule
CLI/c11.swift	16408	tab	panel	X	explicit region rule
CLI/c11.swift	16408	tabs	panels	X	explicit region rule
CLI/c11.swift	16409	tab	panel	X	explicit region rule
CLI/c11.swift	16410	tab	panel	X	explicit region rule
CLI/c11.swift	16413	tab	panel	X	explicit region rule
CLI/c11.swift	16509	tabs	panels	X	explicit region rule
CLI/c11.swift	16510	tab	panel	X	explicit region rule
CLI/c11.swift	16510	tabIndex	panelIndex	X	
CLI/c11.swift	16510	tabs	panels	X	explicit region rule
CLI/c11.swift	16511	tab	panel	X	explicit region rule
CLI/c11.swift	16511	tabIndex	panelIndex	X	
CLI/c11.swift	16511	tabs	panels	X	explicit region rule
CLI/c11.swift	16792	tabLine	panelLine	X	
CLI/c11.swift	16805	tabLine	panelLine	X	
CLI/c11.swift	16814	tabLine	panelLine	X	
CLI/c11.swift	17180	callerTabEnv	callerPanelEnv	X	
CLI/c11.swift	18226	callerTabEnv	callerPanelEnv	X	
CLI/c11.swift	18611	callerTabEnv	callerPanelEnv	X	
CLI/c11.swift	18620	tabID	panelID	X	
CLI/c11.swift	18645	callerTabEnv	callerPanelEnv	X	
CLI/c11.swift	18700	tabID	panelID	X	
CLI/c11.swift	19171	tabID	panelID	X	
CLI/c11.swift	20963	tabId	panelId	X	
CLI/c11.swift	20979	callerTabEnv	callerPanelEnv	X	
CLI/c11.swift	21008	resolveMailboxInboxTabId	resolveMailboxInboxPanelId	X	
CLI/c11.swift	21012	tabId	panelId	X	
CLI/c11.swift	21014	tabId	panelId	X	
CLI/c11.swift	21262	resolveMailboxInboxTabId	resolveMailboxInboxPanelId	X	
CLI/c11.swift	21262	tabId	panelId	X	
CLI/c11.swift	21266	tabId	panelId	X	
CLI/c11.swift	21275	tabId	panelId	X	
CLI/c11.swift	21304	recipientTabId	recipientPanelId	X	
CLI/c11.swift	21304	tabId	panelId	X	
CLI/c11.swift	21323	tabId	panelId	X	
CLI/c11.swift	21365	callerTabEnv	callerPanelEnv	X	
CLI/c11.swift	21365	tabId	panelId	X	
CLI/c11.swift	21369	tabInboxURLs	panelInboxURLs	X	
CLI/c11.swift	21372	tabId	panelId	X	
CLI/c11.swift	21375	tabId	panelId	X	
CLI/c11.swift	21392	tabId	panelId	X	
CLI/c11.swift	21445	recipientTabId	recipientPanelId	X	
CLI/c11.swift	21445	tabId	panelId	X	
CLI/c11.swift	21446	tabId	panelId	X	
CLI/c11.swift	21460	recipientTabId	recipientPanelId	X	
CLI/c11.swift	21466	recipientTabId	recipientPanelId	X	
CLI/c11.swift	21466	tabId	panelId	X	
CLI/c11.swift	21768	resolveMailboxInboxTabId	resolveMailboxInboxPanelId	X	
CLI/c11.swift	21768	tabId	panelId	X	
CLI/c11.swift	21772	tabId	panelId	X	
CLI/c11.swift	21785	tabId	panelId	X	
Sources/AgentDetector.swift	180	syncSurfaceTabActivityStateForTab	syncSurfacePanelActivityStateForPanel	Muse	
Sources/AgentModelDetection.swift	1518	syncSurfaceTabDetailForTab	syncSurfacePanelDetailForPanel	Muse	
Sources/AppDelegate.swift	0	tabTitle	panelTitle	F	curated @fix row
Sources/AppDelegate.swift	2948	showOnBlankTabsKey	showOnBlankPanelsKey	X	
Sources/AppDelegate.swift	3557	tab	panel	X	explicit region rule
Sources/AppDelegate.swift	3558	tab	panel	X	explicit region rule
Sources/AppDelegate.swift	3558	tabID	panelID	X	
Sources/AppDelegate.swift	3559	tab	panel	X	explicit region rule
Sources/AppDelegate.swift	3559	tabID	panelID	X	
Sources/AppDelegate.swift	3575	startupTabsReady	startupPanelsReady	X	
Sources/AppDelegate.swift	3605	startupTabsReady	startupPanelsReady	X	
Sources/AppDelegate.swift	3969	startupTabsReady	startupPanelsReady	X	
Sources/AppDelegate.swift	5545	tabId	panelId	X	
Sources/AppDelegate.swift	5546	tabId	panelId	X	
Sources/AppDelegate.swift	6047	requestCommandPaletteRenameTab	requestCommandPaletteRenamePanel	X	
Sources/AppDelegate.swift	6049	commandPaletteRenameTabRequested	commandPaletteRenamePanelRequested	X	
Sources/AppDelegate.swift	7421	tabId	panelId	X	
Sources/AppDelegate.swift	7422	tabId	panelId	X	
Sources/AppDelegate.swift	7423	tabId	panelId	X	
Sources/AppDelegate.swift	8452	tabID	panelID	X	
Sources/AppDelegate.swift	8788	debugStressTabsPerPane	debugStressPanelsPerPane	X	
Sources/AppDelegate.swift	8862	debugStressTabsPerPane	debugStressPanelsPerPane	X	
Sources/AppDelegate.swift	8877	debugStressTabsPerPane	debugStressPanelsPerPane	X	
Sources/AppDelegate.swift	8877	tabsPerPane	panelsPerPane	X	
Sources/AppDelegate.swift	8911	debugStressTabsPerPane	debugStressPanelsPerPane	X	
Sources/AppDelegate.swift	8930	debugStressTabsPerPane	debugStressPanelsPerPane	X	
Sources/AppDelegate.swift	8949	tabsPerPane	panelsPerPane	X	
Sources/AppDelegate.swift	8982	additionalTabsPerPane	additionalPanelsPerPane	X	
Sources/AppDelegate.swift	8982	tabsPerPane	panelsPerPane	X	
Sources/AppDelegate.swift	8983	additionalTabsPerPane	additionalPanelsPerPane	X	
Sources/AppDelegate.swift	8985	additionalTabsPerPane	additionalPanelsPerPane	X	
Sources/AppDelegate.swift	8985	tabOffset	panelOffset	X	
Sources/AppDelegate.swift	8989	tabOffset	panelOffset	X	
Sources/AppDelegate.swift	9080	debugStressTabsPerPane	debugStressPanelsPerPane	X	
Sources/AppDelegate.swift	9646	setTabCustomTitle	setPanelCustomTitle	Muse	
Sources/AppDelegate.swift	9654	setTabCustomTitle	setPanelCustomTitle	Muse	
Sources/AppDelegate.swift	12096	closeOtherTabsInFocusedPaneWithConfirmation	closeOtherPanelsInFocusedPaneWithConfirmation	X	
Sources/AppDelegate.swift	12098	closeOtherTabsInFocusedPaneWithConfirmation	closeOtherPanelsInFocusedPaneWithConfirmation	X	
Sources/AppDelegate.swift	12175	renameTab	renamePanel	X	
Sources/AppDelegate.swift	12181	requestCommandPaletteRenameTab	requestCommandPaletteRenamePanel	X	
Sources/AppDelegate.swift	13762	tabID	panelID	X	
Sources/AppDelegate.swift	13771	tabID	panelID	X	
Sources/AppDelegate.swift	13788	tabID	panelID	X	
Sources/AppDelegate.swift	13792	tabID	panelID	X	
Sources/AppleScriptSupport.swift	632	closeTab	closePanel	X	
Sources/AreaSizePolicy.swift	29	tab	panel	X	
Sources/AreaSizePolicy.swift	38	tab	panel	X	
Sources/AreaSizePolicy.swift	207	tab	panel	X	
Sources/AreaSizePolicy.swift	216	tab	panel	X	
Sources/AttentionModel.swift	39	flagCallerTabId	flagCallerPanelId	X	
Sources/AttentionModel.swift	47	flagCallerTabId	flagCallerPanelId	X	
Sources/AttentionModel.swift	54	flagCallerTabId	flagCallerPanelId	X	
Sources/AttentionModel.swift	76	tabID	panelID	X	
Sources/AttentionModel.swift	78	tabID	panelID	X	
Sources/AttentionModel.swift	349	removeTab	removePanel	X	
Sources/AttentionModel.swift	349	tabID	panelID	X	
Sources/AttentionModel.swift	381	validTabIDs	validPanelIDs	X	
Sources/AttentionModel.swift	417	flagCallerTabId	flagCallerPanelId	X	
Sources/ContentView.swift	0	tab	panel	F	curated @fix row
Sources/ContentView.swift	153	InternalTabDragConfigurationProvider	InternalPanelDragConfigurationProvider	T	
Sources/ContentView.swift	163	InternalTabDragConfigurationModifier	InternalPanelDragConfigurationModifier	T	
Sources/ContentView.swift	168	InternalTabDragConfigurationProvider	InternalPanelDragConfigurationProvider	T	
Sources/ContentView.swift	179	internalOnlyTabDrag	internalOnlyPanelDrag	X	
Sources/ContentView.swift	180	InternalTabDragConfigurationModifier	InternalPanelDragConfigurationModifier	T	
Sources/ContentView.swift	1600	tab	panel	X	explicit region rule
Sources/ContentView.swift	2833	commandPaletteRenameTabRequested	commandPaletteRenamePanelRequested	X	
Sources/ContentView.swift	2841	openCommandPaletteRenameTabInput	openCommandPaletteRenamePanelInput	X	
Sources/ContentView.swift	5134	renameTab	renamePanel	X	
Sources/ContentView.swift	5260	isTabPinned	isPanelPinned	Muse	
Sources/ContentView.swift	6164	beginRenameTabFlow	beginRenamePanelFlow	X	
Sources/ContentView.swift	6171	setTabCustomTitle	setPanelCustomTitle	Muse	
Sources/ContentView.swift	6178	setTabPinned	setPanelPinned	Muse	
Sources/ContentView.swift	6180	isTabPinned	isPanelPinned	Muse	
Sources/ContentView.swift	6191	markTabRead	markPanelRead	Muse	
Sources/ContentView.swift	6193	markTabUnread	markPanelUnread	Muse	
Sources/ContentView.swift	6352	tabTitle	panelTitle	X	
Sources/ContentView.swift	6720	openCommandPaletteRenameTabInput	openCommandPaletteRenamePanelInput	X	
Sources/ContentView.swift	6724	beginRenameTabFlow	beginRenamePanelFlow	X	
Sources/ContentView.swift	7261	beginRenameTabFlow	beginRenamePanelFlow	X	
Sources/ContentView.swift	7303	setTabCustomTitle	setPanelCustomTitle	Muse	
Sources/ContentView.swift	8909	internalOnlyTabDrag	internalOnlyPanelDrag	X	
Sources/ContentView.swift	8986	resolvedSurfaceTabActivityState	resolvedSurfacePanelActivityState	X	
Sources/ContentView.swift	13255	internalOnlyTabDrag	internalOnlyPanelDrag	X	
Sources/Conversation/PanelActivity.swift	0	SurfaceActivity	PanelActivity	X	@path
Sources/Conversation/Store.swift	269	tabID	panelID	X	
Sources/Conversation/Store.swift	272	tabID	panelID	X	
Sources/Conversation/Store.swift	273	tabID	panelID	X	
Sources/Events/EventEmitter.swift	183	tab	panel	X	
Sources/Events/EventEmitter.swift	189	tab	panel	X	
Sources/Events/EventEmitter.swift	247	tabInputPayload	panelInputPayload	X	
Sources/Events/EventEmitter.swift	276	emitTabInputSent	emitPanelInputSent	X	
Sources/Events/EventEmitter.swift	288	tabInputSent	panelInputSent	X	
Sources/Events/EventEmitter.swift	291	tabInputPayload	panelInputPayload	X	
Sources/Events/EventEnvelope.swift	93	tabInputSent	panelInputSent	X	
Sources/Events/EventEnvelope.swift	253	tabInputSent	panelInputSent	X	
Sources/Feed/AskDisplayCache.swift	13	tabID	panelID	X	
Sources/Feed/AskDisplayCache.swift	24	tabID	panelID	X	
Sources/Feed/AskDisplayCache.swift	25	tabID	panelID	X	
Sources/Feed/AskDisplayCache.swift	29	notesByTab	notesByPanel	X	
Sources/Feed/AskDisplayCache.swift	32	tabID	panelID	X	
Sources/Feed/AskDisplayCache.swift	37	tabID	panelID	X	
Sources/Feed/AskDisplayCache.swift	41	tabID	panelID	X	
Sources/Feed/AskDisplayCache.swift	54	tabID	panelID	X	
Sources/Feed/AskDisplayCache.swift	55	tabID	panelID	X	
Sources/Feed/AskDisplayCache.swift	59	tabID	panelID	X	
Sources/Feed/AskDisplayCache.swift	61	tabID	panelID	X	
Sources/Feed/AskDisplayCache.swift	62	tabID	panelID	X	
Sources/Feed/AskDisplayCache.swift	68	tabID	panelID	X	
Sources/Feed/AskDisplayCache.swift	72	tabID	panelID	X	
Sources/Feed/AskDisplayCache.swift	73	tabID	panelID	X	
Sources/Feed/AskDisplayCache.swift	75	tabID	panelID	X	
Sources/Feed/AskDisplayCache.swift	81	tabID	panelID	X	
Sources/Feed/AskDisplayCache.swift	82	tabID	panelID	X	
Sources/Feed/AttentionOrder.swift	7	tabID	panelID	X	
Sources/Feed/AttentionOrder.swift	27	tabID	panelID	X	
Sources/Feed/AttentionOrder.swift	41	tabID	panelID	X	
Sources/Feed/AttentionOrder.swift	43	tabID	panelID	X	
Sources/Feed/AttentionOrder.swift	68	tabID	panelID	X	
Sources/Feed/AttentionOrder.swift	88	tabID	panelID	X	
Sources/Feed/FeedAnswer.swift	19	tabID	panelID	X	
Sources/Feed/FeedAnswer.swift	30	tabID	panelID	X	
Sources/Feed/FeedAnswer.swift	42	tabID	panelID	X	
Sources/Feed/FeedAnswer.swift	45	tabID	panelID	X	
Sources/Feed/FeedAnswer.swift	51	tabID	panelID	X	
Sources/Feed/FeedAnswer.swift	57	tabID	panelID	X	
Sources/Feed/FeedAnswer.swift	68	tabID	panelID	X	
Sources/Feed/FeedAnswer.swift	94	tabID	panelID	X	
Sources/Feed/FeedAnswer.swift	191	tabID	panelID	X	
Sources/Feed/FeedAnswer.swift	199	tabID	panelID	X	
Sources/Feed/FeedAnswer.swift	203	tabID	panelID	X	
Sources/Feed/FeedAnswer.swift	207	tabID	panelID	X	
Sources/Feed/FeedAnswer.swift	210	tabID	panelID	X	
Sources/Feed/FeedAnswer.swift	215	tabID	panelID	X	
Sources/Feed/FeedAnswer.swift	217	tabID	panelID	X	
Sources/Feed/FeedAnswer.swift	251	tabIDs	panelIDs	X	
Sources/Feed/FeedAnswer.swift	253	tabID	panelID	X	
Sources/Feed/FeedAnswer.swift	256	tabID	panelID	X	
Sources/Feed/FeedAnswer.swift	256	tabIDs	panelIDs	X	
Sources/Feed/FeedAnswer.swift	259	tabID	panelID	X	
Sources/Feed/FeedAnswer.swift	261	tabID	panelID	X	
Sources/Feed/FeedAnswer.swift	261	tabIDs	panelIDs	X	
Sources/Feed/FeedProjectionBridge.swift	35	tabID	panelID	X	
Sources/Feed/FeedProjectionBridge.swift	38	tabID	panelID	X	
Sources/Feed/FeedProjectionBridge.swift	44	notesByTab	notesByPanel	X	
Sources/Feed/FeedProjectionBridge.swift	50	tabID	panelID	X	
Sources/Feed/FeedProjectionBridge.swift	51	tabID	panelID	X	
Sources/Feed/FeedProjectionBridge.swift	55	tabID	panelID	X	
Sources/Feed/FeedProjectionBridge.swift	69	tabID	panelID	X	
Sources/Feed/FeedProjectionBridge.swift	73	tabID	panelID	X	
Sources/Feed/FeedProjectionBridge.swift	74	tabID	panelID	X	
Sources/Feed/FeedProjectionBridge.swift	79	tabID	panelID	X	
Sources/Feed/FeedProjectionBridge.swift	81	tabID	panelID	X	
Sources/Feed/FeedProjectionBridge.swift	84	tabID	panelID	X	
Sources/Feed/FeedProjectionBridge.swift	87	tabID	panelID	X	
Sources/Feed/FeedProjectionBridge.swift	88	tabID	panelID	X	
Sources/Feed/FeedProjectionBridge.swift	89	tabID	panelID	X	
Sources/Feed/FeedProjectionBridge.swift	91	tabID	panelID	X	
Sources/Feed/FeedProjectionBridge.swift	95	tabID	panelID	X	
Sources/Feed/FeedProjectionBridge.swift	97	tabID	panelID	X	
Sources/Feed/FeedProjectionBridge.swift	110	tabID	panelID	X	
Sources/Feed/FeedProjectionBridge.swift	113	flagCallerTabID	flagCallerPanelID	X	
Sources/Feed/FeedProjectionBridge.swift	113	flagCallerTabId	flagCallerPanelId	X	
Sources/Feed/FeedProjectionBridge.swift	118	tabID	panelID	X	
Sources/Feed/FeedProjectionBridge.swift	120	tabID	panelID	X	
Sources/Feed/FeedProjectionBridge.swift	130	tabID	panelID	X	
Sources/Feed/FeedProjectionBridge.swift	133	flagCallerTabID	flagCallerPanelID	X	
Sources/Feed/FeedProjectionBridge.swift	133	flagCallerTabId	flagCallerPanelId	X	
Sources/Feed/FeedProjectionBridge.swift	138	tabID	panelID	X	
Sources/Feed/FeedProjectionBridge.swift	145	removeTab	removePanel	X	
Sources/Feed/FeedProjectionBridge.swift	145	tabID	panelID	X	
Sources/Feed/FeedProjectionBridge.swift	147	tabID	panelID	X	
Sources/Feed/FeedProjectionBridge.swift	148	retireTab	retirePanel	X	
Sources/Feed/FeedProjectionBridge.swift	148	tabID	panelID	X	
Sources/Feed/FeedProjectionBridge.swift	153	validTabIDs	validPanelIDs	X	
Sources/Feed/FeedProjectionBridge.swift	155	tabID	panelID	X	
Sources/Feed/FeedProjectionBridge.swift	156	tabID	panelID	X	
Sources/Feed/FeedProjectionBridge.swift	157	validTabIDs	validPanelIDs	X	
Sources/Feed/FeedProjectionBridge.swift	158	tabID	panelID	X	
Sources/Feed/FeedProjectionBridge.swift	159	tabID	panelID	X	
Sources/Feed/FeedProjectionBridge.swift	160	retireTab	retirePanel	X	
Sources/Feed/FeedProjectionBridge.swift	160	tabID	panelID	X	
Sources/Feed/FeedProjectionBridge.swift	166	retireTab	retirePanel	X	
Sources/Feed/FeedProjectionBridge.swift	166	tabID	panelID	X	
Sources/Feed/FeedProjectionBridge.swift	167	tabID	panelID	X	
Sources/Feed/FeedProjectionBridge.swift	168	tabID	panelID	X	
Sources/Feed/FeedProjectionBridge.swift	169	tabID	panelID	X	
Sources/Feed/FeedProjectionBridge.swift	170	tabID	panelID	X	
Sources/Feed/FeedProjectionBridge.swift	171	tabID	panelID	X	
Sources/Feed/FeedProjectionBridge.swift	177	tabID	panelID	X	
Sources/Feed/FeedProjectionBridge.swift	188	tabID	panelID	X	
Sources/Feed/FeedProjectionBridge.swift	192	tabID	panelID	X	
Sources/Feed/FeedProjectionBridge.swift	194	tabID	panelID	X	
Sources/Feed/FeedProjectionBridge.swift	199	tabID	panelID	X	
Sources/Feed/FeedProjectionBridge.swift	202	tabID	panelID	X	
Sources/Feed/FeedProjector.swift	27	tabID	panelID	X	
Sources/Feed/FeedProjector.swift	30	flagCallerTabID	flagCallerPanelID	X	
Sources/Feed/FeedProjector.swift	39	callerTabID	callerPanelID	X	
Sources/Feed/FeedProjector.swift	51	tabID	panelID	X	
Sources/Feed/FeedProjector.swift	68	tabID	panelID	X	
Sources/Feed/FeedProjector.swift	70	tabID	panelID	X	
Sources/Feed/FeedProjector.swift	87	callerTabID	callerPanelID	X	
Sources/Feed/FeedProjector.swift	89	callerTabID	callerPanelID	X	
Sources/Feed/FeedProjector.swift	130	tabID	panelID	X	
Sources/Feed/FeedProjector.swift	132	tabID	panelID	X	
Sources/Feed/FeedProjector.swift	134	tabID	panelID	X	
Sources/Feed/FeedProjector.swift	135	tabID	panelID	X	
Sources/Feed/FeedProjector.swift	143	tabID	panelID	X	
Sources/Feed/FeedProjector.swift	163	callerTabID	callerPanelID	X	
Sources/Feed/FeedProjector.swift	163	flagCallerTabID	flagCallerPanelID	X	
Sources/Feed/FeedProjector.swift	171	tabID	panelID	X	
Sources/Feed/FeedProjector.swift	189	tabID	panelID	X	
Sources/Feed/FeedProjector.swift	206	tabID	panelID	X	
Sources/Feed/FeedProjector.swift	227	tabID	panelID	X	
Sources/Feed/FeedProjector.swift	269	tabID	panelID	X	
Sources/Feed/FeedProjector.swift	271	tabID	panelID	X	
Sources/Feed/FeedProjector.swift	272	tabID	panelID	X	
Sources/Feed/FeedProjector.swift	274	tabID	panelID	X	
Sources/Feed/FeedProjector.swift	278	tabID	panelID	X	
Sources/Feed/FeedProjector.swift	280	tabID	panelID	X	
Sources/Feed/FeedProjector.swift	282	tabID	panelID	X	
Sources/Feed/FeedProjector.swift	283	tabID	panelID	X	
Sources/Feed/FeedProjector.swift	284	tabID	panelID	X	
Sources/Feed/FeedProjector.swift	287	tabID	panelID	X	
Sources/Feed/FeedProjector.swift	290	tabID	panelID	X	
Sources/Feed/FeedProjector.swift	304	tabID	panelID	X	
Sources/Feed/FeedProjector.swift	319	tabID	panelID	X	
Sources/Feed/FeedProjector.swift	320	tabID	panelID	X	
Sources/Feed/FeedProjector.swift	327	tabID	panelID	X	
Sources/Feed/FeedQuickView.swift	30	tabID	panelID	X	
Sources/Feed/FeedQuickView.swift	34	tabID	panelID	X	
Sources/Feed/FeedQuickView.swift	34	tabIDs	panelIDs	X	
Sources/Feed/FeedQuickView.swift	46	tabID	panelID	X	
Sources/Feed/FeedQuickView.swift	53	selectedTabID	selectedPanelID	X	
Sources/Feed/FeedQuickView.swift	53	tabID	panelID	X	
Sources/Feed/FeedQuickView.swift	60	tabID	panelID	X	
Sources/Feed/FeedQuickView.swift	137	tabID	panelID	X	
Sources/Feed/FeedQuickView.swift	138	tabID	panelID	X	
Sources/Feed/FeedQuickView.swift	139	selectedTabID	selectedPanelID	X	
Sources/Feed/FeedQuickView.swift	139	tabID	panelID	X	
Sources/Feed/FeedQuickView.swift	141	tabID	panelID	X	
Sources/Feed/FeedQuickView.swift	144	tabID	panelID	X	
Sources/Feed/FeedQuickView.swift	154	selectedTabID	selectedPanelID	X	
Sources/Feed/FeedQuickView.swift	194	tabID	panelID	X	
Sources/Feed/FeedQuickView.swift	195	tabID	panelID	X	
Sources/Feed/FeedQuickViewSelection.swift	7	selectedTabID	selectedPanelID	X	
Sources/Feed/FeedQuickViewSelection.swift	8	visibleTabIDs	visiblePanelIDs	X	
Sources/Feed/FeedQuickViewSelection.swift	10	tabIDs	panelIDs	X	
Sources/Feed/FeedQuickViewSelection.swift	11	selectedTabID	selectedPanelID	X	
Sources/Feed/FeedQuickViewSelection.swift	11	visibleTabIDs	visiblePanelIDs	X	
Sources/Feed/FeedQuickViewSelection.swift	12	tabIDs	panelIDs	X	
Sources/Feed/FeedQuickViewSelection.swift	12	visibleTabIDs	visiblePanelIDs	X	
Sources/Feed/FeedQuickViewSelection.swift	13	selectedTabID	selectedPanelID	X	
Sources/Feed/FeedQuickViewSelection.swift	13	tabIDs	panelIDs	X	
Sources/Feed/FeedQuickViewSelection.swift	14	selectedTabID	selectedPanelID	X	
Sources/Feed/FeedQuickViewSelection.swift	14	tabIDs	panelIDs	X	
Sources/Feed/FeedQuickViewSelection.swift	17	tabIDs	panelIDs	X	
Sources/Feed/FeedQuickViewSelection.swift	19	tabIDs	panelIDs	X	
Sources/Feed/FeedQuickViewSelection.swift	19	visibleTabIDs	visiblePanelIDs	X	
Sources/Feed/FeedQuickViewSelection.swift	20	selectedTabID	selectedPanelID	X	
Sources/Feed/FeedQuickViewSelection.swift	20	tabIDs	panelIDs	X	
Sources/Feed/FeedQuickViewSelection.swift	21	selectedTabID	selectedPanelID	X	
Sources/Feed/FeedQuickViewSelection.swift	21	tabIDs	panelIDs	X	
Sources/Feed/FeedQuickViewSelection.swift	24	tabID	panelID	X	
Sources/Feed/FeedQuickViewSelection.swift	25	tabID	panelID	X	
Sources/Feed/FeedQuickViewSelection.swift	25	visibleTabIDs	visiblePanelIDs	X	
Sources/Feed/FeedQuickViewSelection.swift	26	selectedTabID	selectedPanelID	X	
Sources/Feed/FeedQuickViewSelection.swift	26	tabID	panelID	X	
Sources/Feed/FeedQuickViewSelection.swift	30	visibleTabIDs	visiblePanelIDs	X	
Sources/Feed/FeedQuickViewSelection.swift	31	selectedTabID	selectedPanelID	X	
Sources/Feed/FeedQuickViewSelection.swift	31	visibleTabIDs	visiblePanelIDs	X	
Sources/Feed/FeedQuickViewSelection.swift	32	selectedTabID	selectedPanelID	X	
Sources/Feed/FeedQuickViewSelection.swift	32	visibleTabIDs	visiblePanelIDs	X	
Sources/Feed/SendInputGuard.swift	17	Tab	PanelObject	X	
Sources/Feed/SendInputGuard.swift	20	Tab	PanelObject	X	
Sources/Feed/SendInputGuard.swift	20	expectedTab	expectedPanel	X	
Sources/Feed/SendInputGuard.swift	21	Tab	PanelObject	X	
Sources/Feed/SendInputGuard.swift	21	currentTab	currentPanel	X	
Sources/Feed/SendInputGuard.swift	23	currentTab	currentPanel	X	
Sources/Feed/SendInputGuard.swift	23	expectedTab	expectedPanel	X	
Sources/GhosttyTerminalView.swift	4372	tabID	panelID	X	
Sources/GhosttyTerminalView.swift	4912	tabTransferPasteboardType	panelTransferPasteboardType	X	
Sources/GhosttyTerminalView.swift	5318	tabTransferPasteboardType	panelTransferPasteboardType	X	
Sources/GhosttyTerminalView.swift	6672	tabID	panelID	X	
Sources/GhosttyTerminalView.swift	7722	tabTransferPasteboardType	panelTransferPasteboardType	X	
Sources/GhosttyTerminalView.swift	8319	tabTransferPasteboardType	panelTransferPasteboardType	X	
Sources/GhosttyTerminalView.swift	8349	tabTransferPasteboardType	panelTransferPasteboardType	X	
Sources/Journal/AgentRoster.swift	38	LiveTab	LivePanel	T	
Sources/Journal/AgentRoster.swift	39	tabID	panelID	X	
Sources/Journal/AgentRoster.swift	108	LiveTab	LivePanel	T	
Sources/Journal/AgentRoster.swift	119	tabID	panelID	X	
Sources/Journal/AgentRoster.swift	119	tabJSON	panelJSON	X	
Sources/Journal/AgentRoster.swift	119	tabs	panels	X	
Sources/Journal/AgentRoster.swift	143	tabs	panels	X	
Sources/Journal/AgentRoster.swift	145	tabs	panels	X	
Sources/Journal/AgentRoster.swift	226	tab	panel	X	
Sources/Journal/AgentRoster.swift	232	tab	panel	X	
Sources/Journal/AgentRoster.swift	297	LiveTab	LivePanel	T	
Sources/Journal/AgentRoster.swift	297	tabJSON	panelJSON	X	
Sources/Journal/AgentRoster.swift	300	tabID	panelID	X	
Sources/Journal/AgentRoster.swift	302	tabID	panelID	X	
Sources/Journal/AgentRoster.swift	325	tabID	panelID	X	
Sources/Journal/AgentRoster.swift	327	tabID	panelID	X	
Sources/Journal/AgentRoster.swift	345	tab	panel	X	
Sources/Journal/AgentRoster.swift	349	tab	panel	X	
Sources/Journal/AgentRoster.swift	350	tab	panel	X	
Sources/Journal/AgentRoster.swift	356	tab	panel	X	
Sources/Journal/AgentRoster.swift	357	tab	panel	X	
Sources/Journal/AgentRoster.swift	362	tab	panel	X	
Sources/Journal/AgentRoster.swift	363	tab	panel	X	
Sources/Journal/AgentRoster.swift	366	tab	panel	X	
Sources/Journal/AgentRoster.swift	367	tab	panel	X	
Sources/Journal/AgentRoster.swift	368	tab	panel	X	
Sources/Journal/JournalCoordinator.swift	19	tabsReady	panelsReady	X	
Sources/Journal/JournalCoordinator.swift	27	tabID	panelID	X	
Sources/Journal/JournalCoordinator.swift	28	tabID	panelID	X	
Sources/Journal/JournalCoordinator.swift	29	tabID	panelID	X	
Sources/Journal/JournalCoordinator.swift	31	tabID	panelID	X	
Sources/Journal/JournalCoordinator.swift	33	tabID	panelID	X	
Sources/Journal/JournalCoordinator.swift	34	tabID	panelID	X	
Sources/Journal/JournalCoordinator.swift	35	tabID	panelID	X	
Sources/Journal/JournalCoordinator.swift	36	tabID	panelID	X	
Sources/Journal/JournalCoordinator.swift	37	tab	panel	X	
Sources/Journal/JournalCoordinator.swift	37	tabID	panelID	X	
Sources/Journal/JournalCoordinator.swift	41	tabID	panelID	X	
Sources/Journal/JournalCoordinator.swift	45	tabID	panelID	X	
Sources/Journal/JournalCoordinator.swift	47	tabID	panelID	X	
Sources/Journal/JournalCoordinator.swift	48	tabID	panelID	X	
Sources/Journal/JournalCoordinator.swift	49	tabID	panelID	X	
Sources/Journal/JournalCoordinator.swift	50	tabID	panelID	X	
Sources/Journal/JournalCoordinator.swift	51	tabID	panelID	X	
Sources/Journal/JournalCoordinator.swift	52	tab	panel	X	
Sources/Journal/JournalCoordinator.swift	52	tabID	panelID	X	
Sources/Journal/JournalCoordinator.swift	55	tabID	panelID	X	
Sources/Journal/JournalCoordinator.swift	59	tabID	panelID	X	
Sources/Journal/JournalCoordinator.swift	69	tabID	panelID	X	
Sources/Journal/JournalCoordinator.swift	73	tabID	panelID	X	
Sources/Journal/JournalCoordinator.swift	85	tabIDs	panelIDs	X	
Sources/Journal/JournalCoordinator.swift	86	tabIDs	panelIDs	X	
Sources/Journal/JournalCoordinator.swift	91	tabID	panelID	X	
Sources/Journal/JournalCoordinator.swift	98	tabID	panelID	X	
Sources/Journal/JournalCoordinator.swift	99	tabID	panelID	X	
Sources/Journal/JournalCoordinator.swift	101	tabID	panelID	X	
Sources/Journal/JournalCoordinator.swift	102	tabID	panelID	X	
Sources/Journal/JournalCoordinator.swift	123	tabIDs	panelIDs	X	
Sources/Journal/JournalCoordinator.swift	128	tabID	panelID	X	
Sources/Journal/JournalCoordinator.swift	128	tabIDs	panelIDs	X	
Sources/Journal/JournalCoordinator.swift	132	tabID	panelID	X	
Sources/Journal/JournalCoordinator.swift	133	tabID	panelID	X	
Sources/Journal/JournalCoordinator.swift	172	startupTabsReady	startupPanelsReady	X	
Sources/Journal/JournalCoordinator.swift	172	tabsReady	panelsReady	X	
Sources/Journal/JournalCoordinator.swift	175	tabsReady	panelsReady	X	
Sources/Journal/JournalCoordinator.swift	195	tabID	panelID	X	
Sources/Journal/JournalCoordinator.swift	196	tabID	panelID	X	
Sources/Journal/JournalCoordinator.swift	198	tabID	panelID	X	
Sources/Journal/JournalCoordinator.swift	218	tabID	panelID	X	
Sources/Journal/JournalCoordinator.swift	219	tabID	panelID	X	
Sources/Journal/JournalCoordinator.swift	220	tabID	panelID	X	
Sources/Journal/JournalCoordinator.swift	256	tabID	panelID	X	
Sources/Journal/JournalCoordinator.swift	257	tabID	panelID	X	
Sources/Journal/JournalCoordinator.swift	259	tabID	panelID	X	
Sources/Journal/JournalCoordinator.swift	262	tabID	panelID	X	
Sources/Journal/JournalCoordinator.swift	276	tabID	panelID	X	
Sources/Journal/JournalCoordinator.swift	278	tabID	panelID	X	
Sources/Journal/JournalCoordinator.swift	287	tabID	panelID	X	
Sources/Journal/JournalCoordinator.swift	289	tabID	panelID	X	
Sources/Journal/JournalCoordinator.swift	295	tab	panel	X	
Sources/Journal/JournalCoordinator.swift	295	tabID	panelID	X	
Sources/Journal/JournalCoordinator.swift	298	tabID	panelID	X	
Sources/Journal/JournalCoordinator.swift	301	tabID	panelID	X	
Sources/Journal/JournalCoordinator.swift	303	tab	panel	X	
Sources/Journal/JournalCoordinator.swift	303	tabID	panelID	X	
Sources/Journal/JournalCoordinator.swift	306	tabID	panelID	X	
Sources/Journal/JournalCoordinator.swift	309	LiveTab	LivePanel	T	
Sources/Journal/JournalCoordinator.swift	337	tabID	panelID	X	
Sources/Journal/JournalCoordinator.swift	340	tabID	panelID	X	
Sources/Journal/JournalCoordinator.swift	345	tab	panel	X	
Sources/Journal/JournalCoordinator.swift	345	tabID	panelID	X	
Sources/Journal/JournalCoordinator.swift	347	tab	panel	X	
Sources/Journal/JournalCoordinator.swift	347	tabID	panelID	X	
Sources/Journal/JournalCoordinator.swift	352	tab	panel	X	
Sources/Journal/JournalCoordinator.swift	352	tabID	panelID	X	
Sources/Journal/JournalCoordinator.swift	355	tab	panel	X	
Sources/Journal/JournalCoordinator.swift	356	tab	panel	X	
Sources/Journal/JournalCoordinator.swift	360	tab	panel	X	
Sources/Journal/JournalCoordinator.swift	360	tabID	panelID	X	
Sources/Journal/JournalCoordinator.swift	365	tab	panel	X	
Sources/Journal/JournalCoordinator.swift	368	tab	panel	X	
Sources/Journal/JournalCoordinator.swift	369	tab	panel	X	
Sources/Journal/JournalCoordinator.swift	371	tab	panel	X	
Sources/Journal/JournalCoordinator.swift	372	tab	panel	X	
Sources/Journal/JournalCoordinator.swift	373	tab	panel	X	
Sources/Journal/JournalCoordinator.swift	374	tab	panel	X	
Sources/Journal/JournalCoordinator.swift	382	tab	panel	X	
Sources/Journal/JournalCoordinator.swift	383	tab	panel	X	
Sources/Journal/JournalCoordinator.swift	383	tabID	panelID	X	
Sources/Journal/JournalCoordinator.swift	389	tabID	panelID	X	
Sources/Journal/JournalCoordinator.swift	390	tab	panel	X	
Sources/Journal/JournalCoordinator.swift	390	tabID	panelID	X	
Sources/Journal/JournalCoordinator.swift	397	tab	panel	X	
Sources/Journal/JournalCoordinator.swift	398	tab	panel	X	
Sources/Journal/JournalCoordinator.swift	399	tab	panel	X	
Sources/Journal/JournalCoordinator.swift	400	tab	panel	X	
Sources/Journal/JournalCoordinator.swift	401	tab	panel	X	
Sources/Journal/JournalCoordinator.swift	402	tab	panel	X	
Sources/Journal/JournalCoordinator.swift	419	tabID	panelID	X	
Sources/Journal/JournalCoordinator.swift	422	tabID	panelID	X	
Sources/Journal/JournalEvent.swift	79	tabID	panelID	X	
Sources/Journal/JournalEvent.swift	84	tabID	panelID	X	
Sources/Journal/JournalEvent.swift	87	tabID	panelID	X	
Sources/Journal/JournalEvent.swift	97	tabID	panelID	X	
Sources/Journal/JournalEvent.swift	116	tabID	panelID	X	
Sources/Journal/JournalEvent.swift	123	tabID	panelID	X	
Sources/Journal/JournalEvent.swift	124	tabID	panelID	X	
Sources/Journal/JournalEvent.swift	161	tabID	panelID	X	
Sources/Journal/JournalExport.swift	70	tabID	panelID	X	
Sources/Journal/JournalExport.swift	71	tabID	panelID	X	
Sources/Journal/JournalExport.swift	164	tabID	panelID	X	
Sources/Journal/JournalExport.swift	166	tabID	panelID	X	
Sources/Journal/JournalExport.swift	191	tabID	panelID	X	
Sources/Journal/JournalExport.swift	193	tabID	panelID	X	
Sources/Journal/JournalStore.swift	187	tabID	panelID	X	
Sources/Journal/JournalStore.swift	243	tabID	panelID	X	
Sources/Journal/JournalTranscriptProducer.swift	10	tabID	panelID	X	
Sources/Journal/JournalTranscriptProducer.swift	41	tabID	panelID	X	
Sources/Journal/JournalTranscriptProducer.swift	81	tabID	panelID	X	
Sources/Journal/JournalTranscriptProducer.swift	107	tabID	panelID	X	
Sources/KeyboardShortcutSettings.swift	28	renameTab	renamePanel	X	
Sources/KeyboardShortcutSettings.swift	77	renameTab	renamePanel	X	
Sources/KeyboardShortcutSettings.swift	116	renameTab	renamePanel	X	
Sources/KeyboardShortcutSettings.swift	168	renameTab	renamePanel	X	
Sources/Mailbox/MailboxDispatcher.swift	389	tabId	panelId	X	
Sources/Mailbox/MailboxDrain.swift	40	tabId	panelId	X	
Sources/Mailbox/MailboxDrain.swift	40	tabInboxURL	panelInboxURL	X	
Sources/Mailbox/MailboxDrain.swift	41	tabId	panelId	X	
Sources/Mailbox/MailboxDrain.swift	57	tabInboxURLs	panelInboxURLs	X	
Sources/Mailbox/MailboxDrain.swift	60	tabId	panelId	X	
Sources/Mailbox/MailboxDrain.swift	74	tabId	panelId	X	
Sources/Mailbox/MailboxDrain.swift	433	tabId	panelId	X	
Sources/Mailbox/MailboxDrain.swift	438	tabId	panelId	X	
Sources/Mailbox/MailboxDrain.swift	439	tabId	panelId	X	
Sources/Mailbox/MailboxDrain.swift	480	tabId	panelId	X	
Sources/Mailbox/MailboxDrain.swift	481	tabId	panelId	X	
Sources/Mailbox/MailboxDrain.swift	483	tabId	panelId	X	
Sources/Mailbox/MailboxDrain.swift	508	tabId	panelId	X	
Sources/Mailbox/MailboxDrain.swift	511	rawTab	rawPanel	X	
Sources/Mailbox/MailboxDrain.swift	512	rawTab	rawPanel	X	
Sources/Mailbox/MailboxDrain.swift	513	tabId	panelId	X	
Sources/Mailbox/MailboxDrain.swift	515	rawTab	rawPanel	X	
Sources/Mailbox/MailboxDrain.swift	530	tabId	panelId	X	
Sources/Mailbox/MailboxDrain.swift	562	tabId	panelId	X	
Sources/Mailbox/MailboxLayout.swift	127	tabId	panelId	X	
Sources/Mailbox/MailboxLayout.swift	129	tabId	panelId	X	
Sources/Mailbox/MailboxLayout.swift	132	tabId	panelId	X	
Sources/Mailbox/MailboxLayout.swift	133	tabId	panelId	X	
Sources/Mailbox/MailboxLayout.swift	154	tabId	panelId	X	
Sources/Mailbox/MailboxLayout.swift	159	tabId	panelId	X	
Sources/Mailbox/MailboxLayout.swift	160	tabId	panelId	X	
Sources/Mailbox/MailboxReceiptRecorder.swift	231	tabId	panelId	X	
Sources/Mailbox/MailboxStdinBuffer.swift	428	tabTerminalDevice	panelTerminalDevice	X	
Sources/Mailbox/MailboxStdinBuffer.swift	437	tabTerminalDevice	panelTerminalDevice	X	
Sources/Mailbox/MailboxStdinBuffer.swift	474	tabTTYName	panelTTYName	X	
Sources/Mailbox/MailboxStdinBuffer.swift	475	tabTTYName	panelTTYName	X	
Sources/Mailbox/MailboxStdinBuffer.swift	476	tabTTYName	panelTTYName	X	
Sources/Mailbox/MailboxStdinBuffer.swift	477	tabDevice	panelDevice	X	
Sources/Mailbox/MailboxStdinBuffer.swift	482	tabDevice	panelDevice	X	
Sources/Mailbox/MailboxStdinBuffer.swift	482	tabTerminalDevice	panelTerminalDevice	X	
Sources/Mailbox/MailboxStdinBuffer.swift	486	tabDevice	panelDevice	X	
Sources/Mailbox/MailboxStdinBuffer.swift	486	tabTerminalDevice	panelTerminalDevice	X	
Sources/Messages/MessagesPage.swift	331	tabInputSent	panelInputSent	X	
Sources/Messages/MessagesPage.swift	701	tabInputSent	panelInputSent	X	
Sources/Messages/MessagesPageWriter.swift	339	tabInputSent	panelInputSent	X	
Sources/PanelLayoutSettings.swift	15	TabLayoutSettings	PanelLayoutSettings	T	
Sources/PanelLayoutSettings.swift	95	TabLayoutObserver	PanelLayoutObserver	T	
Sources/PanelLayoutSettings.swift	96	TabLayoutSettings	PanelLayoutSettings	T	
Sources/PanelLayoutSettings.swift	125	TabLayoutSettings	PanelLayoutSettings	T	
Sources/PanelLayoutSettings.swift	126	TabLayoutSettings	PanelLayoutSettings	T	
Sources/PanelLifecycle.swift	0	SurfaceLifecycle	PanelLifecycle	X	@path
Sources/PanelLivenessDeriver.swift	143	tabID	panelID	X	
Sources/PanelLivenessDeriver.swift	161	tabID	panelID	X	
Sources/PanelLivenessDeriver.swift	184	tabID	panelID	X	
Sources/PanelLivenessDeriver.swift	219	tabID	panelID	X	
Sources/PanelLivenessDeriver.swift	235	tabID	panelID	X	
Sources/PanelLivenessDeriver.swift	238	tabID	panelID	X	
Sources/PanelLivenessDeriver.swift	239	tabID	panelID	X	
Sources/PanelLivenessDeriver.swift	244	tabID	panelID	X	
Sources/PanelLivenessDeriver.swift	247	tabID	panelID	X	
Sources/PanelLivenessDeriver.swift	248	tabID	panelID	X	
Sources/PanelLivenessDeriver.swift	249	tabID	panelID	X	
Sources/PanelLivenessDeriver.swift	250	tabID	panelID	X	
Sources/PanelLivenessDeriver.swift	254	tabID	panelID	X	
Sources/PanelLivenessDeriver.swift	255	tabID	panelID	X	
Sources/PanelLivenessDeriver.swift	258	journalByTab	journalByPanel	Muse	
Sources/PanelLivenessDeriver.swift	258	tabID	panelID	X	
Sources/PanelLivenessDeriver.swift	259	tabID	panelID	X	
Sources/PanelLivenessDeriver.swift	261	tabID	panelID	X	
Sources/PanelLivenessDeriver.swift	262	forTab	forPanel	X	
Sources/PanelLivenessDeriver.swift	262	tabID	panelID	X	
Sources/PanelLivenessDeriver.swift	266	tabID	panelID	X	
Sources/PanelLivenessDeriver.swift	270	tabID	panelID	X	
Sources/PanelLivenessDeriver.swift	307	tabID	panelID	X	
Sources/PanelLivenessDeriver.swift	398	tabID	panelID	X	
Sources/PanelLivenessDeriver.swift	486	tabID	panelID	X	
Sources/PanelLivenessDeriver.swift	506	tabID	panelID	X	
Sources/PanelLivenessDeriver.swift	543	tabID	panelID	X	
Sources/PanelMetadataStore.swift	0	flagCallerTabId	flagCallerPanelId	F	curated @fix row
Sources/PanelRailTipCenter.swift	15	TabRailTipCenter	PanelRailTipCenter	T	
Sources/PanelRailTipCenter.swift	16	TabRailTipCenter	PanelRailTipCenter	T	
Sources/PanelRailTipCenter.swift	18	TabRailTipPolicy	PanelRailTipPolicy	T	
Sources/PanelRailTipCenter.swift	21	TabRailTipModel	PanelRailTipModel	T	
Sources/PanelRailTipCenter.swift	42	TabRailTipView	PanelRailTipView	T	
Sources/PanelRailTipCenter.swift	75	TabRailTipPolicy	PanelRailTipPolicy	T	
Sources/PanelRailTipCenter.swift	82	TabRailTipPolicy	PanelRailTipPolicy	T	
Sources/PanelRailTipCenter.swift	82	UserDefaultsTabRailTipStore	UserDefaultsPanelRailTipStore	T	
Sources/PanelRailTipCenter.swift	169	TabLayoutSettings	PanelLayoutSettings	T	
Sources/PanelRailTipCenter.swift	197	TabLayoutSettings	PanelLayoutSettings	T	
Sources/PanelRailTipCenter.swift	216	TabLayoutSettings	PanelLayoutSettings	T	
Sources/PanelRailTipCenter.swift	331	TabLayoutSettings	PanelLayoutSettings	T	
Sources/PanelRailTipCenter.swift	333	layoutIsTabs	layoutIsStrip	X	
Sources/PanelRailTipCenter.swift	340	TabLayoutSettings	PanelLayoutSettings	T	
Sources/PanelRailTipCenter.swift	356	TabLayoutSettings	PanelLayoutSettings	T	
Sources/PanelRailTipCenter.swift	437	TabRailTipView	PanelRailTipView	T	
Sources/PanelRailTipCenter.swift	548	TabRailTipPolicy	PanelRailTipPolicy	T	
Sources/PanelRailTipCenter.swift	575	TabRailTipPolicy	PanelRailTipPolicy	T	
Sources/PanelRailTipCenter.swift	598	TabRailTipPreviewRow	PanelRailTipPreviewRow	T	
Sources/PanelRailTipCenter.swift	603	TabRailTipPreviewWindow	PanelRailTipPreviewWindow	T	
Sources/PanelRailTipCenter.swift	605	TabRailTipPreviewRow	PanelRailTipPreviewRow	T	
Sources/PanelRailTipCenter.swift	616	TabRailTipStatusKind	PanelRailTipStatusKind	T	
Sources/PanelRailTipCenter.swift	636	TabRailTipStatusKind	PanelRailTipStatusKind	T	
Sources/PanelRailTipCenter.swift	640	TabRailTipPreviewRow	PanelRailTipPreviewRow	T	
Sources/PanelRailTipCenter.swift	644	TabRailTipStatusKind	PanelRailTipStatusKind	T	
Sources/PanelRailTipCenter.swift	650	TabRailTipModel	PanelRailTipModel	T	
Sources/PanelRailTipCenter.swift	654	TabRailTipPreviewRow	PanelRailTipPreviewRow	T	
Sources/PanelRailTipCenter.swift	657	TabRailTipView	PanelRailTipView	T	
Sources/PanelRailTipCenter.swift	658	TabRailTipModel	PanelRailTipModel	T	
Sources/PanelRailTipCenter.swift	678	TabRailTipCenter	PanelRailTipCenter	T	
Sources/PanelRailTipCenter.swift	702	TabRailTipCenter	PanelRailTipCenter	T	
Sources/PanelRailTipCenter.swift	711	TabRailTipCenter	PanelRailTipCenter	T	
Sources/PanelRailTipCenter.swift	714	TabRailTipCenter	PanelRailTipCenter	T	
Sources/PanelRailTipCenter.swift	803	TabRailTipStatusKind	PanelRailTipStatusKind	T	
Sources/PanelRailTipCenter.swift	820	TabRailTipStatusKind	PanelRailTipStatusKind	T	
Sources/PanelRailTipCenter.swift	828	TabRailTipPreviewRow	PanelRailTipPreviewRow	T	
Sources/PanelRailTipPolicy.swift	5	TabRailTipStoring	PanelRailTipStoring	T	
Sources/PanelRailTipPolicy.swift	18	TabRailTipStoring	PanelRailTipStoring	T	
Sources/PanelRailTipPolicy.swift	18	UserDefaultsTabRailTipStore	UserDefaultsPanelRailTipStore	T	
Sources/PanelRailTipPolicy.swift	60	TabRailTipPreviewWindow	PanelRailTipPreviewWindow	T	
Sources/PanelRailTipPolicy.swift	94	TabRailTipPolicy	PanelRailTipPolicy	T	
Sources/PanelRailTipPolicy.swift	114	TabRailTipStoring	PanelRailTipStoring	T	
Sources/PanelRailTipPolicy.swift	167	layoutIsTabs	layoutIsStrip	X	
Sources/PanelRailTipPolicy.swift	168	layoutIsTabs	layoutIsStrip	X	
Sources/Panels/BrowserPanel.swift	224	BrowserImportHintBlankTabPlacement	BrowserImportHintBlankPanelPlacement	T	
Sources/Panels/BrowserPanel.swift	238	BrowserImportHintBlankTabPlacement	BrowserImportHintBlankPanelPlacement	T	
Sources/Panels/BrowserPanel.swift	238	blankTabPlacement	blankPanelPlacement	X	
Sources/Panels/BrowserPanel.swift	243	showOnBlankTabs	showOnBlankPanels	X	
Sources/Panels/BrowserPanel.swift	247	blankTabPlacement	blankPanelPlacement	X	
Sources/Panels/BrowserPanel.swift	252	showOnBlankTabs	showOnBlankPanels	X	
Sources/Panels/BrowserPanel.swift	253	blankTabPlacement	blankPanelPlacement	X	
Sources/Panels/BrowserPanel.swift	260	blankTabPlacement	blankPanelPlacement	X	
Sources/Panels/BrowserPanel.swift	262	blankTabPlacement	blankPanelPlacement	X	
Sources/Panels/BrowserPanel.swift	264	blankTabPlacement	blankPanelPlacement	X	
Sources/Panels/BrowserPanel.swift	266	blankTabPlacement	blankPanelPlacement	X	
Sources/Panels/BrowserPanel.swift	274	showOnBlankTabsKey	showOnBlankPanelsKey	X	
Sources/Panels/BrowserPanel.swift	277	defaultShowOnBlankTabs	defaultShowOnBlankPanels	X	
Sources/Panels/BrowserPanel.swift	291	showOnBlankTabs	showOnBlankPanels	X	
Sources/Panels/BrowserPanel.swift	292	showOnBlankTabsKey	showOnBlankPanelsKey	X	
Sources/Panels/BrowserPanel.swift	293	defaultShowOnBlankTabs	defaultShowOnBlankPanels	X	
Sources/Panels/BrowserPanel.swift	295	showOnBlankTabsKey	showOnBlankPanelsKey	X	
Sources/Panels/BrowserPanel.swift	308	showOnBlankTabs	showOnBlankPanels	X	
Sources/Panels/BrowserPanel.swift	315	defaultShowOnBlankTabs	defaultShowOnBlankPanels	X	
Sources/Panels/BrowserPanel.swift	315	showOnBlankTabsKey	showOnBlankPanelsKey	X	
Sources/Panels/BrowserPanel.swift	2144	currentTab	currentPanel	X	
Sources/Panels/BrowserPanel.swift	2145	newTab	newPanel	X	
Sources/Panels/BrowserPanel.swift	2605	isShowingNewTabPage	isShowingNewPanelPage	M	owner=BrowserPanel; var isShowingNewTabPage: Bool {
Sources/Panels/BrowserPanel.swift	3006	onContextMenuOpenLinkInNewTab	onContextMenuOpenLinkInNewPanel	X	
Sources/Panels/BrowserPanel.swift	3007	openLinkInNewTab	openLinkInNewPanel	Muse	
Sources/Panels/BrowserPanel.swift	3173	openInNewTab	openInNewPanel	X	
Sources/Panels/BrowserPanel.swift	3174	openLinkInNewTab	openLinkInNewPanel	Muse	
Sources/Panels/BrowserPanel.swift	3247	openInNewTab	openInNewPanel	X	
Sources/Panels/BrowserPanel.swift	3249	openLinkInNewTab	openLinkInNewPanel	Muse	
Sources/Panels/BrowserPanel.swift	4413	currentTab	currentPanel	X	
Sources/Panels/BrowserPanel.swift	4703	currentTab	currentPanel	X	
Sources/Panels/BrowserPanel.swift	4705	newTab	newPanel	X	
Sources/Panels/BrowserPanel.swift	4706	openLinkInNewTab	openLinkInNewPanel	Muse	
Sources/Panels/BrowserPanel.swift	4808	currentTab	currentPanel	X	
Sources/Panels/BrowserPanel.swift	4811	newTab	newPanel	X	
Sources/Panels/BrowserPanel.swift	4812	openLinkInNewTab	openLinkInNewPanel	Muse	
Sources/Panels/BrowserPanel.swift	5038	openLinkInNewTab	openLinkInNewPanel	M	owner=BrowserPanel; func openLinkInNewTab(url: URL, bypassInsecureHTTPHostOnce: String? = nil)
Sources/Panels/BrowserPanel.swift	6452	currentTab	currentPanel	X	
Sources/Panels/BrowserPanel.swift	6840	browserNavigationShouldOpenInNewTab	browserNavigationShouldOpenInNewPanel	X	
Sources/Panels/BrowserPanel.swift	6881	browserNavigationShouldOpenInNewTab	browserNavigationShouldOpenInNewPanel	X	
Sources/Panels/BrowserPanel.swift	6881	isUserNewTab	isUserNewPanel	X	
Sources/Panels/BrowserPanel.swift	6889	isUserNewTab	isUserNewPanel	X	
Sources/Panels/BrowserPanel.swift	6892	browserNavigationShouldFallbackNilTargetToNewTab	browserNavigationShouldFallbackNilTargetToNewPanel	X	
Sources/Panels/BrowserPanel.swift	6904	openInNewTab	openInNewPanel	X	
Sources/Panels/BrowserPanel.swift	7097	browserNavigationShouldOpenInNewTab	browserNavigationShouldOpenInNewPanel	X	
Sources/Panels/BrowserPanel.swift	7097	shouldOpenInNewTab	shouldOpenInNewPanel	X	
Sources/Panels/BrowserPanel.swift	7112	shouldOpenInNewTab	shouldOpenInNewPanel	X	
Sources/Panels/BrowserPanel.swift	7120	shouldOpenInNewTab	shouldOpenInNewPanel	X	
Sources/Panels/BrowserPanel.swift	7121	newTab	newPanel	X	
Sources/Panels/BrowserPanel.swift	7123	currentTab	currentPanel	X	
Sources/Panels/BrowserPanel.swift	7127	newTab	newPanel	X	
Sources/Panels/BrowserPanel.swift	7153	shouldOpenInNewTab	shouldOpenInNewPanel	X	
Sources/Panels/BrowserPanel.swift	7158	openInNewTab	openInNewPanel	X	
Sources/Panels/BrowserPanel.swift	7167	browserNavigationShouldFallbackNilTargetToNewTab	browserNavigationShouldFallbackNilTargetToNewPanel	X	
Sources/Panels/BrowserPanel.swift	7174	openInNewTab	openInNewPanel	X	
Sources/Panels/BrowserPanel.swift	7258	openInNewTab	openInNewPanel	X	
Sources/Panels/BrowserPanel.swift	7345	newTab	newPanel	X	
Sources/Panels/BrowserPanel.swift	7357	openInNewTab	openInNewPanel	X	
Sources/Panels/BrowserPanelView.swift	305	defaultShowOnBlankTabs	defaultShowOnBlankPanels	X	
Sources/Panels/BrowserPanelView.swift	305	showBrowserImportHintOnBlankTabs	showBrowserImportHintOnBlankPanels	X	
Sources/Panels/BrowserPanelView.swift	305	showOnBlankTabsKey	showOnBlankPanelsKey	X	
Sources/Panels/BrowserPanelView.swift	386	showBrowserImportHintOnBlankTabs	showBrowserImportHintOnBlankPanels	X	
Sources/Panels/BrowserPanelView.swift	386	showOnBlankTabs	showOnBlankPanels	X	
Sources/Panels/BrowserPanelView.swift	433	blankTabPlacement	blankPanelPlacement	X	
Sources/Panels/BrowserPanelView.swift	1361	blankTabPlacement	blankPanelPlacement	X	
Sources/Panels/BrowserPanelView.swift	1367	blankTabPlacement	blankPanelPlacement	X	
Sources/Panels/BrowserPanelView.swift	1804	showBrowserImportHintOnBlankTabs	showBrowserImportHintOnBlankPanels	X	
Sources/Panels/BrowserPanelView.swift	1933	switchToTab	switchToPanel	X	
Sources/Panels/BrowserPanelView.swift	2095	matchingOpenTabSuggestions	matchingOpenPanelSuggestions	Muse	
Sources/Panels/BrowserPanelView.swift	2095	openTabMatches	openPanelMatches	X	
Sources/Panels/BrowserPanelView.swift	2108	openTabMatches	openPanelMatches	X	
Sources/Panels/BrowserPanelView.swift	2126	openTabMatches	openPanelMatches	X	
Sources/Panels/BrowserPanelView.swift	2158	matchingOpenTabSuggestions	matchingOpenPanelSuggestions	Muse	
Sources/Panels/BrowserPanelView.swift	2158	openTabMatches	openPanelMatches	X	
Sources/Panels/BrowserPanelView.swift	2179	OmnibarOpenTabMatch	OmnibarOpenPanelMatch	T	
Sources/Panels/BrowserPanelView.swift	2179	matchingOpenTabSuggestions	matchingOpenPanelSuggestions	M	owner=BrowserPanelView; func matchingOpenTabSuggestions(for query: String, limit: Int) -> [OmnibarOpenTabMatch]
Sources/Panels/BrowserPanelView.swift	2189	OmnibarOpenTabMatch	OmnibarOpenPanelMatch	T	
Sources/Panels/BrowserPanelView.swift	2201	isKnownOpenTab	isKnownOpenPanel	Muse	
Sources/Panels/BrowserPanelView.swift	2202	OmnibarOpenTabMatch	OmnibarOpenPanelMatch	T	
Sources/Panels/BrowserPanelView.swift	2209	OmnibarOpenTabMatch	OmnibarOpenPanelMatch	T	
Sources/Panels/BrowserPanelView.swift	2214	isKnownOpenTab	isKnownOpenPanel	Muse	
Sources/Panels/BrowserPanelView.swift	2231	isKnownOpenTab	isKnownOpenPanel	Muse	
Sources/Panels/BrowserPanelView.swift	2273	isKnownOpenTab	isKnownOpenPanel	Muse	
Sources/Panels/BrowserPanelView.swift	2387	OmnibarOpenTabMatch	OmnibarOpenPanelMatch	T	
Sources/Panels/BrowserPanelView.swift	2392	isKnownOpenTab	isKnownOpenPanel	M	owner=OmnibarOpenTabMatch; let isKnownOpenTab: Bool
Sources/Panels/BrowserPanelView.swift	2394	isKnownOpenTab	isKnownOpenPanel	Muse	
Sources/Panels/BrowserPanelView.swift	2399	isKnownOpenTab	isKnownOpenPanel	Muse	
Sources/Panels/BrowserPanelView.swift	2428	switchToTab	switchToPanel	X	
Sources/Panels/BrowserPanelView.swift	2439	switchToTab	switchToPanel	X	
Sources/Panels/BrowserPanelView.swift	2552	OmnibarOpenTabMatch	OmnibarOpenPanelMatch	T	
Sources/Panels/BrowserPanelView.swift	2552	openTabMatches	openTabMatches openPanelMatches	L	openTabMatches: [OmnibarOpenTabMatch]
Sources/Panels/BrowserPanelView.swift	2552	openTabMatches openPanelMatches	openPanelMatches	X	
Sources/Panels/BrowserPanelView.swift	2568	OmnibarOpenTabMatch	OmnibarOpenPanelMatch	T	
Sources/Panels/BrowserPanelView.swift	2568	filteredOpenTabMatches	filteredOpenPanelMatches	L	filteredOpenTabMatches: [OmnibarOpenTabMatch]
Sources/Panels/BrowserPanelView.swift	2573	filteredOpenTabMatches	filteredOpenPanelMatches	L	filteredOpenTabMatches: [OmnibarOpenTabMatch]
Sources/Panels/BrowserPanelView.swift	2573	openTabMatches	openPanelMatches	L	openTabMatches: [OmnibarOpenTabMatch]
Sources/Panels/BrowserPanelView.swift	2578	filteredOpenTabMatches	filteredOpenPanelMatches	L	filteredOpenTabMatches: [OmnibarOpenTabMatch]
Sources/Panels/BrowserPanelView.swift	2578	openTabMatches	openPanelMatches	L	openTabMatches: [OmnibarOpenTabMatch]
Sources/Panels/BrowserPanelView.swift	2582	filteredOpenTabMatches	filteredOpenPanelMatches	L	filteredOpenTabMatches: [OmnibarOpenTabMatch]
Sources/Panels/BrowserPanelView.swift	2644	switchToTab	switchToPanel	X	
Sources/Panels/BrowserPanelView.swift	2646	switchToTab	switchToPanel	X	
Sources/Panels/BrowserPanelView.swift	2706	filteredOpenTabMatches	filteredOpenPanelMatches	L	filteredOpenTabMatches: [OmnibarOpenTabMatch]
Sources/Panels/BrowserPanelView.swift	2724	isKnownOpenTab	isKnownOpenPanel	Muse	
Sources/Panels/BrowserPanelView.swift	2726	switchToTab	switchToPanel	X	
Sources/Panels/BrowserPanelView.swift	3231	switchToTab	switchToPanel	X	
Sources/Panels/BrowserPanelView.swift	3246	switchToTab	switchToPanel	X	
Sources/Panels/BrowserPanelView.swift	3258	switchToTab	switchToPanel	X	
Sources/Panels/BrowserPanelView.swift	3272	switchToTab	switchToPanel	X	
Sources/Panels/BrowserPanelView.swift	3282	switchToTab	switchToPanel	X	
Sources/Panels/BrowserPanelView.swift	3296	switchToTab	switchToPanel	X	
Sources/Panels/BrowserPanelView.swift	3306	switchToTab	switchToPanel	X	
Sources/Panels/BrowserPanelView.swift	3334	switchToTab	switchToPanel	X	
Sources/Panels/BrowserPanelView.swift	3335	switchToTab	switchToPanel	X	
Sources/Panels/BrowserPopupWindowController.swift	87	openerTab	openerPanel	X	
Sources/Panels/BrowserPopupWindowController.swift	91	openerTab	openerPanel	X	
Sources/Panels/BrowserPopupWindowController.swift	115	openerTab	openerPanel	X	
Sources/Panels/BrowserPopupWindowController.swift	199	onContextMenuOpenLinkInNewTab	onContextMenuOpenLinkInNewPanel	X	
Sources/Panels/BrowserPopupWindowController.swift	201	openLinkInNewTab	openLinkInNewPanel	Muse	
Sources/Panels/BrowserPopupWindowController.swift	227	openerTab	openerPanel	X	
Sources/Panels/BrowserPopupWindowController.swift	312	openInOpenerTab	openInOpenerPanel	X	
Sources/Panels/BrowserPopupWindowController.swift	314	openLinkInNewTab	openLinkInNewPanel	Muse	
Sources/Panels/BrowserPopupWindowController.swift	418	openInOpenerTab	openInOpenerPanel	X	
Sources/Panels/CmuxWebView.swift	58	onContextMenuOpenLinkInNewTab	onContextMenuOpenLinkInNewPanel	X	
Sources/Panels/CmuxWebView.swift	1319	contextMenuOpenLinkInNewTab	contextMenuOpenLinkInNewPanel	X	
Sources/Panels/CmuxWebView.swift	1396	contextMenuOpenLinkInNewTab	contextMenuOpenLinkInNewPanel	X	
Sources/Panels/CmuxWebView.swift	1400	onContextMenuOpenLinkInNewTab	onContextMenuOpenLinkInNewPanel	X	
Sources/SendTextParse.swift	15	tab	panel	X	
Sources/SendTextParse.swift	46	tab	panel	X	
Sources/SessionPersistence.swift	614	tabId	panelId	X	
Sources/SessionPersistence.swift	618	tabId	panelId	X	
Sources/SessionPersistence.swift	628	tabId	panelId	X	
Sources/SessionPersistence.swift	643	tabId	panelId	X	
Sources/Sidebar/SidebarActivityProjector.swift	143	TabSheetClockText	PanelSheetClockText	T	
Sources/Sidebar/SidebarActivityProjector.swift	162	TabSheetClockText	PanelSheetClockText	T	
Sources/Sidebar/SidebarActivityProjector.swift	174	TabSheetClockText	PanelSheetClockText	T	
Sources/Sidebar/WorkspaceGroupSidebarProjection.swift	14	WorkspaceGroupTabAttention	WorkspaceGroupPanelAttention	T	
Sources/Sidebar/WorkspaceGroupSidebarProjection.swift	23	WorkspaceGroupTabLifecycle	WorkspaceGroupPanelLifecycle	T	
Sources/Sidebar/WorkspaceGroupSidebarProjection.swift	32	WorkspaceGroupTabLifecycle	WorkspaceGroupPanelLifecycle	T	
Sources/Sidebar/WorkspaceGroupSidebarProjection.swift	32	lifecycleByTab	lifecycleByPanel	X	
Sources/Sidebar/WorkspaceGroupSidebarProjection.swift	35	WorkspaceGroupTabAttention	WorkspaceGroupPanelAttention	T	
Sources/Sidebar/WorkspaceGroupSidebarProjection.swift	35	tabs	tabs panels	L	tabs: [WorkspaceGroupTabAttention]
Sources/Sidebar/WorkspaceGroupSidebarProjection.swift	35	tabs panels	panels	X	
Sources/Sidebar/WorkspaceGroupSidebarProjection.swift	37	WorkspaceGroupTabLifecycle	WorkspaceGroupPanelLifecycle	T	
Sources/Sidebar/WorkspaceGroupSidebarProjection.swift	37	lifecycleByTab	lifecycleByTab lifecycleByPanel	L	lifecycleByTab: [UUID: WorkspaceGroupTabLifecycle]
Sources/Sidebar/WorkspaceGroupSidebarProjection.swift	37	lifecycleByTab lifecycleByPanel	lifecycleByPanel	X	
Sources/Sidebar/WorkspaceGroupSidebarProjection.swift	39	tabs	panels	L	tabs: [WorkspaceGroupTabAttention]
Sources/Sidebar/WorkspaceGroupSidebarProjection.swift	40	tabs	panels	L	tabs: [WorkspaceGroupTabAttention]
Sources/Sidebar/WorkspaceGroupSidebarProjection.swift	44	lifecycleByTab	lifecycleByPanel	L	lifecycleByTab: [UUID: WorkspaceGroupTabLifecycle]
Sources/Sidebar/WorkspaceGroupSidebarProjection.swift	44	lifecycleByTab	lifecycleByPanel	X	
Sources/Sidebar/WorkspaceGroupSidebarProjection.swift	236	WorkspaceGroupTabLifecycle	WorkspaceGroupPanelLifecycle	T	
Sources/Sidebar/WorkspaceGroupSidebarProjection.swift	237	tabId	panelId	X	
Sources/Sidebar/WorkspaceGroupSidebarProjection.swift	237	tabs	panels	X	
Sources/Sidebar/WorkspaceGroupSidebarProjection.swift	238	tabId	panelId	X	
Sources/Sidebar/WorkspaceGroupSidebarProjection.swift	239	resolvedSurfaceTabActivityState	resolvedSurfacePanelActivityState	X	
Sources/Sidebar/WorkspaceGroupSidebarProjection.swift	240	tabId	panelId	X	
Sources/Sidebar/WorkspaceGroupSidebarProjection.swift	242	tabId	panelId	X	
Sources/Sidebar/WorkspaceGroupSidebarProjection.swift	244	WorkspaceGroupTabLifecycle	WorkspaceGroupPanelLifecycle	T	
Sources/Sidebar/WorkspaceGroupSidebarProjection.swift	244	tabId	panelId	X	
Sources/Sidebar/WorkspaceGroupSidebarProjection.swift	246	tabId	panelId	X	
Sources/Sidebar/WorkspaceGroupSidebarProjection.swift	248	WorkspaceGroupTabAttention	WorkspaceGroupPanelAttention	T	
Sources/Sidebar/WorkspaceGroupSidebarProjection.swift	252	tabs	panels	X	
Sources/Sidebar/WorkspaceGroupSidebarProjection.swift	254	lifecycleByTab	lifecycleByPanel	X	
Sources/Sidebar/WorkspaceGroupSidebarProjection.swift	364	lifecycleByTab	lifecycleByPanel	X	
Sources/SocketHandlers/AgentRosterHandlers.swift	10	LiveTab	LivePanel	T	
Sources/SocketHandlers/AgentRosterHandlers.swift	20	LiveTab	LivePanel	T	
Sources/SocketHandlers/AgentRosterHandlers.swift	23	LiveTab	LivePanel	T	
Sources/SocketHandlers/AgentRosterHandlers.swift	27	tabID	panelID	X	
Sources/SocketHandlers/AgentRosterHandlers.swift	30	tabID	panelID	X	
Sources/SocketHandlers/AgentRosterHandlers.swift	32	tabID	panelID	X	
Sources/SocketHandlers/AgentRosterHandlers.swift	37	LiveTab	LivePanel	T	
Sources/SocketHandlers/AgentRosterHandlers.swift	37	tabID	panelID	X	
Sources/SocketHandlers/AgentRosterHandlers.swift	38	tabID	panelID	X	
Sources/SocketHandlers/AgentRosterHandlers.swift	39	tabID	panelID	X	
Sources/SocketHandlers/AgentRosterHandlers.swift	40	tabID	panelID	X	
Sources/SocketHandlers/AgentRosterHandlers.swift	42	LiveTab	LivePanel	T	
Sources/SocketHandlers/AgentRosterHandlers.swift	43	tabID	panelID	X	
Sources/SocketHandlers/AgentRosterHandlers.swift	48	tabID	panelID	X	
Sources/SocketHandlers/AgentRosterHandlers.swift	51	tabID	panelID	X	
Sources/SocketHandlers/AttentionHandlers.swift	110	tabTitle	panelTitle	X	
Sources/SocketHandlers/AttentionHandlers.swift	146	flagCallerTabId	flagCallerPanelId	X	
Sources/SocketHandlers/AttentionHandlers.swift	178	flagCallerTabId	flagCallerPanelId	X	
Sources/SocketHandlers/BrowserHandlers.swift	54	browserTab	browserPanel	X	
Sources/SocketHandlers/BrowserHandlers.swift	94	v2BrowserTabNew	v2BrowserPanelNew	X	
Sources/SocketHandlers/BrowserHandlers.swift	96	v2BrowserTabList	v2BrowserPanelList	X	
Sources/SocketHandlers/BrowserHandlers.swift	98	v2BrowserTabSwitch	v2BrowserPanelSwitch	X	
Sources/SocketHandlers/BrowserHandlers.swift	100	v2BrowserTabClose	v2BrowserPanelClose	X	
Sources/SocketHandlers/BrowserHandlers.swift	611	browserTab	browserPanel	X	
Sources/SocketHandlers/BrowserHandlers.swift	2558	browserTab	browserPanel	X	
Sources/SocketHandlers/BrowserQueryHandlers.swift	1338	v2BrowserTabList	v2BrowserPanelList	X	
Sources/SocketHandlers/BrowserQueryHandlers.swift	1349	browserTabs	browserPanelPayloads	X	
Sources/SocketHandlers/BrowserQueryHandlers.swift	1366	browserTabs	browserPanelPayloads	X	
Sources/SocketHandlers/BrowserQueryHandlers.swift	1367	browserTabs	browserPanelPayloads	X	
Sources/SocketHandlers/BrowserQueryHandlers.swift	1377	v2BrowserTabNew	v2BrowserPanelNew	X	
Sources/SocketHandlers/BrowserQueryHandlers.swift	1417	v2BrowserTabSwitch	v2BrowserPanelSwitch	X	
Sources/SocketHandlers/BrowserQueryHandlers.swift	1459	v2BrowserTabClose	v2BrowserPanelClose	X	
Sources/SocketHandlers/BrowserQueryHandlers.swift	1502	closeTab	closePanel	X	
Sources/SocketHandlers/BrowserQueryHandlers.swift	1742	browserTab	browserPanel	X	
Sources/SocketHandlers/DebugHandlers.swift	34	tabId	panelId	X	
Sources/SocketHandlers/DebugHandlers.swift	36	tabId	panelId	X	
Sources/SocketHandlers/DebugHandlers.swift	37	tabId	panelId	X	
Sources/SocketHandlers/DebugHandlers.swift	44	tabId	panelId	X	
Sources/SocketHandlers/DebugHandlers.swift	74	v2DebugOpenCommandPaletteRenameTabInput	v2DebugOpenCommandPaletteRenamePanelInput	X	
Sources/SocketHandlers/DebugHandlers.swift	96	browserTab	browserPanel	X	
Sources/SocketHandlers/DebugHandlers.swift	97	browserTab	browserPanel	X	
Sources/SocketHandlers/DebugHandlers.swift	132	v2DebugTabSheetOpen	v2DebugPanelSheetOpen	X	
Sources/SocketHandlers/DebugHandlers.swift	134	v2DebugTabRailOpen	v2DebugPanelRailOpen	X	
Sources/SocketHandlers/DebugHandlers.swift	136	v2DebugTabStripScroll	v2DebugPanelStripScroll	X	
Sources/SocketHandlers/DebugHandlers.swift	138	v2DebugTabSheetHover	v2DebugPanelSheetHover	X	
Sources/SocketHandlers/DebugHandlers.swift	144	v2DebugTabSheetDetail	v2DebugPanelSheetDetail	X	
Sources/SocketHandlers/DebugHandlers.swift	310	tabTitle	panelTitle	X	
Sources/SocketHandlers/DebugHandlers.swift	352	isTabPinned	isPanelPinned	Muse	
Sources/SocketHandlers/DebugHandlers.swift	418	tabID	panelID	X	
Sources/SocketHandlers/DebugHandlers.swift	425	tabID	panelID	X	
Sources/SocketHandlers/DebugHandlers.swift	426	tabID	panelID	X	
Sources/SocketHandlers/DebugHandlers.swift	429	tabID	panelID	X	
Sources/SocketHandlers/DebugHandlers.swift	432	tabID	panelID	X	
Sources/SocketHandlers/DebugHandlers.swift	517	tabId	panelId	X	
Sources/SocketHandlers/DebugHandlers.swift	522	tabId	panelId	X	
Sources/SocketHandlers/DebugHandlers.swift	524	tabId	panelId	X	
Sources/SocketHandlers/DebugHandlers.swift	543	tabId	panelId	X	
Sources/SocketHandlers/DebugHandlers.swift	548	tabId	panelId	X	
Sources/SocketHandlers/DebugHandlers.swift	550	tabId	panelId	X	
Sources/SocketHandlers/DebugHandlers.swift	588	v2DebugOpenCommandPaletteRenameTabInput	v2DebugOpenCommandPaletteRenamePanelInput	X	
Sources/SocketHandlers/DebugHandlers.swift	609	commandPaletteRenameTabRequested	commandPaletteRenamePanelRequested	X	
Sources/SocketHandlers/DebugHandlers.swift	1005	v2DebugTabSheetDetail	v2DebugPanelSheetDetail	X	
Sources/SocketHandlers/DebugHandlers.swift	1011	tabSheetDetail	panelSheetDetail	X	
Sources/SocketHandlers/DebugHandlers.swift	1033	v2DebugTabSheetOpen	v2DebugPanelSheetOpen	X	
Sources/SocketHandlers/DebugHandlers.swift	1055	v2DebugTabRailOpen	v2DebugPanelRailOpen	X	
Sources/SocketHandlers/DebugHandlers.swift	1070	v2DebugTabStripScroll	v2DebugPanelStripScroll	X	
Sources/SocketHandlers/DebugHandlers.swift	1086	v2DebugTabSheetHover	v2DebugPanelSheetHover	X	
Sources/SocketHandlers/FeedHandlers.swift	57	tabID	panelID	X	
Sources/SocketHandlers/FeedHandlers.swift	57	tabRaw	panelRaw	X	
Sources/SocketHandlers/FeedHandlers.swift	69	tabID	panelID	X	
Sources/SocketHandlers/FeedHandlers.swift	70	tabID	panelID	X	
Sources/SocketHandlers/FeedHandlers.swift	71	tabID	panelID	X	
Sources/SocketHandlers/FeedHandlers.swift	75	tabID	panelID	X	
Sources/SocketHandlers/FeedHandlers.swift	96	tabID	panelID	X	
Sources/SocketHandlers/FeedHandlers.swift	100	tabID	panelID	X	
Sources/SocketHandlers/FeedHandlers.swift	105	tabID	panelID	X	
Sources/SocketHandlers/FeedHandlers.swift	106	tabID	panelID	X	
Sources/SocketHandlers/FeedHandlers.swift	119	tabRaw	panelRaw	X	
Sources/SocketHandlers/FeedHandlers.swift	120	tabID	panelID	X	
Sources/SocketHandlers/FeedHandlers.swift	120	tabRaw	panelRaw	X	
Sources/SocketHandlers/FeedHandlers.swift	156	tabID	panelID	X	
Sources/SocketHandlers/FeedHandlers.swift	158	tabID	panelID	X	
Sources/SocketHandlers/FeedHandlers.swift	164	tabID	panelID	X	
Sources/SocketHandlers/FeedHandlers.swift	172	tabID	panelID	X	
Sources/SocketHandlers/FeedHandlers.swift	232	tabID	panelID	X	
Sources/SocketHandlers/FeedHandlers.swift	245	tabID	panelID	X	
Sources/SocketHandlers/FeedHandlers.swift	280	tabID	panelID	X	
Sources/SocketHandlers/FeedHandlers.swift	284	tabID	panelID	X	
Sources/SocketHandlers/FeedHandlers.swift	294	tabID	panelID	X	
Sources/SocketHandlers/FeedHandlers.swift	294	tabId	panelId	X	
Sources/SocketHandlers/FeedHandlers.swift	295	tabID	panelID	X	
Sources/SocketHandlers/FeedHandlers.swift	314	tabID	panelID	X	
Sources/SocketHandlers/FeedHandlers.swift	315	tabID	panelID	X	
Sources/SocketHandlers/FeedHandlers.swift	316	tabID	panelID	X	
Sources/SocketHandlers/FeedHandlers.swift	317	tabID	panelID	X	
Sources/SocketHandlers/FeedHandlers.swift	320	tabID	panelID	X	
Sources/SocketHandlers/FeedHandlers.swift	321	tabID	panelID	X	
Sources/SocketHandlers/FeedHandlers.swift	379	tabID	panelID	X	
Sources/SocketHandlers/FeedHandlers.swift	479	tabID	panelID	X	
Sources/SocketHandlers/FeedHandlers.swift	495	tabID	panelID	X	
Sources/SocketHandlers/FeedHandlers.swift	497	tabID	panelID	X	
Sources/SocketHandlers/FeedHandlers.swift	507	tabID	panelID	X	
Sources/SocketHandlers/FeedHandlers.swift	510	tabID	panelID	X	
Sources/SocketHandlers/FeedHandlers.swift	511	tabID	panelID	X	
Sources/SocketHandlers/FeedHandlers.swift	514	tabID	panelID	X	
Sources/SocketHandlers/FeedHandlers.swift	518	tabID	panelID	X	
Sources/SocketHandlers/HistoryHandlers.swift	76	tabTitle	panelTitle	X	
Sources/SocketHandlers/MiscHandlers.swift	18	v2TabAction	v2PanelAction	X	
Sources/SocketHandlers/MiscHandlers.swift	109	existingTab	existingPanel	L	let existingTab = targetWorkspace.panels.values             .compactMap({ $0 as? BrowserPanel })             .first(where: { tab in
Sources/SocketHandlers/MiscHandlers.swift	111	tab	panel	L	let tab = targetWorkspace.newBrowserSurface(inPane: pane, url: pageURL, focus: false) else {
Sources/SocketHandlers/MiscHandlers.swift	112	tab	panel	L	let tab = targetWorkspace.newBrowserSurface(inPane: pane, url: pageURL, focus: false) else {
Sources/SocketHandlers/MiscHandlers.swift	116	existingTab	existingPanel	L	let existingTab = targetWorkspace.panels.values             .compactMap({ $0 as? BrowserPanel })             .first(where: { tab in
Sources/SocketHandlers/MiscHandlers.swift	120	existingTab	existingPanel	L	let existingTab = targetWorkspace.panels.values             .compactMap({ $0 as? BrowserPanel })             .first(where: { tab in
Sources/SocketHandlers/MiscHandlers.swift	127	tab	panel	L	let tab = targetWorkspace.newBrowserSurface(inPane: pane, url: pageURL, focus: false) else {
Sources/SocketHandlers/MiscHandlers.swift	133	tab	panel	L	let tab = targetWorkspace.newBrowserSurface(inPane: pane, url: pageURL, focus: false) else {
Sources/SocketHandlers/MiscHandlers.swift	138	v2TabAction	v2PanelAction	X	
Sources/SocketHandlers/MiscHandlers.swift	189	v2TabRef	v2PanelRef	X	
Sources/SocketHandlers/MiscHandlers.swift	207	v2TabRef	v2PanelRef	X	
Sources/SocketHandlers/MiscHandlers.swift	228	isTabPinned	isPanelPinned	Muse	
Sources/SocketHandlers/MiscHandlers.swift	237	closeTabs	closePanels	X	
Sources/SocketHandlers/MiscHandlers.swift	242	isTabPinned	isPanelPinned	Muse	
Sources/SocketHandlers/MiscHandlers.swift	249	closeTab	closePanel	X	
Sources/SocketHandlers/MiscHandlers.swift	264	setTabCustomTitle	setPanelCustomTitle	Muse	
Sources/SocketHandlers/MiscHandlers.swift	268	setTabCustomTitle	setPanelCustomTitle	Muse	
Sources/SocketHandlers/MiscHandlers.swift	272	setTabPinned	setPanelPinned	Muse	
Sources/SocketHandlers/MiscHandlers.swift	276	setTabPinned	setPanelPinned	Muse	
Sources/SocketHandlers/MiscHandlers.swift	280	markTabRead	markPanelRead	Muse	
Sources/SocketHandlers/MiscHandlers.swift	284	markTabUnread	markPanelUnread	Muse	
Sources/SocketHandlers/MiscHandlers.swift	317	v2TabRef	v2PanelRef	X	
Sources/SocketHandlers/MiscHandlers.swift	337	v2TabRef	v2PanelRef	X	
Sources/SocketHandlers/MiscHandlers.swift	364	v2TabRef	v2PanelRef	X	
Sources/SocketHandlers/MiscHandlers.swift	379	closeTabs	closePanels	X	
Sources/SocketHandlers/MiscHandlers.swift	394	closeTabs	closePanels	X	
Sources/SocketHandlers/MiscHandlers.swift	406	closeTabs	closePanels	X	
Sources/SocketHandlers/NotificationHandlers.swift	45	tabID	panelID	X	
Sources/SocketHandlers/NotificationHandlers.swift	51	tabID	panelID	X	
Sources/SocketHandlers/NotificationHandlers.swift	54	tabID	panelID	X	
Sources/SocketHandlers/NotificationHandlers.swift	101	tabID	panelID	X	
Sources/SocketHandlers/NotificationHandlers.swift	144	tabID	panelID	X	
Sources/SocketHandlers/NotificationHandlers.swift	200	tabID	panelID	X	
Sources/SocketHandlers/PaneHandlers.swift	178	v2SurfaceTypeDenial	v2PanelTypeDenial	X	
Sources/SocketHandlers/PaneHandlers.swift	255	becameTab	becamePanel	X	
Sources/SocketHandlers/PaneHandlers.swift	258	targetPaneForTab	targetPaneForPanel	X	
Sources/SocketHandlers/PaneHandlers.swift	266	tab	panel	X	
Sources/SocketHandlers/PaneHandlers.swift	267	becameTab	becamePanel	X	
Sources/SocketHandlers/PaneHandlers.swift	269	targetPaneForTab	targetPaneForPanel	X	
Sources/SocketHandlers/PaneHandlers.swift	312	becameTab	becamePanel	X	
Sources/SocketHandlers/PaneHandlers.swift	312	targetPaneForTab	targetPaneForPanel	X	
Sources/SocketHandlers/PaneHandlers.swift	333	becameTab	becamePanel	X	
Sources/SocketHandlers/PaneHandlers.swift	540	closeTab	closePanel	X	
Sources/SocketHandlers/PaneHandlers.swift	543	closeTab	closePanel	X	
Sources/SocketHandlers/PaneHandlers.swift	682	v2SurfaceMove	v2PanelMove	X	
Sources/SocketHandlers/PanelHandlers.swift	0	SurfaceHandlers	PanelHandlers	X	@path
Sources/SocketHandlers/PanelHandlers.swift	71	v2SurfaceList	v2PanelList	X	
Sources/SocketHandlers/PanelHandlers.swift	73	v2SurfaceCurrent	v2PanelCurrent	X	
Sources/SocketHandlers/PanelHandlers.swift	75	v2SurfaceSetCustomColor	v2PanelSetCustomColor	X	
Sources/SocketHandlers/PanelHandlers.swift	77	v2SurfaceFocus	v2PanelFocus	X	
Sources/SocketHandlers/PanelHandlers.swift	79	v2SurfaceSplit	v2PanelSplit	X	
Sources/SocketHandlers/PanelHandlers.swift	81	v2SurfaceCreate	v2PanelCreate	X	
Sources/SocketHandlers/PanelHandlers.swift	83	v2SurfaceClose	v2PanelClose	X	
Sources/SocketHandlers/PanelHandlers.swift	85	v2SurfaceMove	v2PanelMove	X	
Sources/SocketHandlers/PanelHandlers.swift	87	v2SurfaceReorder	v2PanelReorder	X	
Sources/SocketHandlers/PanelHandlers.swift	89	v2SurfaceDragToSplit	v2PanelDragToSplit	X	
Sources/SocketHandlers/PanelHandlers.swift	91	v2SurfaceRefresh	v2PanelRefresh	X	
Sources/SocketHandlers/PanelHandlers.swift	93	v2SurfaceHealth	v2PanelHealth	X	
Sources/SocketHandlers/PanelHandlers.swift	95	v2SurfaceTriggerFlash	v2PanelTriggerFlash	X	
Sources/SocketHandlers/PanelHandlers.swift	97	v2SurfaceCancelFlash	v2PanelCancelFlash	X	
Sources/SocketHandlers/PanelHandlers.swift	99	v2SurfaceSetMetadata	v2PanelSetMetadata	X	
Sources/SocketHandlers/PanelHandlers.swift	101	v2SurfaceGetMetadata	v2PanelGetMetadata	X	
Sources/SocketHandlers/PanelHandlers.swift	103	v2SurfaceClearMetadata	v2PanelClearMetadata	X	
Sources/SocketHandlers/PanelHandlers.swift	105	v2SurfaceGetTitleBarState	v2PanelGetTitleBarState	X	
Sources/SocketHandlers/PanelHandlers.swift	107	v2SurfaceSetTitleBarVisibility	v2PanelSetTitleBarVisibility	X	
Sources/SocketHandlers/PanelHandlers.swift	109	v2SurfaceSetTitleBarCollapsed	v2PanelSetTitleBarCollapsed	X	
Sources/SocketHandlers/PanelHandlers.swift	115	v2SurfaceList	v2PanelList	X	
Sources/SocketHandlers/PanelHandlers.swift	148	tabTitle	panelTitle	X	
Sources/SocketHandlers/PanelHandlers.swift	155	tabCustomColor	panelCustomColor	Muse	
Sources/SocketHandlers/PanelHandlers.swift	211	v2SurfaceCurrent	v2PanelCurrent	X	
Sources/SocketHandlers/PanelHandlers.swift	236	tabCustomColor	panelCustomColor	Muse	
Sources/SocketHandlers/PanelHandlers.swift	246	v2SurfaceSetCustomColor	v2PanelSetCustomColor	X	
Sources/SocketHandlers/PanelHandlers.swift	280	setTabCustomColor	setPanelCustomColor	Muse	
Sources/SocketHandlers/PanelHandlers.swift	283	setTabCustomColor	setPanelCustomColor	Muse	
Sources/SocketHandlers/PanelHandlers.swift	284	tabCustomColor	panelCustomColor	Muse	
Sources/SocketHandlers/PanelHandlers.swift	305	v2SurfaceFocus	v2PanelFocus	X	
Sources/SocketHandlers/PanelHandlers.swift	368	v2SurfaceSplit	v2PanelSplit	X	
Sources/SocketHandlers/PanelHandlers.swift	417	tab	panel	X	
Sources/SocketHandlers/PanelHandlers.swift	436	becameTab	becamePanel	X	
Sources/SocketHandlers/PanelHandlers.swift	457	becameTab	becamePanel	X	
Sources/SocketHandlers/PanelHandlers.swift	467	v2SurfaceCreate	v2PanelCreate	X	
Sources/SocketHandlers/PanelHandlers.swift	473	v2SurfaceTypeDenial	v2PanelTypeDenial	X	
Sources/SocketHandlers/PanelHandlers.swift	600	v2SurfaceClose	v2PanelClose	X	
Sources/SocketHandlers/PanelHandlers.swift	629	closeTab	closePanel	X	
Sources/SocketHandlers/PanelHandlers.swift	635	v2SurfaceDragToSplit	v2PanelDragToSplit	X	
Sources/SocketHandlers/PanelHandlers.swift	683	v2SurfaceMove	v2PanelMove	X	
Sources/SocketHandlers/PanelHandlers.swift	832	v2SurfaceReorder	v2PanelReorder	X	
Sources/SocketHandlers/PanelHandlers.swift	899	v2SurfaceRefresh	v2PanelRefresh	X	
Sources/SocketHandlers/PanelHandlers.swift	922	v2SurfaceHealth	v2PanelHealth	X	
Sources/SocketHandlers/PanelHandlers.swift	973	v2SurfaceSendText	v2PanelSendText	X	
Sources/SocketHandlers/PanelHandlers.swift	1045	expectedTab	expectedPanel	X	
Sources/SocketHandlers/PanelHandlers.swift	1046	currentTab	currentPanel	X	
Sources/SocketHandlers/PanelHandlers.swift	1046	tabId	panelId	X	
Sources/SocketHandlers/PanelHandlers.swift	1126	emitTabInputSent	emitPanelInputSent	X	
Sources/SocketHandlers/PanelHandlers.swift	1128	tabId	panelId	X	
Sources/SocketHandlers/PanelHandlers.swift	1144	v2SurfaceSendKey	v2PanelSendKey	X	
Sources/SocketHandlers/PanelHandlers.swift	1211	emitTabInputSent	emitPanelInputSent	X	
Sources/SocketHandlers/PanelHandlers.swift	1213	tabId	panelId	X	
Sources/SocketHandlers/PanelHandlers.swift	1234	v2SurfaceClearHistory	v2PanelClearHistory	X	
Sources/SocketHandlers/PanelHandlers.swift	1288	v2SurfaceInputState	v2PanelInputState	X	
Sources/SocketHandlers/PanelHandlers.swift	1321	expectedTab	expectedPanel	X	
Sources/SocketHandlers/PanelHandlers.swift	1322	currentTab	currentPanel	X	
Sources/SocketHandlers/PanelHandlers.swift	1322	tabId	panelId	X	
Sources/SocketHandlers/PanelHandlers.swift	1359	v2SurfaceReadSelection	v2PanelReadSelection	X	
Sources/SocketHandlers/PanelHandlers.swift	1391	tabID	panelID	X	
Sources/SocketHandlers/PanelHandlers.swift	1392	tab	panel	X	
Sources/SocketHandlers/PanelHandlers.swift	1392	tabID	panelID	X	
Sources/SocketHandlers/PanelHandlers.swift	1396	tab	panel	X	
Sources/SocketHandlers/PanelHandlers.swift	1403	tabID	panelID	X	
Sources/SocketHandlers/PanelHandlers.swift	1411	tabID	panelID	X	
Sources/SocketHandlers/PanelHandlers.swift	1474	v2SurfaceReadText	v2PanelReadText	X	
Sources/SocketHandlers/PanelHandlers.swift	1605	v2SurfaceGetTitleBarState	v2PanelGetTitleBarState	X	
Sources/SocketHandlers/PanelHandlers.swift	1617	v2SurfaceSetTitleBarVisibility	v2PanelSetTitleBarVisibility	X	
Sources/SocketHandlers/PanelHandlers.swift	1628	v2SurfaceSetTitleBarCollapsed	v2PanelSetTitleBarCollapsed	X	
Sources/SocketHandlers/PanelHandlers.swift	1677	v2SurfaceTargetNotFound	v2PanelTargetNotFound	X	
Sources/SocketHandlers/PanelHandlers.swift	1685	v2SurfaceTriggerFlash	v2PanelTriggerFlash	X	
Sources/SocketHandlers/PanelHandlers.swift	1722	v2SurfaceTargetNotFound	v2PanelTargetNotFound	X	
Sources/SocketHandlers/PanelHandlers.swift	1746	v2SurfaceCancelFlash	v2PanelCancelFlash	X	
Sources/SocketHandlers/PanelHandlers.swift	1754	v2SurfaceTargetNotFound	v2PanelTargetNotFound	X	
Sources/SocketHandlers/PanelHandlers.swift	1797	v2SurfaceSetMetadata	v2PanelSetMetadata	X	
Sources/SocketHandlers/PanelHandlers.swift	1890	v2SurfaceGetMetadata	v2PanelGetMetadata	X	
Sources/SocketHandlers/PanelHandlers.swift	1912	tabID	panelID	X	
Sources/SocketHandlers/PanelHandlers.swift	1937	v2SurfaceClearMetadata	v2PanelClearMetadata	X	
Sources/SocketHandlers/SocketDispatch.swift	108	v2SurfaceSendText	v2PanelSendText	X	
Sources/SocketHandlers/SocketDispatch.swift	110	v2SurfaceSendKey	v2PanelSendKey	X	
Sources/SocketHandlers/SocketDispatch.swift	126	v2SurfaceReadSelection	v2PanelReadSelection	X	
Sources/SocketHandlers/SocketDispatch.swift	128	v2SurfaceInputState	v2PanelInputState	X	
Sources/SocketHandlers/SocketDispatch.swift	130	v2SurfaceReadText	v2PanelReadText	X	
Sources/SocketHandlers/SocketDispatch.swift	132	v2SurfaceClearHistory	v2PanelClearHistory	X	
Sources/SocketHandlers/SocketDispatch.swift	935	seedDragPasteboardTabTransfer	seedDragPasteboardPanelTransfer	X	
Sources/SocketHandlers/SocketDispatch.swift	1570	tabTitle	panelTitle	X	
Sources/SocketHandlers/SocketDispatch.swift	1686	tabId	panelId	X	
Sources/SocketHandlers/SocketDispatch.swift	1686	tabRaw	panelRaw	X	
Sources/SocketHandlers/SocketDispatch.swift	1692	tabId	panelId	X	
Sources/SocketHandlers/SocketDispatch.swift	1693	tabId	panelId	X	
Sources/SocketHandlers/SystemHandlers.swift	385	v2TabRef	v2PanelRef	X	
Sources/SocketHandlers/SystemHandlers.swift	420	v2TabRef	v2PanelRef	X	
Sources/TabActivitySignals.swift	60	TabSheetClockText	PanelSheetClockText	T	
Sources/TabSheetDetail.swift	7	TabSheetDetailBuilder	PanelSheetDetailBuilder	T	
Sources/TabSheetDetail.swift	69	TabSheetClockText	PanelSheetClockText	T	
Sources/TabSheetDetail.swift	92	TabSheetClockText	PanelSheetClockText	T	
Sources/TabSheetDetail.swift	95	TabSheetClockText	PanelSheetClockText	T	
Sources/TabSheetDetail.swift	279	TabSheetClockText	PanelSheetClockText	T	
Sources/TabSheetDetail.swift	349	TabSheetStatusEntry	PanelSheetStatusEntry	T	
Sources/TabSheetDetail.swift	360	tabSheetDetail	panelSheetDetail	X	
Sources/TabSheetDetail.swift	367	resolvedSurfaceTabActivityState	resolvedSurfacePanelActivityState	X	
Sources/TabSheetDetail.swift	370	recordTabSheetStatusTransition	recordPanelSheetStatusTransition	X	
Sources/TabSheetDetail.swift	371	TabSheetDetailBuilder	PanelSheetDetailBuilder	T	
Sources/TabSheetDetail.swift	372	tabSheetStatusEntered	panelSheetStatusEntered	Muse	
Sources/TabSheetDetail.swift	376	resolvedTabTitle	resolvedPanelTitle	Muse	
Sources/TabSheetDetail.swift	392	tabSheetSignals	panelSheetSignals	Muse	
Sources/TabSheetDetail.swift	395	tabID	panelID	X	
Sources/TabSheetDetail.swift	407	tabID	panelID	X	
Sources/TabSheetDetail.swift	415	TabSheetDetailBuilder	PanelSheetDetailBuilder	T	
Sources/TabSheetDetail.swift	455	tabSheetSignals	panelSheetSignals	M	owner=Workspace; func tabSheetSignals(         panel: any Panel,         panelId: UUID,         terminalKind: String?
Sources/TabSheetDetail.swift	470	TabSheetDetailBuilder	PanelSheetDetailBuilder	T	
Sources/TabSheetDetail.swift	475	TabSheetDetailBuilder	PanelSheetDetailBuilder	T	
Sources/TabSheetDetail.swift	495	syncSurfaceTabDetailForTab	syncSurfacePanelDetailForPanel	M	owner=Workspace; func syncSurfaceTabDetailForTab(_ panelId: UUID)
Sources/TabSheetDetail.swift	504	tabSheetDetail	panelSheetDetail	X	
Sources/TabSheetDetail.swift	505	TabSheetDetailBuilder	PanelSheetDetailBuilder	T	
Sources/TabSheetDetail.swift	506	TabSheetDetailBuilder	PanelSheetDetailBuilder	T	
Sources/TabSheetDetail.swift	518	recordTabSheetStatusTransition	recordPanelSheetStatusTransition	X	
Sources/TabSheetDetail.swift	519	TabSheetDetailBuilder	PanelSheetDetailBuilder	T	
Sources/TabSheetDetail.swift	520	tabSheetStatusEntered	panelSheetStatusEntered	Muse	
Sources/TabSheetDetail.swift	523	tabSheetStatusEntered	panelSheetStatusEntered	Muse	
Sources/TabSheetDetail.swift	528	TabSheetDetailBuilder	PanelSheetDetailBuilder	T	
Sources/TabSheetDetail.swift	537	TabSheetStatusEntry	PanelSheetStatusEntry	T	
Sources/TabSheetDetail.swift	537	tabSheetStatusEntered	panelSheetStatusEntered	Muse	
Sources/TabSheetDetail.swift	543	tabDetailReplacingTitle	panelDetailReplacingTitle	X	
Sources/TabSheetDetail.swift	545	TabSheetDetailBuilder	PanelSheetDetailBuilder	T	
Sources/TabSheetDetail.swift	549	installTabSheetDetailProviders	installPanelSheetDetailProviders	X	
Sources/TabSheetDetail.swift	552	tabSheetDetail	panelSheetDetail	X	
Sources/TabSheetDetail.swift	555	TabSheetDetailBuilder	PanelSheetDetailBuilder	T	
Sources/TabSheetDetail.swift	559	TabSheetDetailBuilder	PanelSheetDetailBuilder	T	
Sources/TerminalController.swift	2276	socketCallerTabId	socketCallerPanelId	X	
Sources/TerminalController.swift	2282	tabDevice	panelDevice	X	
Sources/TerminalController.swift	2283	tabDevice	panelDevice	X	
Sources/TerminalController.swift	2637	tabIndex	panelIndex	X	
Sources/TerminalController.swift	2640	tabIndex	panelIndex	X	
Sources/TerminalController.swift	2656	tabTitle	panelTitle	X	
Sources/TerminalController.swift	2952	v2TabRef	v2PanelRef	X	
Sources/TerminalController.swift	3305	v2SurfaceTypeDenial	v2PanelTypeDenial	X	
Sources/TerminalController.swift	3506	tab	panel	X	
Sources/TerminalController.swift	3537	tab	panel	X	
Sources/TerminalController.swift	3562	becameTab	becamePanel	X	
Sources/TerminalController.swift	3567	becameTab	becamePanel	X	
Sources/TerminalController.swift	3593	tabId	panelId	X	
Sources/TerminalController.swift	3697	tabTitle	panelTitle	X	
Sources/TerminalController.swift	3704	tabTitle	panelTitle	X	
Sources/TerminalController.swift	3720	tabId	panelId	X	
Sources/TerminalController.swift	3768	tabTitle	panelTitle	X	
Sources/TerminalController.swift	3781	tabTitle	panelTitle	X	
Sources/TerminalController.swift	3870	emitTabInputSent	emitPanelInputSent	X	
Sources/TerminalController.swift	4363	syncTabTitleFromMetadata	syncPanelTitleFromMetadata	Muse	
Sources/TerminalController.swift	4377	syncSurfaceTabActivityStateForTab	syncSurfacePanelActivityStateForPanel	Muse	
Sources/TerminalController.swift	4380	syncSurfaceTabDetailForTab	syncSurfacePanelDetailForPanel	Muse	
Sources/TerminalController.swift	4383	syncTabIconFromMetadata	syncPanelIconFromMetadata	Muse	
Sources/TerminalController.swift	4386	syncTabColorFromMetadata	syncPanelColorFromMetadata	Muse	
Sources/TerminalController.swift	5435	seedDragPasteboardTabTransfer	seedDragPasteboardPanelTransfer	X	
Sources/TerminalController.swift	8819	tabId	panelId	X	
Sources/TerminalController.swift	8834	tabId	panelId	X	
Sources/TerminalController.swift	8877	tabId	panelId	X	
Sources/TerminalController.swift	9347	updateTabPullRequest	updatePanelPullRequest	Muse	
Sources/TerminalController.swift	9366	clearTabPullRequest	clearPanelPullRequest	Muse	
Sources/TerminalController.swift	10098	closeTab	closePanel	X	
Sources/TerminalNotificationStore.swift	775	tabID	panelID	X	
Sources/TerminalNotificationStore.swift	776	tabID	panelID	X	
Sources/TerminalNotificationStore.swift	1041	syncSurfaceTabActivityStates	syncSurfacePanelActivityStates	X	
Sources/TextBoxInput.swift	346	tabTitlePattern	panelTitlePattern	X	
Sources/TextBoxInput.swift	360	tabTitlePattern	panelTitlePattern	X	
Sources/TextBoxInput.swift	852	tabID	panelID	X	
Sources/Update/UpdateTitlebarAccessory.swift	1028	selectedTabID	selectedPanelID	X	
Sources/Update/UpdateTitlebarAccessory.swift	1028	tabID	panelID	X	
Sources/Update/UpdateTitlebarAccessory.swift	1031	tabID	panelID	X	
Sources/Update/UpdateTitlebarAccessory.swift	1033	tabID	panelID	X	
Sources/Update/UpdateTitlebarAccessory.swift	1033	tabTitle	panelTitle	X	
Sources/Update/UpdateTitlebarAccessory.swift	1038	tabID	panelID	X	
Sources/Update/UpdateTitlebarAccessory.swift	1039	tabID	panelID	X	
Sources/Workspace.swift	0	tabId	panelId	F	curated @fix row
Sources/Workspace.swift	295	syncSurfaceTabActivityStates	syncSurfacePanelActivityStates	X	
Sources/Workspace.swift	857	tabTitle	panelTitle	X	
Sources/Workspace.swift	979	tabTitle	panelTitle	X	
Sources/Workspace.swift	1106	closeTab	closePanel	X	
Sources/Workspace.swift	1214	setTabCustomTitle	setPanelCustomTitle	Muse	
Sources/Workspace.swift	1215	setTabCustomColor	setPanelCustomColor	Muse	
Sources/Workspace.swift	1216	setTabPinned	setPanelPinned	Muse	
Sources/Workspace.swift	1219	markTabUnread	markPanelUnread	Muse	
Sources/Workspace.swift	1225	updateTabDirectory	updatePanelDirectory	Muse	
Sources/Workspace.swift	4652	paneTabs	panePanels	X	
Sources/Workspace.swift	4659	paneTabs	panePanels	X	
Sources/Workspace.swift	4785	originalTabIndex	originalPanelIndex	M	owner=ClosedBrowserPanelRestoreSnapshot; let originalTabIndex: Int
Sources/Workspace.swift	4842	TabOrdinalDisplayObserver	PanelOrdinalDisplayObserver	T	
Sources/Workspace.swift	4842	tabOrdinalDisplayObserver	panelOrdinalDisplayObserver	M	owner=Workspace; private var tabOrdinalDisplayObserver: TabOrdinalDisplayObserver?
Sources/Workspace.swift	4843	TabLayoutObserver	PanelLayoutObserver	T	
Sources/Workspace.swift	4843	tabLayoutObserver	panelLayoutObserver	M	owner=Workspace; private var tabLayoutObserver: TabLayoutObserver?
Sources/Workspace.swift	4861	tabID	panelID	X	
Sources/Workspace.swift	4862	tabID	panelID	X	
Sources/Workspace.swift	4864	tabID	panelID	X	
Sources/Workspace.swift	4866	tabID	panelID	X	
Sources/Workspace.swift	4867	journalByTab	journalByPanel	Muse	
Sources/Workspace.swift	4867	tabID	panelID	X	
Sources/Workspace.swift	4871	journalByTab	journalByPanel	M	owner=Workspace; private(set) var journalByTab: [UUID: JournalSnapshot] = [:]
Sources/Workspace.swift	4873	forTab	forPanel	X	
Sources/Workspace.swift	4873	tabID	panelID	X	
Sources/Workspace.swift	4874	tabID	panelID	X	
Sources/Workspace.swift	4875	journalByTab	journalByPanel	Muse	
Sources/Workspace.swift	4875	tabID	panelID	X	
Sources/Workspace.swift	4876	syncSurfaceTabActivityStateForTab	syncSurfacePanelActivityStateForPanel	Muse	
Sources/Workspace.swift	4876	tabID	panelID	X	
Sources/Workspace.swift	5044	TabSheetStatusEntry	PanelSheetStatusEntry	T	
Sources/Workspace.swift	5044	tabSheetStatusEntered	panelSheetStatusEntered	M	owner=Workspace; var tabSheetStatusEntered: [UUID: TabSheetStatusEntry] = [:]
Sources/Workspace.swift	5122	agentPIDTabs	agentPIDPanels	M	owner=Workspace; private var agentPIDTabs: [String: (pid: pid_t, tabId: UUID)] = [:]
Sources/Workspace.swift	5122	tabId	panelId	X	
Sources/Workspace.swift	5124	tabId	panelId	X	
Sources/Workspace.swift	5126	tabId	panelId	X	
Sources/Workspace.swift	5127	agentPIDTabs	agentPIDPanels	Muse	
Sources/Workspace.swift	5127	tabId	panelId	X	
Sources/Workspace.swift	5129	agentPIDTabs	agentPIDPanels	Muse	
Sources/Workspace.swift	5136	agentPIDTabs	agentPIDPanels	Muse	
Sources/Workspace.swift	5143	agentPIDTabs	agentPIDPanels	Muse	
Sources/Workspace.swift	5438	applyTabOrdinalDisplay	applyPanelOrdinalDisplay	X	
Sources/Workspace.swift	5439	TabOrdinalDisplaySettings	PanelOrdinalDisplaySettings	T	
Sources/Workspace.swift	5447	applyTabLayout	applyPanelLayout	X	
Sources/Workspace.swift	5448	TabLayoutSettings	PanelLayoutSettings	T	
Sources/Workspace.swift	5453	TabRailTipCenter	PanelRailTipCenter	T	
Sources/Workspace.swift	5550	syncSurfaceTabActivityStates	syncSurfacePanelActivityStates	X	
Sources/Workspace.swift	5609	TabOrdinalDisplaySettings	PanelOrdinalDisplaySettings	T	
Sources/Workspace.swift	5610	TabLayoutSettings	PanelLayoutSettings	T	
Sources/Workspace.swift	5656	TabOrdinalDisplayObserver	PanelOrdinalDisplayObserver	T	
Sources/Workspace.swift	5656	tabOrdinalDisplayObserver	panelOrdinalDisplayObserver	Muse	
Sources/Workspace.swift	5657	applyTabOrdinalDisplay	applyPanelOrdinalDisplay	X	
Sources/Workspace.swift	5667	TabLayoutObserver	PanelLayoutObserver	T	
Sources/Workspace.swift	5667	tabLayoutObserver	panelLayoutObserver	Muse	
Sources/Workspace.swift	5668	applyTabLayout	applyPanelLayout	X	
Sources/Workspace.swift	5671	TabLayoutSettings	PanelLayoutSettings	T	
Sources/Workspace.swift	5672	applyTabLayout	applyPanelLayout	X	
Sources/Workspace.swift	5679	TabRailTipCenter	PanelRailTipCenter	T	
Sources/Workspace.swift	5683	TabRailTipCenter	PanelRailTipCenter	T	
Sources/Workspace.swift	5687	TabRailTipCenter	PanelRailTipCenter	T	
Sources/Workspace.swift	5691	TabRailTipCenter	PanelRailTipCenter	T	
Sources/Workspace.swift	5711	tabID	panelID	X	
Sources/Workspace.swift	5744	installTabSheetDetailProviders	installPanelSheetDetailProviders	X	
Sources/Workspace.swift	6031	tabId	panelId	X	
Sources/Workspace.swift	6096	terminalTab	terminalPanel	X	
Sources/Workspace.swift	6149	terminalTab	terminalPanel	X	
Sources/Workspace.swift	6180	tabStillThere	panelStillThere	L	let tabStillThere = (self?.panels[surfaceId] as? TerminalPanel) != nil
Sources/Workspace.swift	6181	tabStillThere	panelStillThere	L	let tabStillThere = (self?.panels[surfaceId] as? TerminalPanel) != nil
Sources/Workspace.swift	6196	tabStillThere	panelStillThere	L	let tabStillThere = (self?.panels[surfaceId] as? TerminalPanel) != nil
Sources/Workspace.swift	6224	tabTTYName	panelTTYName	X	
Sources/Workspace.swift	6237	terminalTab terminalPanel	terminalPanel	X	
Sources/Workspace.swift	6337	isApplyingTabSelection	isApplyingPanelSelection	X	
Sources/Workspace.swift	6338	PendingTabSelectionRequest	PendingPanelSelectionRequest	T	
Sources/Workspace.swift	6345	PendingTabSelectionRequest	PendingPanelSelectionRequest	T	
Sources/Workspace.swift	6345	pendingTabSelection	pendingPanelSelection	M	owner=Workspace; private var pendingTabSelection: PendingTabSelectionRequest?
Sources/Workspace.swift	6350	debugLastDidMoveTabTimestamp	debugLastDidMovePanelTimestamp	X	
Sources/Workspace.swift	6351	debugDidMoveTabEventCount	debugDidMovePanelEventCount	X	
Sources/Workspace.swift	6369	isNormalizingPinnedTabOrder	isNormalizingPinnedPanelOrder	X	
Sources/Workspace.swift	6393	tabIcon	panelIcon	M	owner=DetachedPanelTransfer; let tabIcon: String?
Sources/Workspace.swift	6394	tabIconSource	panelIconSource	M	owner=DetachedPanelTransfer; let tabIconSource: MetadataSource?
Sources/Workspace.swift	6396	tabColorSource	panelColorSource	M	owner=DetachedPanelTransfer; let tabColorSource: MetadataSource?
Sources/Workspace.swift	6407	TabSheetStatusEntry	PanelSheetStatusEntry	T	
Sources/Workspace.swift	6407	tabSheetStatusEntered	panelSheetStatusEntered	M	owner=DetachedPanelTransfer; let tabSheetStatusEntered: TabSheetStatusEntry?
Sources/Workspace.swift	6445	paneIdForTab	paneIdForPanel	M	owner=Workspace; func paneIdForTab(_ panelId: UUID) -> PaneID?
Sources/Workspace.swift	6501	resolvedTabTitle	resolvedPanelTitle	Muse	
Sources/Workspace.swift	6516	tabDetailReplacingTitle	panelDetailReplacingTitle	X	
Sources/Workspace.swift	6572	syncTabTitleFromMetadata	syncPanelTitleFromMetadata	Muse	
Sources/Workspace.swift	6600	syncTabTitleFromMetadata	syncPanelTitleFromMetadata	Muse	
Sources/Workspace.swift	6610	resolvedTabTitle	resolvedPanelTitle	Muse	
Sources/Workspace.swift	6617	tabDetailReplacingTitle	panelDetailReplacingTitle	X	
Sources/Workspace.swift	6726	tabKind	panelKindName	X	
Sources/Workspace.swift	6737	resolvedTabTitle	resolvedPanelTitle	M	owner=Workspace; func resolvedTabTitle(panelId: UUID, fallback: String) -> String
Sources/Workspace.swift	6747	syncPinnedStateForTab	syncPinnedStateForPanel	X	
Sources/Workspace.swift	6752	tabKind	panelKindName	X	
Sources/Workspace.swift	6783	syncSurfaceTabActivityStateForTab	syncSurfacePanelActivityStateForPanel	Muse	
Sources/Workspace.swift	6790	resolvedSurfaceTabActivityState	resolvedSurfacePanelActivityState	X	
Sources/Workspace.swift	6798	journalByTab	journalByPanel	Muse	
Sources/Workspace.swift	6807	resolvedSurfaceTabActivityPresentation	resolvedSurfacePanelActivityPresentation	X	
Sources/Workspace.swift	6868	journalByTab	journalByPanel	Muse	
Sources/Workspace.swift	6878	resolvedSurfaceTabActivityState	resolvedSurfacePanelActivityState	X	
Sources/Workspace.swift	6893	syncSurfaceTabActivityStateForTab	syncSurfacePanelActivityStateForPanel	M	owner=Workspace; func syncSurfaceTabActivityStateForTab(         _ panelId: UUID,         hasExactSurfaceNotification
Sources/Workspace.swift	6900	resolvedSurfaceTabActivityState	resolvedSurfacePanelActivityState	X	
Sources/Workspace.swift	6904	resolvedSurfaceTabActivityPresentation	resolvedSurfacePanelActivityPresentation	X	
Sources/Workspace.swift	6909	recordTabSheetStatusTransition	recordPanelSheetStatusTransition	X	
Sources/Workspace.swift	6910	syncSurfaceTabDetailForTab	syncSurfacePanelDetailForPanel	Muse	
Sources/Workspace.swift	6922	syncSurfaceTabActivityStates	syncSurfacePanelActivityStates	X	
Sources/Workspace.swift	6924	syncSurfaceTabActivityStateForTab	syncSurfacePanelActivityStateForPanel	Muse	
Sources/Workspace.swift	6928	syncUnreadBadgeStateForTab	syncUnreadBadgeStateForPanel	M	owner=Workspace; func syncUnreadBadgeStateForTab(_ panelId: UUID)
Sources/Workspace.swift	6929	syncSurfaceTabActivityStateForTab	syncSurfacePanelActivityStateForPanel	Muse	
Sources/Workspace.swift	6932	normalizePinnedTabs	normalizePinnedPanels	X	
Sources/Workspace.swift	6933	isNormalizingPinnedTabOrder	isNormalizingPinnedPanelOrder	X	
Sources/Workspace.swift	6934	isNormalizingPinnedTabOrder	isNormalizingPinnedPanelOrder	X	
Sources/Workspace.swift	6935	isNormalizingPinnedTabOrder	isNormalizingPinnedPanelOrder	X	
Sources/Workspace.swift	6969	setTabCustomTitle	setPanelCustomTitle	M	owner=Workspace; func setTabCustomTitle(panelId: UUID, title: String?)
Sources/Workspace.swift	6996	syncTabTitleFromMetadata	syncPanelTitleFromMetadata	Muse	
Sources/Workspace.swift	7008	setTabCustomColor	setPanelCustomColor	M	owner=Workspace; func setTabCustomColor(panelId: UUID, color: String?, mirrorToMetadata: Bool = true)
Sources/Workspace.swift	7028	mirrorTabColorToMetadata	mirrorPanelColorToMetadata	Muse	
Sources/Workspace.swift	7035	mirrorTabColorToMetadata	mirrorPanelColorToMetadata	M	owner=Workspace; func mirrorTabColorToMetadata(panelId: UUID)
Sources/Workspace.swift	7060	syncTabColorFromMetadata	syncPanelColorFromMetadata	M	owner=Workspace; func syncTabColorFromMetadata(panelId: UUID)
Sources/Workspace.swift	7063	setTabCustomColor	setPanelCustomColor	Muse	
Sources/Workspace.swift	7067	syncTabIconFromMetadata	syncPanelIconFromMetadata	M	owner=Workspace; func syncTabIconFromMetadata(panelId: UUID)
Sources/Workspace.swift	7078	tabIcon	panelIcon	M	owner=Workspace; func tabIcon(panelId: UUID) -> String?
Sources/Workspace.swift	7087	tabCustomColor	panelCustomColor	M	owner=Workspace; func tabCustomColor(panelId: UUID) -> String?
Sources/Workspace.swift	7091	isTabPinned	isPanelPinned	M	owner=Workspace; func isTabPinned(_ panelId: UUID) -> Bool
Sources/Workspace.swift	7097	tabKind	panelKindName	X	
Sources/Workspace.swift	7142	tabTitle	panelTitle	X	
Sources/Workspace.swift	7145	resolvedTabTitle	resolvedPanelTitle	Muse	
Sources/Workspace.swift	7148	setTabPinned	setPanelPinned	M	owner=Workspace; func setTabPinned(panelId: UUID, pinned: Bool)
Sources/Workspace.swift	7161	normalizePinnedTabs	normalizePinnedPanels	X	
Sources/Workspace.swift	7164	markTabUnread	markPanelUnread	M	owner=Workspace; func markTabUnread(_ panelId: UUID)
Sources/Workspace.swift	7168	syncUnreadBadgeStateForTab	syncUnreadBadgeStateForPanel	Muse	
Sources/Workspace.swift	7171	markTabRead	markPanelRead	M	owner=Workspace; func markTabRead(_ panelId: UUID)
Sources/Workspace.swift	7181	syncUnreadBadgeStateForTab	syncUnreadBadgeStateForPanel	Muse	
Sources/Workspace.swift	7190	sameTabGraceInterval	samePanelGraceInterval	X	
Sources/Workspace.swift	7199	sameTabGraceInterval	samePanelGraceInterval	X	
Sources/Workspace.swift	7338	updateTabDirectory	updatePanelDirectory	M	owner=Workspace; func updateTabDirectory(panelId: UUID, directory: String)
Sources/Workspace.swift	7406	syncSurfaceTabActivityStateForTab	syncSurfacePanelActivityStateForPanel	Muse	
Sources/Workspace.swift	7426	syncSurfaceTabActivityStateForTab	syncSurfacePanelActivityStateForPanel	Muse	
Sources/Workspace.swift	7449	syncSurfaceTabActivityStateForTab	syncSurfacePanelActivityStateForPanel	Muse	
Sources/Workspace.swift	7469	tabNeedsConfirmClose	panelNeedsConfirmClose	M	owner=Workspace; func tabNeedsConfirmClose(panelId: UUID, fallbackNeedsConfirmClose: Bool) -> Bool
Sources/Workspace.swift	7476	updateTabGitBranch	updatePanelGitBranch	M	owner=Workspace; func updateTabGitBranch(panelId: UUID, branch: String, isDirty: Bool)
Sources/Workspace.swift	7494	clearTabGitBranch	clearPanelGitBranch	M	owner=Workspace; func clearTabGitBranch(panelId: UUID)
Sources/Workspace.swift	7507	updateTabGitContext	updatePanelGitContext	M	owner=Workspace; func updateTabGitContext(panelId: UUID, context: ResolvedGitContext?)
Sources/Workspace.swift	7515	clearTabGitContext	clearPanelGitContext	M	owner=Workspace; func clearTabGitContext(panelId: UUID)
Sources/Workspace.swift	7519	updateTabPullRequest	updatePanelPullRequest	M	owner=Workspace; func updateTabPullRequest(         panelId: UUID,         number: Int,         label: String,       
Sources/Workspace.swift	7576	clearTabPullRequest	clearPanelPullRequest	M	owner=Workspace; func clearTabPullRequest(panelId: UUID)
Sources/Workspace.swift	7613	updateTabTitle	updatePanelTitle	Muse	
Sources/Workspace.swift	7637	updateTabTitle	updatePanelTitle	M	owner=Workspace; func updateTabTitle(panelId: UUID, title: String) -> Bool
Sources/Workspace.swift	7652	resolvedTabTitle	resolvedPanelTitle	Muse	
Sources/Workspace.swift	7657	tabDetailReplacingTitle	panelDetailReplacingTitle	X	
Sources/Workspace.swift	7820	syncTabTitleFromMetadata	syncPanelTitleFromMetadata	M	owner=Workspace; func syncTabTitleFromMetadata(panelId: UUID)
Sources/Workspace.swift	7842	resolvedTabTitle	resolvedPanelTitle	Muse	
Sources/Workspace.swift	7847	tabDetailReplacingTitle	panelDetailReplacingTitle	X	
Sources/Workspace.swift	7849	resolvedTabTitle	resolvedPanelTitle	Muse	
Sources/Workspace.swift	8002	mirrorTabColorToMetadata	mirrorPanelColorToMetadata	Muse	
Sources/Workspace.swift	8003	syncTabIconFromMetadata	syncPanelIconFromMetadata	Muse	
Sources/Workspace.swift	8093	tabSheetStatusEntered	panelSheetStatusEntered	Muse	
Sources/Workspace.swift	8106	paneTabs	panePanels	X	
Sources/Workspace.swift	8119	paneTabs	panePanels	X	
Sources/Workspace.swift	8768	paneIdForTab	paneIdForPanel	Muse	
Sources/Workspace.swift	8832	paneIdForTab	paneIdForPanel	Muse	
Sources/Workspace.swift	8934	shouldFocusNewTab	shouldFocusNewPanel	X	
Sources/Workspace.swift	8993	shouldFocusNewTab	shouldFocusNewPanel	X	
Sources/Workspace.swift	8997	applyTabSelection	applyPanelSelection	X	
Sources/Workspace.swift	9097	paneIdForTab	paneIdForPanel	Muse	
Sources/Workspace.swift	9187	shouldFocusNewTab	shouldFocusNewPanel	X	
Sources/Workspace.swift	9239	shouldFocusNewTab	shouldFocusNewPanel	X	
Sources/Workspace.swift	9243	applyTabSelection	applyPanelSelection	X	
Sources/Workspace.swift	9265	paneIdForTab	paneIdForPanel	Muse	
Sources/Workspace.swift	9319	shouldFocusNewTab	shouldFocusNewPanel	X	
Sources/Workspace.swift	9348	shouldFocusNewTab	shouldFocusNewPanel	X	
Sources/Workspace.swift	9351	applyTabSelection	applyPanelSelection	X	
Sources/Workspace.swift	9418	closeTab	closePanel	X	
Sources/Workspace.swift	9676	originalTabIndex	originalPanelIndex	Muse	
Sources/Workspace.swift	9782	applyTabSelection	applyPanelSelection	X	
Sources/Workspace.swift	9897	tabColorSource	panelColorSource	Muse	
Sources/Workspace.swift	9900	tabIcon	panelIcon	Muse	
Sources/Workspace.swift	9905	tabIcon	panelIcon	Muse	
Sources/Workspace.swift	9906	tabIconSource	panelIconSource	Muse	
Sources/Workspace.swift	9930	tabSheetStatusEntered	panelSheetStatusEntered	Muse	
Sources/Workspace.swift	9931	tabSheetStatusEntered	panelSheetStatusEntered	Muse	
Sources/Workspace.swift	9978	tabIcon	panelIcon	Muse	
Sources/Workspace.swift	9981	resolvedSurfaceTabActivityPresentation	resolvedSurfacePanelActivityPresentation	X	
Sources/Workspace.swift	10013	syncPinnedStateForTab	syncPinnedStateForPanel	X	
Sources/Workspace.swift	10014	syncSurfaceTabActivityStateForTab	syncSurfacePanelActivityStateForPanel	Muse	
Sources/Workspace.swift	10015	normalizePinnedTabs	normalizePinnedPanels	X	
Sources/Workspace.swift	10021	applyTabSelection	applyPanelSelection	X	
Sources/Workspace.swift	10206	applyTabSelection	applyPanelSelection	X	
Sources/Workspace.swift	10235	isShowingNewTabPage	isShowingNewPanelPage	Muse	
Sources/Workspace.swift	10274	applyTabSelection	applyPanelSelection	X	
Sources/Workspace.swift	10286	applyTabSelection	applyPanelSelection	X	
Sources/Workspace.swift	10296	applyTabSelection	applyPanelSelection	X	
Sources/Workspace.swift	10308	applyTabSelection	applyPanelSelection	X	
Sources/Workspace.swift	10320	applyTabSelection	applyPanelSelection	X	
Sources/Workspace.swift	10364	renameTab	renamePanel	X	
Sources/Workspace.swift	10648	tabNeedsConfirmClose	panelNeedsConfirmClose	Muse	
Sources/Workspace.swift	11372	closeTabs	closePanels	X	
Sources/Workspace.swift	11466	setTabCustomTitle	setPanelCustomTitle	Muse	
Sources/Workspace.swift	11503	setTabCustomTitle	setPanelCustomTitle	Muse	
Sources/Workspace.swift	11835	applyTabSelection	applyPanelSelection	X	
Sources/Workspace.swift	11842	PendingTabSelectionRequest	PendingPanelSelectionRequest	T	
Sources/Workspace.swift	11842	pendingTabSelection	pendingPanelSelection	Muse	
Sources/Workspace.swift	11849	isApplyingTabSelection	isApplyingPanelSelection	X	
Sources/Workspace.swift	11850	isApplyingTabSelection	isApplyingPanelSelection	X	
Sources/Workspace.swift	11852	isApplyingTabSelection	isApplyingPanelSelection	X	
Sources/Workspace.swift	11853	pendingTabSelection	pendingPanelSelection	Muse	
Sources/Workspace.swift	11857	pendingTabSelection	pendingPanelSelection	Muse	
Sources/Workspace.swift	11858	pendingTabSelection	pendingPanelSelection	Muse	
Sources/Workspace.swift	11861	applyTabSelectionNow	applyPanelSelectionNow	X	
Sources/Workspace.swift	11880	applyTabSelectionNow	applyPanelSelectionNow	X	
Sources/Workspace.swift	11951	syncPinnedStateForTab	syncPinnedStateForPanel	X	
Sources/Workspace.swift	11952	syncUnreadBadgeStateForTab	syncUnreadBadgeStateForPanel	Muse	
Sources/Workspace.swift	12261	tabNeedsConfirmClose	panelNeedsConfirmClose	Muse	
Sources/Workspace.swift	12334	resolvedTabTitle	resolvedPanelTitle	Muse	
Sources/Workspace.swift	12337	tabKind	panelKindName	X	
Sources/Workspace.swift	12344	tabIcon	panelIcon	Muse	
Sources/Workspace.swift	12345	tabIconSource	panelIconSource	Muse	
Sources/Workspace.swift	12350	tabColorSource	panelColorSource	Muse	
Sources/Workspace.swift	12370	resolvedSurfaceTabActivityState	resolvedSurfacePanelActivityState	X	
Sources/Workspace.swift	12375	tabSheetStatusEntered	panelSheetStatusEntered	Muse	
Sources/Workspace.swift	12423	tabSheetStatusEntered	panelSheetStatusEntered	Muse	
Sources/Workspace.swift	12446	applyTabSelection	applyPanelSelection	X	
Sources/Workspace.swift	12460	applyTabSelection	applyPanelSelection	X	
Sources/Workspace.swift	12465	applyTabSelection	applyPanelSelection	X	
Sources/Workspace.swift	12469	normalizePinnedTabs	normalizePinnedPanels	X	
Sources/Workspace.swift	12478	applyTabSelection	applyPanelSelection	X	
Sources/Workspace.swift	12479	TabRailTipCenter	PanelRailTipCenter	T	
Sources/Workspace.swift	12486	debugLastDidMoveTabTimestamp	debugLastDidMovePanelTimestamp	X	
Sources/Workspace.swift	12487	debugLastDidMoveTabTimestamp	debugLastDidMovePanelTimestamp	X	
Sources/Workspace.swift	12491	debugLastDidMoveTabTimestamp	debugLastDidMovePanelTimestamp	X	
Sources/Workspace.swift	12492	debugDidMoveTabEventCount	debugDidMovePanelEventCount	X	
Sources/Workspace.swift	12500	debugDidMoveTabEventCount	debugDidMovePanelEventCount	X	
Sources/Workspace.swift	12505	debugDidMoveTabEventCount	debugDidMovePanelEventCount	X	
Sources/Workspace.swift	12509	applyTabSelection	applyPanelSelection	X	
Sources/Workspace.swift	12523	debugDidMoveTabEventCount	debugDidMovePanelEventCount	X	
Sources/Workspace.swift	12528	normalizePinnedTabs	normalizePinnedPanels	X	
Sources/Workspace.swift	12529	normalizePinnedTabs	normalizePinnedPanels	X	
Sources/Workspace.swift	12537	TabRailTipCenter	PanelRailTipCenter	T	
Sources/Workspace.swift	12545	applyTabSelection	applyPanelSelection	X	
Sources/Workspace.swift	12555	TabRailTipCenter	PanelRailTipCenter	T	
Sources/Workspace.swift	12626	applyTabSelection	applyPanelSelection	X	
Sources/Workspace.swift	12645	tabNeedsConfirmClose	panelNeedsConfirmClose	Muse	
Sources/Workspace.swift	12699	normalizePinnedTabs	normalizePinnedPanels	X	
Sources/Workspace.swift	12700	normalizePinnedTabs	normalizePinnedPanels	X	
Sources/Workspace.swift	12785	normalizePinnedTabs	normalizePinnedPanels	X	
Sources/Workspace.swift	12786	normalizePinnedTabs	normalizePinnedPanels	X	
Sources/Workspace.swift	12837	normalizePinnedTabs	normalizePinnedPanels	X	
Sources/Workspace.swift	12880	launchDefaultAgentFromTabBar	launchDefaultAgentFromPanelBar	X	
Sources/Workspace.swift	12882	createNewTabOfFocusedKind	createNewPanelOfFocusedKind	X	
Sources/Workspace.swift	13184	syncTabTitleFromMetadata	syncPanelTitleFromMetadata	Muse	
Sources/Workspace.swift	13185	syncSurfaceTabActivityStateForTab	syncSurfacePanelActivityStateForPanel	Muse	
Sources/Workspace.swift	13243	syncTabTitleFromMetadata	syncPanelTitleFromMetadata	Muse	
Sources/Workspace.swift	13244	syncSurfaceTabActivityStateForTab	syncSurfacePanelActivityStateForPanel	Muse	
Sources/Workspace.swift	13252	launchDefaultAgentFromTabBar	launchDefaultAgentFromPanelBar	X	
Sources/Workspace.swift	13382	paneCloseTabTitle	paneClosePanelTitle	X	
Sources/Workspace.swift	13383	tabCount	panelCount	X	
Sources/Workspace.swift	13384	tabCount	panelCount	X	
Sources/Workspace.swift	13385	tabCount	panelCount	X	
Sources/Workspace.swift	13446	paneCloseTabTitle	paneClosePanelTitle	X	
Sources/Workspace.swift	13455	tabCount	panelCount	X	
Sources/Workspace.swift	13459	tabCount	panelCount	X	
Sources/Workspace.swift	13472	tabCount	panelCount	X	
Sources/Workspace.swift	13473	tabCount	panelCount	X	
Sources/Workspace.swift	13486	tabCount	panelCount	X	
Sources/Workspace.swift	13488	tabCount	panelCount	X	
Sources/Workspace.swift	13494	tabCount	panelCount	X	
Sources/Workspace.swift	13506	tabCount	panelCount	X	
Sources/Workspace.swift	13512	tabCount	panelCount	X	
Sources/Workspace.swift	13528	createNewTabOfFocusedKind	createNewPanelOfFocusedKind	X	
Sources/Workspace.swift	13549	setTabCustomTitle	setPanelCustomTitle	Muse	
Sources/Workspace.swift	13563	closeTabs	closePanels	X	
Sources/Workspace.swift	13565	closeTabs	closePanels	X	
Sources/Workspace.swift	13567	closeTabs	closePanels	X	
Sources/Workspace.swift	13583	setTabPinned	setPanelPinned	Muse	
Sources/Workspace.swift	13589	markTabUnread	markPanelUnread	Muse	
Sources/Workspace.swift	13595	setTabCustomColor	setPanelCustomColor	Muse	
Sources/Workspace.swift	13598	promptCustomTabColor	promptCustomPanelColor	Muse	
Sources/Workspace.swift	13649	setTabCustomColor	setPanelCustomColor	Muse	
Sources/Workspace.swift	13652	promptCustomTabColor	promptCustomPanelColor	M	owner=Workspace; func promptCustomTabColor(panelId: UUID)
Sources/Workspace.swift	13704	setTabCustomColor	setPanelCustomColor	Muse	
Sources/WorkspaceBlueprintMarkdown.swift	345	tabNode	panelNode	X	
Sources/WorkspaceBlueprintMarkdown.swift	346	tabNode	panelNode	X	
Sources/WorkspaceBlueprintMarkdown.swift	405	tabNodes	panelNodes	X	
Sources/WorkspaceBlueprintMarkdown.swift	407	tabNode	panelNode	X	
Sources/WorkspaceBlueprintMarkdown.swift	407	tabNodes	panelNodes	X	
Sources/WorkspaceBlueprintMarkdown.swift	408	tabNode	panelNode	X	
Sources/WorkspaceBlueprintMarkdown.swift	410	tabNode	panelNode	X	
Sources/WorkspaceContentView.swift	135	internalOnlyTabDrag	internalOnlyPanelDrag	X	
Sources/WorkspaceContentView.swift	268	isTabPinned	isPanelPinned	Muse	
Sources/WorkspaceContentView.swift	270	resolvedSurfaceTabActivityState	resolvedSurfacePanelActivityState	X	
Sources/WorkspaceContentView.swift	276	resolvedSurfaceTabActivityPresentation	resolvedSurfacePanelActivityPresentation	X	
Sources/WorkspaceContentView.swift	284	recordTabSheetStatusTransition	recordPanelSheetStatusTransition	X	
Sources/WorkspaceContentView.swift	286	resolvedSurfaceTabActivityState	resolvedSurfacePanelActivityState	X	
Sources/WorkspaceLayoutExecutor.swift	164	paneIdForTab	paneIdForPanel	Muse	
Sources/WorkspaceLayoutExecutor.swift	403	paneIdForTab	paneIdForPanel	Muse	
Sources/WorkspaceLayoutExecutor.swift	807	closeTab	closePanel	X	
Sources/WorkspaceLayoutExecutor.swift	820	setTabCustomTitle	setPanelCustomTitle	Muse	
Sources/WorkspaceLayoutExecutor.swift	842	setTabCustomTitle	setPanelCustomTitle	Muse	
Sources/WorkspaceLayoutExecutor.swift	901	paneIdForTab	paneIdForPanel	Muse	
Sources/WorkspaceLayoutExecutor.swift	1069	syncTabIconFromMetadata	syncPanelIconFromMetadata	Muse	
Sources/WorkspaceLayoutExecutor.swift	1072	syncTabColorFromMetadata	syncPanelColorFromMetadata	Muse	
Sources/WorkspaceLayoutExecutor.swift	1084	paneIdForTab	paneIdForPanel	Muse	
Sources/WorkspaceManager.swift	122	TabOrdinalDisplaySettings	PanelOrdinalDisplaySettings	T	
Sources/WorkspaceManager.swift	123	showSurfaceIdsInTabTitlesKey	showSurfaceIdsInPanelTitlesKey	M	owner=TabOrdinalDisplaySettings; static let showSurfaceIdsInTabTitlesKey = "showSurfaceIdsInTabTitles"
Sources/WorkspaceManager.swift	127	showSurfaceIdsInTabTitlesKey	showSurfaceIdsInPanelTitlesKey	Muse	
Sources/WorkspaceManager.swift	130	showSurfaceIdsInTabTitlesKey	showSurfaceIdsInPanelTitlesKey	Muse	
Sources/WorkspaceManager.swift	137	TabOrdinalDisplayObserver	PanelOrdinalDisplayObserver	T	
Sources/WorkspaceManager.swift	147	TabOrdinalDisplaySettings	PanelOrdinalDisplaySettings	T	
Sources/WorkspaceManager.swift	147	showSurfaceIdsInTabTitlesKey	showSurfaceIdsInPanelTitlesKey	Muse	
Sources/WorkspaceManager.swift	156	TabOrdinalDisplaySettings	PanelOrdinalDisplaySettings	T	
Sources/WorkspaceManager.swift	156	showSurfaceIdsInTabTitlesKey	showSurfaceIdsInPanelTitlesKey	Muse	
Sources/WorkspaceManager.swift	166	TabOrdinalDisplaySettings	PanelOrdinalDisplaySettings	T	
Sources/WorkspaceManager.swift	166	showSurfaceIdsInTabTitlesKey	showSurfaceIdsInPanelTitlesKey	Muse	
Sources/WorkspaceManager.swift	967	socketCallerTabId	socketCallerPanelId	X	
Sources/WorkspaceManager.swift	1024	TabRailTipCenter	PanelRailTipCenter	T	
Sources/WorkspaceManager.swift	1251	enqueueTabTitleUpdate	enqueuePanelTitleUpdate	Muse	
Sources/WorkspaceManager.swift	1263	markTabReadOnFocusIfActive	markPanelReadOnFocusIfActive	Muse	
Sources/WorkspaceManager.swift	1322	tabId	panelId	X	
Sources/WorkspaceManager.swift	1323	tabId	panelId	X	
Sources/WorkspaceManager.swift	1811	updateTabDirectory	updatePanelDirectory	Muse	
Sources/WorkspaceManager.swift	1815	updateTabGitBranch	updatePanelGitBranch	Muse	
Sources/WorkspaceManager.swift	1821	clearTabGitBranch	clearPanelGitBranch	Muse	
Sources/WorkspaceManager.swift	1826	updateTabPullRequest	updatePanelPullRequest	Muse	
Sources/WorkspaceManager.swift	1836	clearTabPullRequest	clearPanelPullRequest	Muse	
Sources/WorkspaceManager.swift	1849	updateTabGitContext	updatePanelGitContext	Muse	
Sources/WorkspaceManager.swift	2550	updateTabDirectory	updatePanelDirectory	Muse	
Sources/WorkspaceManager.swift	2572	updateTabGitBranch	updatePanelGitBranch	Muse	
Sources/WorkspaceManager.swift	2658	clearTabGitBranch	clearPanelGitBranch	Muse	
Sources/WorkspaceManager.swift	2659	clearTabPullRequest	clearPanelPullRequest	Muse	
Sources/WorkspaceManager.swift	2824	canCloseOtherTabsInFocusedPane	canCloseOtherPanelsInFocusedPane	X	
Sources/WorkspaceManager.swift	2825	closeOtherTabsInFocusedAreaPlan	closeOtherPanelsInFocusedAreaPlan	Muse	
Sources/WorkspaceManager.swift	2828	closeOtherTabsInFocusedPaneWithConfirmation	closeOtherPanelsInFocusedPaneWithConfirmation	X	
Sources/WorkspaceManager.swift	2829	closeOtherTabsInFocusedAreaPlan	closeOtherPanelsInFocusedAreaPlan	Muse	
Sources/WorkspaceManager.swift	2850	closeTab	closePanel	X	
Sources/WorkspaceManager.swift	2969	workspaceCloseTakesOneTab	workspaceCloseTakesOnePanel	X	
Sources/WorkspaceManager.swift	2973	CloseOtherTabsInFocusedAreaPlan	CloseOtherPanelsInFocusedAreaPlan	T	
Sources/WorkspaceManager.swift	2985	CloseOtherTabsInFocusedAreaPlan	CloseOtherPanelsInFocusedAreaPlan	T	
Sources/WorkspaceManager.swift	2985	closeOtherTabsInFocusedAreaPlan	closeOtherPanelsInFocusedAreaPlan	M	owner=WorkspaceManager; func closeOtherTabsInFocusedAreaPlan() -> CloseOtherTabsInFocusedAreaPlan?
Sources/WorkspaceManager.swift	3001	isTabPinned	isPanelPinned	Muse	
Sources/WorkspaceManager.swift	3005	closeOtherTabsDisplayTitle	closeOtherPanelsDisplayTitle	X	
Sources/WorkspaceManager.swift	3005	tabTitle	panelTitle	X	
Sources/WorkspaceManager.swift	3009	CloseOtherTabsInFocusedAreaPlan	CloseOtherPanelsInFocusedAreaPlan	T	
Sources/WorkspaceManager.swift	3016	closeOtherTabsDisplayTitle	closeOtherPanelsDisplayTitle	X	
Sources/WorkspaceManager.swift	3115	workspaceCloseTakesOneTab	workspaceCloseTakesOnePanel	X	
Sources/WorkspaceManager.swift	3189	closeTab	closePanel	X	
Sources/WorkspaceManager.swift	3211	tabNeedsConfirmClose	panelNeedsConfirmClose	Muse	
Sources/WorkspaceManager.swift	3256	closeTab	closePanel	X	
Sources/WorkspaceManager.swift	3277	closeTab	closePanel	X	
Sources/WorkspaceManager.swift	3487	unfocusWorkspaceTab	unfocusWorkspacePanel	Muse	
Sources/WorkspaceManager.swift	3517	unfocusWorkspaceTab	unfocusWorkspacePanel	Muse	
Sources/WorkspaceManager.swift	3548	unfocusWorkspaceTab	unfocusWorkspacePanel	M	owner=WorkspaceManager; func unfocusWorkspaceTab(workspaceId: UUID, panelId: UUID)
Sources/WorkspaceManager.swift	3564	markTabReadOnFocusIfActive	markPanelReadOnFocusIfActive	Muse	
Sources/WorkspaceManager.swift	3567	markTabReadOnFocusIfActive	markPanelReadOnFocusIfActive	M	owner=WorkspaceManager; func markTabReadOnFocusIfActive(workspaceId: UUID, panelId: UUID)
Sources/WorkspaceManager.swift	3593	enqueueTabTitleUpdate	enqueuePanelTitleUpdate	M	owner=WorkspaceManager; func enqueueTabTitleUpdate(workspaceId: UUID, panelId: UUID, title: String)
Sources/WorkspaceManager.swift	3608	updateTabTitle	updatePanelTitle	Muse	
Sources/WorkspaceManager.swift	3612	updateTabTitle	updatePanelTitle	M	owner=WorkspaceManager; func updateTabTitle(workspaceId: UUID, panelId: UUID, title: String)
Sources/WorkspaceManager.swift	3646	syncTabTitleFromMetadata	syncPanelTitleFromMetadata	Muse	
Sources/WorkspaceManager.swift	4207	closeTab	closePanel	X	
Sources/WorkspaceManager.swift	4445	originalTabIndex	originalPanelIndex	Muse	
Sources/WorkspaceManager.swift	4794	closeTab	closePanel	X	
Sources/WorkspaceManager.swift	4796	closeTab	closePanel	X	
Sources/WorkspaceManager.swift	4806	missingSelectedTabCount	missingSelectedPanelCount	X	
Sources/WorkspaceManager.swift	4815	missingSelectedTabCount	missingSelectedPanelCount	X	
Sources/WorkspaceManager.swift	4839	missingSelectedTabCount	missingSelectedPanelCount	X	
Sources/WorkspaceManager.swift	4852	missingSelectedTabCount	missingSelectedPanelCount	X	
Sources/WorkspaceManager.swift	4921	closeTab	closePanel	X	
Sources/WorkspaceManager.swift	5003	closeTab	closePanel	X	
Sources/WorkspaceManager.swift	5012	closeTab	closePanel	X	
Sources/WorkspaceManager.swift	5016	closeTab	closePanel	X	
Sources/WorkspaceManager.swift	5025	closeTab	closePanel	X	
Sources/WorkspaceManager.swift	5029	closeTab	closePanel	X	
Sources/WorkspaceManager.swift	5037	closeTab	closePanel	X	
Sources/WorkspaceManager.swift	5040	closeTab	closePanel	X	
Sources/WorkspaceManager.swift	5049	closeTab	closePanel	X	
Sources/WorkspaceManager.swift	5053	closeTab	closePanel	X	
Sources/WorkspaceManager.swift	5259	closeTab	closePanel	X	
Sources/WorkspaceManager.swift	5434	closeTab	closePanel	X	
Sources/WorkspaceManager.swift	5436	closeTab	closePanel	X	
Sources/WorkspaceManager.swift	5477	closeTab	closePanel	X	
Sources/WorkspaceManager.swift	5975	commandPaletteRenameTabRequested	commandPaletteRenamePanelRequested	X	
Sources/c11App.swift	186	renameTab	renamePanel	X	
Sources/c11App.swift	186	renameTabShortcutData	renamePanelShortcutData	X	
Sources/c11App.swift	219	TabLayoutSettings	PanelLayoutSettings	T	
Sources/c11App.swift	998	renameTabMenuShortcut	renamePanelMenuShortcut	X	
Sources/c11App.swift	1000	requestCommandPaletteRenameTab	requestCommandPaletteRenamePanel	X	
Sources/c11App.swift	1006	closeOtherTabsInFocusedPane	closeOtherPanelsInFocusedPane	X	
Sources/c11App.swift	1009	canCloseOtherTabsInFocusedPane	canCloseOtherPanelsInFocusedPane	X	
Sources/c11App.swift	1290	renameTabMenuShortcut	renamePanelMenuShortcut	X	
Sources/c11App.swift	1291	renameTab	renamePanel	X	
Sources/c11App.swift	1291	renameTabShortcutData	renamePanelShortcutData	X	
Sources/c11App.swift	1549	closeOtherTabsInFocusedPane	closeOtherPanelsInFocusedPane	X	
Sources/c11App.swift	1550	closeOtherTabsInFocusedPaneWithConfirmation	closeOtherPanelsInFocusedPaneWithConfirmation	X	
Sources/c11App.swift	2745	showOnBlankTabsKey	showOnBlankPanelsKey	X	
Sources/c11App.swift	2746	defaultShowOnBlankTabs	defaultShowOnBlankPanels	X	
Sources/c11App.swift	2746	showOnBlankTabs	showOnBlankPanels	X	
Sources/c11App.swift	2761	showOnBlankTabsBinding	showOnBlankPanelsBinding	X	
Sources/c11App.swift	2763	showOnBlankTabs	showOnBlankPanels	X	
Sources/c11App.swift	2765	showOnBlankTabs	showOnBlankPanels	X	
Sources/c11App.swift	2776	showOnBlankTabs	showOnBlankPanels	X	
Sources/c11App.swift	2810	showOnBlankTabsBinding	showOnBlankPanelsBinding	X	
Sources/c11App.swift	2813	blankTabPlacement	blankPanelPlacement	X	
Sources/c11App.swift	2889	BrowserImportHintBlankTabPlacement	BrowserImportHintBlankPanelPlacement	T	
Sources/c11App.swift	4460	TabOrdinalDisplaySettings	PanelOrdinalDisplaySettings	T	
Sources/c11App.swift	4460	showSurfaceIdsInTabTitlesKey	showSurfaceIdsInPanelTitlesKey	Muse	
Sources/c11App.swift	4461	TabOrdinalDisplaySettings	PanelOrdinalDisplaySettings	T	
Sources/c11App.swift	4461	showSurfaceIdsInTabTitles	showSurfaceIdsInPanelTitles	X	
Sources/c11App.swift	4462	TabLayoutSettings	PanelLayoutSettings	T	
Sources/c11App.swift	4463	TabLayoutSettings	PanelLayoutSettings	T	
Sources/c11App.swift	4463	tabLayoutMode	panelLayoutMode	X	
Sources/c11App.swift	4466	tabLayoutSelection	panelLayoutSelection	X	
Sources/c11App.swift	4468	TabLayoutSettings	PanelLayoutSettings	T	
Sources/c11App.swift	4468	tabLayoutMode	panelLayoutMode	X	
Sources/c11App.swift	4469	tabLayoutMode	panelLayoutMode	X	
Sources/c11App.swift	4482	defaultShowOnBlankTabs	defaultShowOnBlankPanels	X	
Sources/c11App.swift	4482	showBrowserImportHintOnBlankTabs	showBrowserImportHintOnBlankPanels	X	
Sources/c11App.swift	4482	showOnBlankTabsKey	showOnBlankPanelsKey	X	
Sources/c11App.swift	4647	showBrowserImportHintOnBlankTabs	showBrowserImportHintOnBlankPanels	X	
Sources/c11App.swift	4647	showOnBlankTabs	showOnBlankPanels	X	
Sources/c11App.swift	4654	showBrowserImportHintOnBlankTabs	showBrowserImportHintOnBlankPanels	X	
Sources/c11App.swift	4656	showBrowserImportHintOnBlankTabs	showBrowserImportHintOnBlankPanels	X	
Sources/c11App.swift	5223	showSurfaceIdsInTabTitles	showSurfaceIdsInPanelTitles	X	
Sources/c11App.swift	5227	showSurfaceIdsInTabTitles	showSurfaceIdsInPanelTitles	X	
Sources/c11App.swift	5237	TabLayoutSettings	PanelLayoutSettings	T	
Sources/c11App.swift	5237	tabLayoutMode	panelLayoutMode	X	
Sources/c11App.swift	5242	tabLayoutSelection	panelLayoutSelection	X	
Sources/c11App.swift	5244	TabLayoutSettings	PanelLayoutSettings	T	
Sources/c11App.swift	5246	TabLayoutSettings	PanelLayoutSettings	T	
Sources/c11App.swift	6539	renameTab	renamePanel	X	
Sources/c11App.swift	6604	TabOrdinalDisplaySettings	PanelOrdinalDisplaySettings	T	
Sources/c11App.swift	6604	showSurfaceIdsInTabTitles	showSurfaceIdsInPanelTitles	X	
Sources/c11App.swift	6605	TabLayoutSettings	PanelLayoutSettings	T	
Sources/c11App.swift	6605	tabLayoutMode	panelLayoutMode	X	
Sources/c11App.swift	6612	defaultShowOnBlankTabs	defaultShowOnBlankPanels	X	
Sources/c11App.swift	6612	showBrowserImportHintOnBlankTabs	showBrowserImportHintOnBlankPanels	X	
c11Tests/AgentModelDetectionTests.swift	482	tabID	panelID	X	
c11Tests/AgentModelDetectionTests.swift	483	tabID	panelID	X	
c11Tests/AgentModelDetectionTests.swift	503	tabID	panelID	X	
c11Tests/AgentModelDetectionTests.swift	504	tabID	panelID	X	
c11Tests/AgentModelDetectionTests.swift	505	tabID	panelID	X	
c11Tests/AgentModelDetectionTests.swift	529	tabID	panelID	X	
c11Tests/AgentModelDetectionTests.swift	535	tabID	panelID	X	
c11Tests/AgentModelDetectionTests.swift	893	TabSheetDetailBuilder	PanelSheetDetailBuilder	T	
c11Tests/AgentRosterTests.swift	12	tabA	panelA	X	
c11Tests/AgentRosterTests.swift	13	tabB	panelB	X	
c11Tests/AgentRosterTests.swift	14	tabC	panelC	X	
c11Tests/AgentRosterTests.swift	18	tab	panel	X	
c11Tests/AgentRosterTests.swift	18	tabA	panelA	X	
c11Tests/AgentRosterTests.swift	19	tab	panel	X	
c11Tests/AgentRosterTests.swift	19	tabB	panelB	X	
c11Tests/AgentRosterTests.swift	20	tab	panel	X	
c11Tests/AgentRosterTests.swift	20	tabC	panelC	X	
c11Tests/AgentRosterTests.swift	25	LiveTab	LivePanel	T	
c11Tests/AgentRosterTests.swift	25	tabB	panelB	X	
c11Tests/AgentRosterTests.swift	25	tabID	panelID	X	
c11Tests/AgentRosterTests.swift	26	LiveTab	LivePanel	T	
c11Tests/AgentRosterTests.swift	26	tabC	panelC	X	
c11Tests/AgentRosterTests.swift	26	tabID	panelID	X	
c11Tests/AgentRosterTests.swift	27	LiveTab	LivePanel	T	
c11Tests/AgentRosterTests.swift	27	tabA	panelA	X	
c11Tests/AgentRosterTests.swift	27	tabID	panelID	X	
c11Tests/AgentRosterTests.swift	49	tabA	panelA	X	
c11Tests/AgentRosterTests.swift	49	tabB	panelB	X	
c11Tests/AgentRosterTests.swift	49	tabC	panelC	X	
c11Tests/AgentRosterTests.swift	52	tabA	panelA	X	
c11Tests/AgentRosterTests.swift	52	tabB	panelB	X	
c11Tests/AgentRosterTests.swift	52	tabC	panelC	X	
c11Tests/AgentRosterTests.swift	82	tabA	panelA	X	
c11Tests/AgentRosterTests.swift	82	tabB	panelB	X	
c11Tests/AgentRosterTests.swift	82	tabC	panelC	X	
c11Tests/AgentRosterTests.swift	84	tabC	panelC	X	
c11Tests/AgentRosterTests.swift	85	tabC	panelC	X	
c11Tests/AgentRosterTests.swift	125	tab	panel	X	
c11Tests/AgentRosterTests.swift	125	tabA	panelA	X	
c11Tests/AgentRosterTests.swift	128	tab	panel	X	
c11Tests/AgentRosterTests.swift	129	tab	panel	X	
c11Tests/AgentRosterTests.swift	130	tab	panel	X	
c11Tests/AgentRosterTests.swift	131	tab	panel	X	
c11Tests/AgentRosterTests.swift	132	tab	panel	X	
c11Tests/AgentRosterTests.swift	134	tab	panel	X	
c11Tests/AgentRosterTests.swift	135	tab	panel	X	
c11Tests/AgentRosterTests.swift	136	tab	panel	X	
c11Tests/AgentRosterTests.swift	137	tab	panel	X	
c11Tests/AgentRosterTests.swift	138	tab	panel	X	
c11Tests/AgentRosterTests.swift	155	tab	panel	X	
c11Tests/AgentRosterTests.swift	237	tab	panel	X	
c11Tests/AgentRosterTests.swift	237	tabA	panelA	X	
c11Tests/AgentRosterTests.swift	238	tab	panel	X	
c11Tests/AgentRosterTests.swift	239	tab	panel	X	
c11Tests/AgentRosterTests.swift	244	tab	panel	X	
c11Tests/AgentRosterTests.swift	245	tab	panel	X	
c11Tests/AgentRosterTests.swift	246	tab	panel	X	
c11Tests/AgentRosterTests.swift	247	tab	panel	X	
c11Tests/AgentRosterTests.swift	277	tab	panel	X	
c11Tests/AgentRosterTests.swift	277	tabA	panelA	X	
c11Tests/AgentRosterTests.swift	312	tab	panel	X	
c11Tests/AgentRosterTests.swift	314	tab	panel	X	
c11Tests/AgentRosterTests.swift	314	tabID	panelID	X	
c11Tests/AppDelegateShortcutRoutingTests.swift	1673	tabID	panelID	X	
c11Tests/AppDelegateShortcutRoutingTests.swift	1688	tabID	panelID	X	
c11Tests/AppDelegateShortcutRoutingTests.swift	1690	tabID	panelID	X	
c11Tests/AppDelegateShortcutRoutingTests.swift	1694	tabID	panelID	X	
c11Tests/AppDelegateShortcutRoutingTests.swift	1697	tabID	panelID	X	
c11Tests/AppDelegateShortcutRoutingTests.swift	1701	tabID	panelID	X	
c11Tests/AppDelegateShortcutRoutingTests.swift	1707	tabID	panelID	X	
c11Tests/AppDelegateShortcutRoutingTests.swift	2080	renameTabExpectation	renamePanelExpectation	X	
c11Tests/AppDelegateShortcutRoutingTests.swift	2081	observedRenameTabWindow	observedRenamePanelWindow	X	
c11Tests/AppDelegateShortcutRoutingTests.swift	2082	renameTabToken	renamePanelToken	X	
c11Tests/AppDelegateShortcutRoutingTests.swift	2083	commandPaletteRenameTabRequested	commandPaletteRenamePanelRequested	X	
c11Tests/AppDelegateShortcutRoutingTests.swift	2087	observedRenameTabWindow	observedRenamePanelWindow	X	
c11Tests/AppDelegateShortcutRoutingTests.swift	2088	renameTabExpectation	renamePanelExpectation	X	
c11Tests/AppDelegateShortcutRoutingTests.swift	2090	renameTabToken	renamePanelToken	X	
c11Tests/AppDelegateShortcutRoutingTests.swift	2106	legacyRenameTabShortcut	legacyRenamePanelShortcut	X	
c11Tests/AppDelegateShortcutRoutingTests.swift	2107	legacyRenameTabShortcut	legacyRenamePanelShortcut	X	
c11Tests/AppDelegateShortcutRoutingTests.swift	2107	renameTab	renamePanel	X	
c11Tests/AppDelegateShortcutRoutingTests.swift	2133	renameTabExpectation	renamePanelExpectation	X	
c11Tests/AppDelegateShortcutRoutingTests.swift	2134	observedRenameTabWindow	observedRenamePanelWindow	X	
c11Tests/AppDelegateShortcutRoutingTests.swift	2163	renameTabExpectation	renamePanelExpectation	X	
c11Tests/AppDelegateShortcutRoutingTests.swift	2164	renameTabExpectation	renamePanelExpectation	X	
c11Tests/AppDelegateShortcutRoutingTests.swift	2165	renameTabToken	renamePanelToken	X	
c11Tests/AppDelegateShortcutRoutingTests.swift	2166	commandPaletteRenameTabRequested	commandPaletteRenamePanelRequested	X	
c11Tests/AppDelegateShortcutRoutingTests.swift	2170	renameTabExpectation	renamePanelExpectation	X	
c11Tests/AppDelegateShortcutRoutingTests.swift	2172	renameTabToken	renamePanelToken	X	
c11Tests/AppDelegateShortcutRoutingTests.swift	2198	renameTabExpectation	renamePanelExpectation	X	
c11Tests/AppDelegateShortcutRoutingTests.swift	2233	renameTabExpectation	renamePanelExpectation	X	
c11Tests/AppDelegateShortcutRoutingTests.swift	2234	renameTabExpectation	renamePanelExpectation	X	
c11Tests/AppDelegateShortcutRoutingTests.swift	2235	renameTabToken	renamePanelToken	X	
c11Tests/AppDelegateShortcutRoutingTests.swift	2236	commandPaletteRenameTabRequested	commandPaletteRenamePanelRequested	X	
c11Tests/AppDelegateShortcutRoutingTests.swift	2240	renameTabExpectation	renamePanelExpectation	X	
c11Tests/AppDelegateShortcutRoutingTests.swift	2242	renameTabToken	renamePanelToken	X	
c11Tests/AppDelegateShortcutRoutingTests.swift	2260	renameTabExpectation	renamePanelExpectation	X	
c11Tests/AreaSizePolicyTests.swift	124	tab	panel	X	
c11Tests/AreaSizePolicyTests.swift	202	tab	panel	X	
c11Tests/AreaSizePolicyTests.swift	203	tab	panel	X	
c11Tests/AreaSizePolicyTests.swift	204	tab	panel	X	
c11Tests/AttentionModelTests.swift	76	flagCallerTabId	flagCallerPanelId	X	
c11Tests/AttentionModelTests.swift	91	flagCallerTabId	flagCallerPanelId	X	
c11Tests/AttentionModelTests.swift	113	flagCallerTabId	flagCallerPanelId	X	
c11Tests/AttentionModelTests.swift	122	flagCallerTabId	flagCallerPanelId	X	
c11Tests/AttentionModelTests.swift	228	flagCallerTabId	flagCallerPanelId	X	
c11Tests/AttentionModelTests.swift	480	flagCallerTabId	flagCallerPanelId	X	
c11Tests/AttentionOrderTests.swift	12	tab	panel	X	
c11Tests/AttentionOrderTests.swift	14	tab	panel	X	
c11Tests/AttentionOrderTests.swift	14	tabID	panelID	X	
c11Tests/AttentionOrderTests.swift	18	callerTabID	callerPanelID	X	
c11Tests/AttentionOrderTests.swift	28	tabID	panelID	X	
c11Tests/AttentionOrderTests.swift	30	sameTab	samePanel	X	
c11Tests/AttentionOrderTests.swift	31	sameTab	samePanel	X	
c11Tests/AttentionOrderTests.swift	33	tabID	panelID	X	
c11Tests/AttentionOrderTests.swift	37	tab	panel	X	
c11Tests/AttentionOrderTests.swift	38	tab	panel	X	
c11Tests/AttentionOrderTests.swift	38	tabID	panelID	X	
c11Tests/AttentionOrderTests.swift	48	tabID	panelID	X	
c11Tests/AttentionOrderTests.swift	54	tabID	panelID	X	
c11Tests/AttentionOrderTests.swift	62	tab	panel	X	
c11Tests/AttentionOrderTests.swift	64	tab	panel	X	
c11Tests/AttentionOrderTests.swift	64	tabID	panelID	X	
c11Tests/AttentionOrderTests.swift	66	tab	panel	X	
c11Tests/AttentionOrderTests.swift	74	tab	panel	X	
c11Tests/AttentionOrderTests.swift	75	tab	panel	X	
c11Tests/AttentionOrderTests.swift	75	tabID	panelID	X	
c11Tests/AttentionOrderTests.swift	76	flagCallerTabID	flagCallerPanelID	X	
c11Tests/AttentionOrderTests.swift	79	tabID	panelID	X	
c11Tests/AttentionOrderTests.swift	84	tabID	panelID	X	
c11Tests/AttentionOrderTests.swift	86	tabID	panelID	X	
c11Tests/AttentionOrderTests.swift	89	callerTabID	callerPanelID	X	
c11Tests/AttentionOrderTests.swift	99	tabID	panelID	X	
c11Tests/AttentionOrderTests.swift	102	tabID	panelID	X	
c11Tests/AttentionOrderTests.swift	105	removeTab	removePanel	X	
c11Tests/AttentionOrderTests.swift	105	tabID	panelID	X	
c11Tests/AttentionOrderTests.swift	117	tab	panel	X	
c11Tests/AttentionOrderTests.swift	118	tab	panel	X	
c11Tests/BrowserConfigTests.swift	1148	isShowingNewTabPage	isShowingNewPanelPage	Muse	
c11Tests/BrowserConfigTests.swift	1156	isShowingNewTabPage	isShowingNewPanelPage	Muse	
c11Tests/BrowserConfigTests.swift	1158	isShowingNewTabPage	isShowingNewPanelPage	Muse	
c11Tests/BrowserConfigTests.swift	1406	browserNavigationShouldOpenInNewTab	browserNavigationShouldOpenInNewPanel	X	
c11Tests/BrowserConfigTests.swift	1416	browserNavigationShouldOpenInNewTab	browserNavigationShouldOpenInNewPanel	X	
c11Tests/BrowserConfigTests.swift	1426	browserNavigationShouldOpenInNewTab	browserNavigationShouldOpenInNewPanel	X	
c11Tests/BrowserConfigTests.swift	1436	browserNavigationShouldOpenInNewTab	browserNavigationShouldOpenInNewPanel	X	
c11Tests/BrowserConfigTests.swift	1446	browserNavigationShouldOpenInNewTab	browserNavigationShouldOpenInNewPanel	X	
c11Tests/BrowserConfigTests.swift	1456	browserNavigationShouldOpenInNewTab	browserNavigationShouldOpenInNewPanel	X	
c11Tests/BrowserConfigTests.swift	1467	browserNavigationShouldOpenInNewTab	browserNavigationShouldOpenInNewPanel	X	
c11Tests/BrowserConfigTests.swift	1478	browserNavigationShouldOpenInNewTab	browserNavigationShouldOpenInNewPanel	X	
c11Tests/BrowserConfigTests.swift	1490	browserNavigationShouldOpenInNewTab	browserNavigationShouldOpenInNewPanel	X	
c11Tests/BrowserConfigTests.swift	1502	browserNavigationShouldOpenInNewTab	browserNavigationShouldOpenInNewPanel	X	
c11Tests/BrowserConfigTests.swift	1558	browserNavigationShouldFallbackNilTargetToNewTab	browserNavigationShouldFallbackNilTargetToNewPanel	X	
c11Tests/BrowserConfigTests.swift	1566	browserNavigationShouldFallbackNilTargetToNewTab	browserNavigationShouldFallbackNilTargetToNewPanel	X	
c11Tests/BrowserConfigTests.swift	1854	updateTabGitBranch	updatePanelGitBranch	Muse	
c11Tests/BrowserConfigTests.swift	1855	updateTabPullRequest	updatePanelPullRequest	Muse	
c11Tests/BrowserImportMappingTests.swift	156	blankTabPlacement	blankPanelPlacement	X	
c11Tests/BrowserImportMappingTests.swift	163	showOnBlankTabs	showOnBlankPanels	X	
c11Tests/BrowserImportMappingTests.swift	167	blankTabPlacement	blankPanelPlacement	X	
c11Tests/BrowserImportMappingTests.swift	174	showOnBlankTabs	showOnBlankPanels	X	
c11Tests/BrowserImportMappingTests.swift	178	blankTabPlacement	blankPanelPlacement	X	
c11Tests/BrowserImportMappingTests.swift	185	showOnBlankTabs	showOnBlankPanels	X	
c11Tests/BrowserImportMappingTests.swift	189	blankTabPlacement	blankPanelPlacement	X	
c11Tests/BrowserTabTests.swift	195	existingTabIDs	existingPanelIDs	X	
c11Tests/BrowserTabTests.swift	229	existingTabIDs	existingPanelIDs	X	
c11Tests/BrowserTabTests.swift	231	switchTab	switchPanel	L	let switchTab = BrowserPanel(
c11Tests/BrowserTabTests.swift	236	switchTab	switchPanel	L	let switchTab = BrowserPanel(
c11Tests/BrowserTabTests.swift	237	switchTab	switchPanel	L	let switchTab = BrowserPanel(
c11Tests/BrowserTabTests.swift	238	switchTab	switchPanel	L	let switchTab = BrowserPanel(
c11Tests/BrowserTabTests.swift	251	switchTab	switchPanel	L	let switchTab = BrowserPanel(
c11Tests/ClaudeHookMappingTests.swift	10	tabA	panelA	X	
c11Tests/ClaudeHookMappingTests.swift	11	tabB	panelB	X	
c11Tests/ClaudeHookMappingTests.swift	14	tab	panel	X	
c11Tests/ClaudeHookMappingTests.swift	14	tabA	panelA	X	
c11Tests/ClaudeHookMappingTests.swift	17	tab	panel	X	
c11Tests/ClaudeHookMappingTests.swift	17	tabA	panelA	X	
c11Tests/ClaudeHookMappingTests.swift	23	tab	panel	X	
c11Tests/ClaudeHookMappingTests.swift	23	tabA	panelA	X	
c11Tests/ClaudeHookMappingTests.swift	27	tab	panel	X	
c11Tests/ClaudeHookMappingTests.swift	27	tabA	panelA	X	
c11Tests/ClaudeHookMappingTests.swift	34	tab	panel	X	
c11Tests/ClaudeHookMappingTests.swift	34	tabA	panelA	X	
c11Tests/ClaudeHookMappingTests.swift	36	tab	panel	X	
c11Tests/ClaudeHookMappingTests.swift	36	tabA	panelA	X	
c11Tests/ClaudeHookMappingTests.swift	39	tab	panel	X	
c11Tests/ClaudeHookMappingTests.swift	39	tabA	panelA	X	
c11Tests/ClaudeHookMappingTests.swift	45	tab	panel	X	
c11Tests/ClaudeHookMappingTests.swift	45	tabA	panelA	X	
c11Tests/ClaudeHookMappingTests.swift	53	tab	panel	X	
c11Tests/ClaudeHookMappingTests.swift	53	tabA	panelA	X	
c11Tests/ClaudeHookMappingTests.swift	58	tab	panel	X	
c11Tests/ClaudeHookMappingTests.swift	58	tabA	panelA	X	
c11Tests/ClaudeHookMappingTests.swift	67	tab	panel	X	
c11Tests/ClaudeHookMappingTests.swift	67	tabA	panelA	X	
c11Tests/ClaudeHookMappingTests.swift	72	tab	panel	X	
c11Tests/ClaudeHookMappingTests.swift	72	tabA	panelA	X	
c11Tests/ClaudeHookMappingTests.swift	76	tab	panel	X	
c11Tests/ClaudeHookMappingTests.swift	76	tabA	panelA	X	
c11Tests/ClaudeHookMappingTests.swift	84	tab	panel	X	
c11Tests/ClaudeHookMappingTests.swift	84	tabA	panelA	X	
c11Tests/ClaudeHookMappingTests.swift	88	tabA	panelA	X	
c11Tests/ClaudeHookMappingTests.swift	88	tabID	panelID	X	
c11Tests/ClaudeHookMappingTests.swift	103	tabA	panelA	X	
c11Tests/ClaudeHookMappingTests.swift	103	tabID	panelID	X	
c11Tests/ClaudeHookMappingTests.swift	116	tabA	panelA	X	
c11Tests/ClaudeHookMappingTests.swift	116	tabID	panelID	X	
c11Tests/ClaudeHookMappingTests.swift	130	tab	panel	X	
c11Tests/ClaudeHookMappingTests.swift	130	tabA	panelA	X	
c11Tests/ClaudeHookMappingTests.swift	136	tab	panel	X	
c11Tests/ClaudeHookMappingTests.swift	136	tabA	panelA	X	
c11Tests/ClaudeHookMappingTests.swift	138	tab	panel	X	
c11Tests/ClaudeHookMappingTests.swift	138	tabA	panelA	X	
c11Tests/ClaudeHookMappingTests.swift	140	tab	panel	X	
c11Tests/ClaudeHookMappingTests.swift	140	tabA	panelA	X	
c11Tests/ClaudeHookMappingTests.swift	145	tab	panel	X	
c11Tests/ClaudeHookMappingTests.swift	145	tabA	panelA	X	
c11Tests/ClaudeHookMappingTests.swift	155	tab	panel	X	
c11Tests/ClaudeHookMappingTests.swift	155	tabA	panelA	X	
c11Tests/ClaudeHookMappingTests.swift	156	tab	panel	X	
c11Tests/ClaudeHookMappingTests.swift	156	tabA	panelA	X	
c11Tests/ClaudeHookMappingTests.swift	158	tab	panel	X	
c11Tests/ClaudeHookMappingTests.swift	158	tabA	panelA	X	
c11Tests/ClaudeHookMappingTests.swift	163	tab	panel	X	
c11Tests/ClaudeHookMappingTests.swift	163	tabA	panelA	X	
c11Tests/ClaudeHookMappingTests.swift	164	tab	panel	X	
c11Tests/ClaudeHookMappingTests.swift	164	tabB	panelB	X	
c11Tests/ClaudeHookMappingTests.swift	177	tab	panel	X	
c11Tests/ClaudeHookMappingTests.swift	177	tabA	panelA	X	
c11Tests/ClaudeHookMappingTests.swift	187	tab	panel	X	
c11Tests/ClaudeHookMappingTests.swift	187	tabA	panelA	X	
c11Tests/ClaudeHookMappingTests.swift	189	tab	panel	X	
c11Tests/ClaudeHookMappingTests.swift	189	tabA	panelA	X	
c11Tests/ClaudeHookMappingTests.swift	197	tab	panel	X	
c11Tests/ClaudeHookMappingTests.swift	197	tabA	panelA	X	
c11Tests/ClaudeHookMappingTests.swift	198	tab	panel	X	
c11Tests/ClaudeHookMappingTests.swift	198	tabA	panelA	X	
c11Tests/ClaudeHookMappingTests.swift	201	tab	panel	X	
c11Tests/ClaudeHookMappingTests.swift	201	tabA	panelA	X	
c11Tests/ClaudeHookMappingTests.swift	261	tab	panel	X	
c11Tests/ClaudeHookMappingTests.swift	261	tabA	panelA	X	
c11Tests/ClaudeHookMappingTests.swift	283	captureTab	capturePanel	X	
c11Tests/ClaudeHookMappingTests.swift	284	captureTab	capturePanel	X	
c11Tests/ClaudeHookMappingTests.swift	284	checkpointTab	checkpointPanel	X	
c11Tests/ClaudeHookMappingTests.swift	284	tabA	panelA	X	
c11Tests/ClaudeHookMappingTests.swift	284	tabB	panelB	X	
c11Tests/ClaudeHookMappingTests.swift	286	checkpointTab	checkpointPanel	X	
c11Tests/ClaudeHookMappingTests.swift	286	tabID	panelID	X	
c11Tests/ClaudeHookMappingTests.swift	305	tabB	panelB	X	
c11Tests/ClaudeHookMappingTests.swift	305	tabID	panelID	X	
c11Tests/ClaudeHookMappingTests.swift	325	captureTab	capturePanel	X	
c11Tests/ClaudeHookMappingTests.swift	326	captureTab	capturePanel	X	
c11Tests/ClaudeHookMappingTests.swift	326	tabA	panelA	X	
c11Tests/ClaudeHookMappingTests.swift	326	tabB	panelB	X	
c11Tests/ClaudeHookMappingTests.swift	326	tabID	panelID	X	
c11Tests/ClaudeHookMappingTests.swift	347	tabA	panelA	X	
c11Tests/ClaudeHookMappingTests.swift	347	tabAStates	panelAStates	X	
c11Tests/ClaudeHookMappingTests.swift	347	tabID	panelID	X	
c11Tests/ClaudeHookMappingTests.swift	348	tabB	panelB	X	
c11Tests/ClaudeHookMappingTests.swift	348	tabBStates	panelBStates	X	
c11Tests/ClaudeHookMappingTests.swift	348	tabID	panelID	X	
c11Tests/ClaudeHookMappingTests.swift	351	tabAStates	panelAStates	X	
c11Tests/ClaudeHookMappingTests.swift	353	tabAStates	panelAStates	X	
c11Tests/ClaudeHookMappingTests.swift	355	tabAStates	panelAStates	X	
c11Tests/ClaudeHookMappingTests.swift	357	tabAStates	panelAStates	X	
c11Tests/ClaudeHookMappingTests.swift	358	tabBStates	panelBStates	X	
c11Tests/ClaudeHookMappingTests.swift	372	tab	panel	X	
c11Tests/ClaudeHookMappingTests.swift	374	tab	panel	X	
c11Tests/ClaudeHookMappingTests.swift	374	tabID	panelID	X	
c11Tests/EventLogTests.swift	84	tab	panel	X	
c11Tests/EventLogTests.swift	90	tab	panel	X	
c11Tests/EventLogTests.swift	91	tab	panel	X	
c11Tests/EventLogTests.swift	202	tab	panel	X	
c11Tests/EventLogTests.swift	218	tab	panel	X	
c11Tests/EventLogTests.swift	223	tab	panel	X	
c11Tests/EventLogTests.swift	224	tab	panel	X	
c11Tests/EventLogTests.swift	228	tab	panel	X	
c11Tests/EventLogTests.swift	289	emitTabInputSent	emitPanelInputSent	X	
c11Tests/EventLogTests.swift	299	emitTabInputSent	emitPanelInputSent	X	
c11Tests/EventLogTests.swift	332	tabInputPayload	panelInputPayload	X	
c11Tests/EventLogTests.swift	348	tabInputPayload	panelInputPayload	X	
c11Tests/EventLogTests.swift	604	tabInputSent	panelInputSent	X	
c11Tests/EventLogTests.swift	635	tab	panel	X	
c11Tests/EventLogTests.swift	637	tab	panel	X	
c11Tests/EventLogTests.swift	638	tab	panel	X	
c11Tests/EventLogTests.swift	643	tab	panel	X	
c11Tests/EventLogTests.swift	645	tab	panel	X	
c11Tests/EventLogTests.swift	648	tab	panel	X	
c11Tests/FeedProjectorTests.swift	15	otherTab	otherPanel	X	
c11Tests/FeedProjectorTests.swift	18	tab	panel	X	
c11Tests/FeedProjectorTests.swift	21	tab	panel	X	
c11Tests/FeedProjectorTests.swift	21	tabID	panelID	X	
c11Tests/FeedProjectorTests.swift	34	tab	panel	X	
c11Tests/FeedProjectorTests.swift	35	flagCallerTabID	flagCallerPanelID	X	
c11Tests/FeedProjectorTests.swift	35	otherTab	otherPanel	X	
c11Tests/FeedProjectorTests.swift	35	tab	panel	X	
c11Tests/FeedProjectorTests.swift	35	tabID	panelID	X	
c11Tests/FeedProjectorTests.swift	50	askTab	askPanel	X	
c11Tests/FeedProjectorTests.swift	51	askTab	askPanel	X	
c11Tests/FeedProjectorTests.swift	51	tab	panel	X	
c11Tests/FeedProjectorTests.swift	52	tab	panel	X	
c11Tests/FeedProjectorTests.swift	54	askTab	askPanel	X	
c11Tests/FeedProjectorTests.swift	54	tab	panel	X	
c11Tests/FeedProjectorTests.swift	55	askTab	askPanel	X	
c11Tests/FeedProjectorTests.swift	55	tabID	panelID	X	
c11Tests/FeedProjectorTests.swift	59	askTab	askPanel	X	
c11Tests/FeedProjectorTests.swift	59	tabID	panelID	X	
c11Tests/FeedProjectorTests.swift	61	askTab	askPanel	X	
c11Tests/FeedProjectorTests.swift	61	tabID	panelID	X	
c11Tests/FeedProjectorTests.swift	114	tab	panel	X	
c11Tests/FeedProjectorTests.swift	114	tabID	panelID	X	
c11Tests/FeedProjectorTests.swift	117	tab	panel	X	
c11Tests/FeedProjectorTests.swift	117	tabID	panelID	X	
c11Tests/FeedProjectorTests.swift	124	tab	panel	X	
c11Tests/FeedProjectorTests.swift	124	tabID	panelID	X	
c11Tests/FeedProjectorTests.swift	126	otherTab	otherPanel	X	
c11Tests/FeedProjectorTests.swift	126	tabID	panelID	X	
c11Tests/FeedProjectorTests.swift	128	otherTab	otherPanel	X	
c11Tests/FeedProjectorTests.swift	128	tabID	panelID	X	
c11Tests/FeedProjectorTests.swift	155	otherTab	otherPanel	X	
c11Tests/FeedProjectorTests.swift	155	tab	panel	X	
c11Tests/FeedProjectorTests.swift	156	tab	panel	X	
c11Tests/FeedProjectorTests.swift	158	tabID	panelID	X	
c11Tests/FeedProjectorTests.swift	198	otherTab	otherPanel	X	
c11Tests/FeedProjectorTests.swift	198	tab	panel	X	
c11Tests/FeedProjectorTests.swift	207	tabID	panelID	X	
c11Tests/FeedProjectorTests.swift	236	tabID	panelID	X	
c11Tests/FeedProjectorTests.swift	239	tabID	panelID	X	
c11Tests/FeedProjectorTests.swift	246	tabID	panelID	X	
c11Tests/FeedProjectorTests.swift	253	tabID	panelID	X	
c11Tests/FeedProjectorTests.swift	255	tabID	panelID	X	
c11Tests/FeedProjectorTests.swift	270	callerTabID	callerPanelID	X	
c11Tests/FeedProjectorTests.swift	270	otherTab	otherPanel	X	
c11Tests/FeedProjectorTests.swift	273	otherTab	otherPanel	X	
c11Tests/FeedProjectorTests.swift	273	tabID	panelID	X	
c11Tests/FeedProjectorTests.swift	284	tabID	panelID	X	
c11Tests/FeedProjectorTests.swift	290	tabID	panelID	X	
c11Tests/FeedProjectorTests.swift	295	tabID	panelID	X	
c11Tests/FeedProjectorTests.swift	301	tabID	panelID	X	
c11Tests/FeedProjectorTests.swift	306	tabID	panelID	X	
c11Tests/FeedProjectorTests.swift	323	tabID	panelID	X	
c11Tests/FeedProjectorTests.swift	327	tabID	panelID	X	
c11Tests/FeedProjectorTests.swift	332	tabID	panelID	X	
c11Tests/FeedProjectorTests.swift	335	tabID	panelID	X	
c11Tests/FeedProjectorTests.swift	341	tabID	panelID	X	
c11Tests/FeedProjectorTests.swift	349	tabID	panelID	X	
c11Tests/FeedProjectorTests.swift	350	tabID	panelID	X	
c11Tests/FeedProjectorTests.swift	353	tabID	panelID	X	
c11Tests/FeedProjectorTests.swift	356	tabID	panelID	X	
c11Tests/FeedProjectorTests.swift	357	tabID	panelID	X	
c11Tests/FeedProjectorTests.swift	362	tabID	panelID	X	
c11Tests/FeedProjectorTests.swift	363	flagCallerTabID	flagCallerPanelID	X	
c11Tests/FeedProjectorTests.swift	366	tabID	panelID	X	
c11Tests/FeedProjectorTests.swift	381	tabID	panelID	X	
c11Tests/FeedProjectorTests.swift	382	tabID	panelID	X	
c11Tests/FeedProjectorTests.swift	392	flagCallerTabID	flagCallerPanelID	X	
c11Tests/FeedProjectorTests.swift	392	tabID	panelID	X	
c11Tests/FeedProjectorTests.swift	427	tabID	panelID	X	
c11Tests/FeedProjectorTests.swift	432	tabID	panelID	X	
c11Tests/FeedProjectorTests.swift	449	tab	panel	X	
c11Tests/FeedProjectorTests.swift	450	tab	panel	X	
c11Tests/FeedProjectorTests.swift	453	otherTab	otherPanel	X	
c11Tests/FeedProjectorTests.swift	454	otherTab	otherPanel	X	
c11Tests/FeedProjectorTests.swift	457	flagCallerTabID	flagCallerPanelID	X	
c11Tests/FeedProjectorTests.swift	457	tabID	panelID	X	
c11Tests/FeedProjectorTests.swift	466	tab	legacyTab	X	
c11Tests/FeedProjectorTests.swift	468	tab	legacyTab	X	
c11Tests/FeedProjectorTests.swift	469	tab	legacyTab	X	
c11Tests/FeedProjectorTests.swift	473	tab	legacyTab	X	
c11Tests/FeedProjectorTests.swift	479	tab	panel	X	
c11Tests/FeedProjectorTests.swift	485	tab	panel	X	
c11Tests/FeedProjectorTests.swift	485	tabID	panelID	X	
c11Tests/FeedProjectorTests.swift	489	tab	panel	X	
c11Tests/FeedProjectorTests.swift	489	tabID	panelID	X	
c11Tests/FeedProjectorTests.swift	493	tab	panel	X	
c11Tests/FeedProjectorTests.swift	493	tabID	panelID	X	
c11Tests/FeedProjectorTests.swift	496	tab	panel	X	
c11Tests/FeedProjectorTests.swift	496	tabID	panelID	X	
c11Tests/FeedProjectorTests.swift	497	tab	panel	X	
c11Tests/FeedProjectorTests.swift	497	tabID	panelID	X	
c11Tests/FeedProjectorTests.swift	500	tab	panel	X	
c11Tests/FeedProjectorTests.swift	500	tabID	panelID	X	
c11Tests/FeedProjectorTests.swift	502	tab	panel	X	
c11Tests/FeedProjectorTests.swift	502	tabID	panelID	X	
c11Tests/FeedProjectorTests.swift	504	tab	panel	X	
c11Tests/FeedProjectorTests.swift	504	tabID	panelID	X	
c11Tests/FeedProjectorTests.swift	507	tab	panel	X	
c11Tests/FeedProjectorTests.swift	507	tabID	panelID	X	
c11Tests/FeedProjectorTests.swift	510	tab	panel	X	
c11Tests/FeedProjectorTests.swift	510	tabID	panelID	X	
c11Tests/FeedProjectorTests.swift	513	tab	panel	X	
c11Tests/FeedProjectorTests.swift	513	tabID	panelID	X	
c11Tests/FeedProjectorTests.swift	520	tab	panel	X	
c11Tests/FeedProjectorTests.swift	520	tabID	panelID	X	
c11Tests/FeedProjectorTests.swift	522	tab	panel	X	
c11Tests/FeedProjectorTests.swift	522	tabID	panelID	X	
c11Tests/FeedQuickViewSelectionTests.swift	15	selectedTabID	selectedPanelID	X	
c11Tests/FeedQuickViewSelectionTests.swift	17	selectedTabID	selectedPanelID	X	
c11Tests/FeedQuickViewSelectionTests.swift	19	selectedTabID	selectedPanelID	X	
c11Tests/FeedQuickViewSelectionTests.swift	21	selectedTabID	selectedPanelID	X	
c11Tests/FeedQuickViewSelectionTests.swift	23	selectedTabID	selectedPanelID	X	
c11Tests/FeedQuickViewSelectionTests.swift	25	selectedTabID	selectedPanelID	X	
c11Tests/FeedQuickViewSelectionTests.swift	32	tabIDs	panelIDs	X	
c11Tests/FeedQuickViewSelectionTests.swift	33	selectedTabID	selectedPanelID	X	
c11Tests/FeedQuickViewSelectionTests.swift	34	tabIDs	panelIDs	X	
c11Tests/FeedQuickViewSelectionTests.swift	35	selectedTabID	selectedPanelID	X	
c11Tests/FeedQuickViewSelectionTests.swift	37	selectedTabID	selectedPanelID	X	
c11Tests/FeedQuickViewSelectionTests.swift	39	selectedTabID	selectedPanelID	X	
c11Tests/FeedQuickViewSelectionTests.swift	41	selectedTabID	selectedPanelID	X	
c11Tests/FeedQuickViewTests.swift	13	tabID	panelID	X	
c11Tests/FeedQuickViewTests.swift	17	callerTabID	callerPanelID	X	
c11Tests/FeedQuickViewTests.swift	23	tabID	panelID	X	
c11Tests/FeedQuickViewTests.swift	24	tabID	panelID	X	
c11Tests/FeedQuickViewTests.swift	31	tabID	panelID	X	
c11Tests/FeedQuickViewTests.swift	37	selectedTabID	selectedPanelID	X	
c11Tests/FeedQuickViewTests.swift	38	tabID	panelID	X	
c11Tests/FeedQuickViewTests.swift	42	tabID	panelID	X	
c11Tests/FeedQuickViewTests.swift	52	tabID	panelID	X	
c11Tests/FeedQuickViewTests.swift	55	tabID	panelID	X	
c11Tests/FeedQuickViewTests.swift	56	selectedTabID	selectedPanelID	X	
c11Tests/FeedQuickViewTests.swift	59	selectedTabID	selectedPanelID	X	
c11Tests/FeedQuickViewTests.swift	72	tabID	panelID	X	
c11Tests/FeedQuickViewTests.swift	76	selectedTabID	selectedPanelID	X	
c11Tests/GhosttyConfigTests.swift	1754	originalTabIndex	originalPanelIndex	Muse	
c11Tests/GhosttyConfigTests.swift	1755	originalTabIndex	originalPanelIndex	Muse	
c11Tests/GhosttyConfigTests.swift	1756	originalTabIndex	originalPanelIndex	Muse	
c11Tests/GhosttyConfigTests.swift	1766	originalTabIndex	originalPanelIndex	Muse	
c11Tests/GhosttyConfigTests.swift	1767	originalTabIndex	originalPanelIndex	Muse	
c11Tests/GhosttyConfigTests.swift	1768	originalTabIndex	originalPanelIndex	Muse	
c11Tests/GhosttyConfigTests.swift	1778	originalTabIndex	originalPanelIndex	Muse	
c11Tests/JournalExportTests.swift	54	tab	panel	X	
c11Tests/JournalExportTests.swift	54	tabID	panelID	X	
c11Tests/JournalExportTests.swift	99	tab	panel	X	
c11Tests/JournalExportTests.swift	99	tabID	panelID	X	
c11Tests/JournalExportTests.swift	113	tab	panel	X	
c11Tests/JournalExportTests.swift	114	tab	panel	X	
c11Tests/JournalQueryTests.swift	11	tab	panel	X	
c11Tests/JournalQueryTests.swift	17	tab	panel	X	
c11Tests/JournalQueryTests.swift	17	tabID	panelID	X	
c11Tests/JournalQueryTests.swift	170	tab	panel	X	
c11Tests/JournalQueryTests.swift	170	tabID	panelID	X	
c11Tests/JournalQueryTests.swift	198	tab	panel	X	
c11Tests/JournalQueryTests.swift	198	tabID	panelID	X	
c11Tests/JournalQueryTests.swift	220	tab	panel	X	
c11Tests/JournalQueryTests.swift	220	tabID	panelID	X	
c11Tests/JournalQueryTests.swift	469	tabID	panelID	X	
c11Tests/JournalQueryTests.swift	472	tabID	panelID	X	
c11Tests/JournalQueryTests.swift	504	sharedTab	sharedPanel	X	
c11Tests/JournalQueryTests.swift	509	sharedTab	sharedPanel	X	
c11Tests/JournalQueryTests.swift	509	tabID	panelID	X	
c11Tests/JournalQueryTests.swift	532	tabB	panelB	X	
c11Tests/JournalQueryTests.swift	534	tab	panel	X	
c11Tests/JournalQueryTests.swift	537	tab	panel	X	
c11Tests/JournalQueryTests.swift	537	tabID	panelID	X	
c11Tests/JournalQueryTests.swift	541	tab	panel	X	
c11Tests/JournalQueryTests.swift	543	tab	panel	X	
c11Tests/JournalQueryTests.swift	548	tab	panel	X	
c11Tests/JournalQueryTests.swift	551	tab	panel	X	
c11Tests/JournalQueryTests.swift	564	tab	panel	X	
c11Tests/JournalQueryTests.swift	565	tab	panel	X	
c11Tests/JournalQueryTests.swift	565	tabB	panelB	X	
c11Tests/JournalQueryTests.swift	566	tab	panel	X	
c11Tests/JournalQueryTests.swift	567	tab	panel	X	
c11Tests/JournalQueryTests.swift	567	tabB	panelB	X	
c11Tests/JournalQueryTests.swift	572	tab	panel	X	
c11Tests/JournalQueryTests.swift	572	tabB	panelB	X	
c11Tests/JournalQueryTests.swift	577	tab	panel	X	
c11Tests/JournalQueryTests.swift	577	tabB	panelB	X	
c11Tests/JournalQueryTests.swift	582	tab	panel	X	
c11Tests/JournalQueryTests.swift	582	tabB	panelB	X	
c11Tests/JournalQueryTests.swift	590	tab	panel	X	
c11Tests/JournalQueryTests.swift	590	tabB	panelB	X	
c11Tests/JournalQueryTests.swift	594	tab	panel	X	
c11Tests/JournalQueryTests.swift	594	tabB	panelB	X	
c11Tests/JournalQueryTests.swift	643	tabID	panelID	X	
c11Tests/JournalReducerTests.swift	10	tab	panel	X	
c11Tests/JournalReducerTests.swift	14	tab	panel	X	
c11Tests/JournalReducerTests.swift	14	tabID	panelID	X	
c11Tests/JournalStoreTests.swift	76	tabID	panelID	X	
c11Tests/JournalStoreTests.swift	114	tabID	panelID	X	
c11Tests/JournalStoreTests.swift	245	tabID	panelID	X	
c11Tests/JournalStoreTests.swift	334	tabID	panelID	X	
c11Tests/JournalStoreTests.swift	341	tabID	panelID	X	
c11Tests/JournalStoreTests.swift	349	tabID	panelID	X	
c11Tests/JournalStoreTests.swift	471	tab	panel	X	
c11Tests/JournalStoreTests.swift	473	tab	panel	X	
c11Tests/JournalStoreTests.swift	490	tab	panel	X	
c11Tests/JournalStoreTests.swift	490	tabID	panelID	X	
c11Tests/JournalStoreTests.swift	503	tab	panel	X	
c11Tests/JournalStoreTests.swift	510	tab	panel	X	
c11Tests/JournalStoreTests.swift	510	tabID	panelID	X	
c11Tests/JournalStoreTests.swift	513	tab	panel	X	
c11Tests/JournalStoreTests.swift	517	tab	panel	X	
c11Tests/LifecycleFixtureCatalog.swift	20	tab	panel	X	
c11Tests/LifecycleFixtureCatalog.swift	67	askTab	askPanel	X	
c11Tests/LifecycleFixtureCatalog.swift	67	tab	panel	X	
c11Tests/LifecycleFixtureCatalog.swift	67	toolTab	toolPanel	X	
c11Tests/LifecycleFixtureCatalog.swift	68	askTab	askPanel	X	
c11Tests/LifecycleFixtureCatalog.swift	68	tab	panel	X	
c11Tests/LifecycleFixtureCatalog.swift	94	sessionEndedOnLiveTab	sessionEndedOnLivePanel	X	
c11Tests/LifecycleFixtureCatalog.swift	95	tab	panel	X	
c11Tests/LifecycleFixtureCatalog.swift	98	tab	panel	X	
c11Tests/LifecycleFixtureCatalog.swift	257	tab	panel	X	
c11Tests/LifecycleFixtureCatalog.swift	355	tab	panel	X	
c11Tests/LifecycleFixtureCatalog.swift	392	tab	panel	X	
c11Tests/LifecycleFixtureCatalog.swift	392	tabID	panelID	X	
c11Tests/LifecycleFixtureCatalog.swift	497	tab	panel	X	
c11Tests/LifecycleFixtureCatalog.swift	505	sessionEndedOnLiveTab	sessionEndedOnLivePanel	X	
c11Tests/MailboxDispatcherTests.swift	94	tab	panel	X	
c11Tests/MailboxDispatcherTests.swift	98	tab	panel	X	
c11Tests/MailboxDispatcherTests.swift	98	tabId	panelId	X	
c11Tests/MailboxDispatcherTests.swift	150	tab	panel	X	
c11Tests/MailboxDispatcherTests.swift	196	tab	panel	X	
c11Tests/MailboxDrainTests.swift	167	tab	panel	X	
c11Tests/MailboxDrainTests.swift	170	tab	panel	X	
c11Tests/MailboxDrainTests.swift	170	tabId	panelId	X	
c11Tests/MailboxDrainTests.swift	170	tabInboxURL	panelInboxURL	X	
c11Tests/MailboxDrainTests.swift	188	tab	panel	X	
c11Tests/MailboxDrainTests.swift	191	tab	panel	X	
c11Tests/MailboxDrainTests.swift	196	tab	panel	X	
c11Tests/MailboxDrainTests.swift	197	tab	panel	X	
c11Tests/MailboxDrainTests.swift	200	tab	panel	X	
c11Tests/MailboxDrainTests.swift	200	tabId	panelId	X	
c11Tests/MailboxDrainTests.swift	200	tabInboxURLs	panelInboxURLs	X	
c11Tests/MailboxDrainTests.swift	201	tab	panel	X	
c11Tests/MailboxDrainTests.swift	205	tab	panel	X	
c11Tests/MailboxDrainTests.swift	206	tab	panel	X	
c11Tests/MailboxDrainTests.swift	206	tabId	panelId	X	
c11Tests/MailboxDrainTests.swift	206	tabInboxURLs	panelInboxURLs	X	
c11Tests/MailboxDrainTests.swift	207	tab	panel	X	
c11Tests/MailboxDrainTests.swift	213	tab	panel	X	
c11Tests/MailboxDrainTests.swift	214	tab	panel	X	
c11Tests/MailboxDrainTests.swift	217	tab	panel	X	
c11Tests/MailboxDrainTests.swift	217	tabId	panelId	X	
c11Tests/MailboxDrainTests.swift	217	tabInboxURLs	panelInboxURLs	X	
c11Tests/MailboxDrainTests.swift	220	tab	panel	X	
c11Tests/MailboxDrainTests.swift	222	tab	panel	X	
c11Tests/MailboxDrainTests.swift	222	tabId	panelId	X	
c11Tests/MailboxDrainTests.swift	222	tabInboxURLs	panelInboxURLs	X	
c11Tests/MailboxDrainTests.swift	225	tab	panel	X	
c11Tests/MailboxDrainTests.swift	225	tabId	panelId	X	
c11Tests/MailboxDrainTests.swift	225	tabInboxURLs	panelInboxURLs	X	
c11Tests/MailboxDrainTests.swift	377	tabId	panelId	X	
c11Tests/MailboxDrainTests.swift	389	tabId	panelId	X	
c11Tests/MailboxDrainTests.swift	396	tabId	panelId	X	
c11Tests/MailboxDrainTests.swift	398	tabId	panelId	X	
c11Tests/MailboxDrainTests.swift	401	tabId	panelId	X	
c11Tests/MailboxLayoutTests.swift	65	tab	panel	X	
c11Tests/MailboxLayoutTests.swift	66	tab	panel	X	
c11Tests/MailboxLayoutTests.swift	66	tabId	panelId	X	
c11Tests/MailboxLayoutTests.swift	105	tab	panel	X	
c11Tests/MailboxLayoutTests.swift	109	tab	panel	X	
c11Tests/MailboxLayoutTests.swift	109	tabId	panelId	X	
c11Tests/MailboxLayoutTests.swift	110	tab	panel	X	
c11Tests/MailboxLayoutTests.swift	110	tabId	panelId	X	
c11Tests/MailboxLayoutTests.swift	118	tab	panel	X	
c11Tests/MailboxLayoutTests.swift	118	tabId	panelId	X	
c11Tests/MailboxLayoutTests.swift	119	tab	panel	X	
c11Tests/MailboxLayoutTests.swift	119	tabId	panelId	X	
c11Tests/MailboxLayoutTests.swift	123	tabId	panelId	X	
c11Tests/MailboxLayoutTests.swift	128	tab	panel	X	
c11Tests/MailboxLayoutTests.swift	128	tabId	panelId	X	
c11Tests/MailboxLayoutTests.swift	129	tab	panel	X	
c11Tests/MailboxLayoutTests.swift	129	tabId	panelId	X	
c11Tests/MailboxLayoutTests.swift	134	tabId	panelId	X	
c11Tests/MailboxReceiptRecorderTests.swift	17	tab	panel	X	
c11Tests/MailboxReceiptRecorderTests.swift	73	tabId	panelId	X	
c11Tests/MailboxReceiptRecorderTests.swift	75	tab	panel	X	
c11Tests/MailboxReceiptRecorderTests.swift	75	tabId	panelId	X	
c11Tests/MailboxReceiptRecorderTests.swift	100	tab	panel	X	
c11Tests/MailboxReceiptRecorderTests.swift	100	tabId	panelId	X	
c11Tests/MailboxReceiptRecorderTests.swift	133	tabId	panelId	X	
c11Tests/MailboxReceiptRecorderTests.swift	140	tab	panel	X	
c11Tests/MailboxReceiptRecorderTests.swift	140	tabId	panelId	X	
c11Tests/MailboxReceiptRecorderTests.swift	160	tab	panel	X	
c11Tests/MailboxReceiptRecorderTests.swift	160	tabId	panelId	X	
c11Tests/MailboxReceiptRecorderTests.swift	179	tab	panel	X	
c11Tests/MailboxReceiptRecorderTests.swift	199	tab	panel	X	
c11Tests/MailboxReceiptRecorderTests.swift	200	tab	panel	X	
c11Tests/MailboxReceiptRecorderTests.swift	221	tab	panel	X	
c11Tests/MailboxReceiptRecorderTests.swift	346	tab	panel	X	
c11Tests/MailboxReceiptRecorderTests.swift	347	tab	panel	X	
c11Tests/MailboxReceiptRecorderTests.swift	352	tab	panel	X	
c11Tests/MailboxReceiptRecorderTests.swift	354	tab	panel	X	
c11Tests/MailboxReceiptRecorderTests.swift	354	tabId	panelId	X	
c11Tests/MailboxReceiptRecorderTests.swift	360	tab	panel	X	
c11Tests/MailboxReceiptRecorderTests.swift	366	tab	panel	X	
c11Tests/MailboxReceiptRecorderTests.swift	368	tab	panel	X	
c11Tests/MailboxReceiptRecorderTests.swift	368	tabId	panelId	X	
c11Tests/MailboxReceiptRecorderTests.swift	373	tab	panel	X	
c11Tests/MailboxReceiptRecorderTests.swift	378	tab	panel	X	
c11Tests/MailboxStdinBufferTests.swift	42	tab	panel	X	
c11Tests/MailboxStdinBufferTests.swift	43	tab	panel	X	
c11Tests/MailboxStdinBufferTests.swift	45	tab	panel	X	
c11Tests/MailboxStdinBufferTests.swift	49	tab	panel	X	
c11Tests/MailboxStdinBufferTests.swift	169	tab	panel	X	
c11Tests/MailboxStdinBufferTests.swift	170	tab	panel	X	
c11Tests/MailboxStdinBufferTests.swift	172	tab	panel	X	
c11Tests/MailboxStdinBufferTests.swift	179	tab	panel	X	
c11Tests/MailboxStdinBufferTests.swift	180	tab	panel	X	
c11Tests/MailboxStdinBufferTests.swift	181	tab	panel	X	
c11Tests/MailboxStdinBufferTests.swift	182	tab	panel	X	
c11Tests/MailboxStdinBufferTests.swift	184	tab	panel	X	
c11Tests/MailboxStdinBufferTests.swift	187	tab	panel	X	
c11Tests/MailboxStdinBufferTests.swift	189	tab	panel	X	
c11Tests/MailboxStdinBufferTests.swift	207	tab	panel	X	
c11Tests/MailboxStdinBufferTests.swift	208	tab	panel	X	
c11Tests/MailboxStdinBufferTests.swift	209	tab	panel	X	
c11Tests/MailboxStdinBufferTests.swift	210	tab	panel	X	
c11Tests/MailboxStdinBufferTests.swift	212	tab	panel	X	
c11Tests/MailboxStdinBufferTests.swift	221	tab	panel	X	
c11Tests/MailboxStdinBufferTests.swift	222	tab	panel	X	
c11Tests/MailboxStdinBufferTests.swift	223	tab	panel	X	
c11Tests/MailboxStdinBufferTests.swift	225	tab	panel	X	
c11Tests/MailboxStdinBufferTests.swift	228	tab	panel	X	
c11Tests/MailboxStdinBufferTests.swift	229	tab	panel	X	
c11Tests/MailboxStdinBufferTests.swift	231	tab	panel	X	
c11Tests/MailboxStdinBufferTests.swift	240	tab	panel	X	
c11Tests/MailboxStdinBufferTests.swift	241	tab	panel	X	
c11Tests/MailboxStdinBufferTests.swift	242	tab	panel	X	
c11Tests/MailboxStdinBufferTests.swift	245	tab	panel	X	
c11Tests/MailboxStdinBufferTests.swift	250	tab	panel	X	
c11Tests/MailboxStdinBufferTests.swift	251	tab	panel	X	
c11Tests/MailboxStdinBufferTests.swift	253	tab	panel	X	
c11Tests/MailboxStdinBufferTests.swift	257	tab	panel	X	
c11Tests/MailboxStdinBufferTests.swift	258	tab	panel	X	
c11Tests/MailboxStdinBufferTests.swift	260	tab	panel	X	
c11Tests/MailboxStdinBufferTests.swift	307	tab	panel	X	
c11Tests/MailboxStdinBufferTests.swift	308	tab	panel	X	
c11Tests/MailboxStdinBufferTests.swift	309	tab	panel	X	
c11Tests/MailboxStdinBufferTests.swift	310	tab	panel	X	
c11Tests/MailboxStdinBufferTests.swift	315	tab	panel	X	
c11Tests/MailboxStdinBufferTests.swift	316	tab	panel	X	
c11Tests/MailboxStdinBufferTests.swift	317	tab	panel	X	
c11Tests/MailboxStdinBufferTests.swift	318	tab	panel	X	
c11Tests/MailboxStdinBufferTests.swift	327	tab	panel	X	
c11Tests/MailboxStdinBufferTests.swift	328	tab	panel	X	
c11Tests/MailboxStdinBufferTests.swift	329	tab	panel	X	
c11Tests/MailboxStdinBufferTests.swift	330	tab	panel	X	
c11Tests/MailboxStdinBufferTests.swift	348	tab	panel	X	
c11Tests/MailboxStdinBufferTests.swift	349	tab	panel	X	
c11Tests/MailboxStdinBufferTests.swift	350	tab	panel	X	
c11Tests/MailboxStdinBufferTests.swift	351	tab	panel	X	
c11Tests/MailboxStdinBufferTests.swift	361	tab	panel	X	
c11Tests/MailboxStdinBufferTests.swift	362	tab	panel	X	
c11Tests/MailboxStdinBufferTests.swift	365	tab	panel	X	
c11Tests/MailboxStdinBufferTests.swift	366	tab	panel	X	
c11Tests/MailboxStdinBufferTests.swift	368	tab	panel	X	
c11Tests/MailboxStdinBufferTests.swift	376	tab	panel	X	
c11Tests/MailboxStdinBufferTests.swift	377	tab	panel	X	
c11Tests/MailboxStdinBufferTests.swift	378	tab	panel	X	
c11Tests/MailboxStdinBufferTests.swift	379	tab	panel	X	
c11Tests/MailboxStdinBufferTests.swift	381	tab	panel	X	
c11Tests/MailboxStdinBufferTests.swift	390	tab	panel	X	
c11Tests/MailboxStdinBufferTests.swift	391	tab	panel	X	
c11Tests/MailboxStdinBufferTests.swift	392	tab	panel	X	
c11Tests/MailboxStdinBufferTests.swift	393	tab	panel	X	
c11Tests/MailboxStdinBufferTests.swift	431	tab	panel	X	
c11Tests/MailboxStdinBufferTests.swift	432	tab	panel	X	
c11Tests/MailboxStdinBufferTests.swift	433	tab	panel	X	
c11Tests/MailboxStdinBufferTests.swift	434	tab	panel	X	
c11Tests/MailboxStdinBufferTests.swift	436	tab	panel	X	
c11Tests/MailboxStdinBufferTests.swift	443	tab	panel	X	
c11Tests/MailboxStdinBufferTests.swift	444	tab	panel	X	
c11Tests/MailboxStdinBufferTests.swift	445	tab	panel	X	
c11Tests/MailboxStdinBufferTests.swift	447	tab	panel	X	
c11Tests/MailboxStdinBufferTests.swift	451	tab	panel	X	
c11Tests/MailboxStdinBufferTests.swift	453	tab	panel	X	
c11Tests/MailboxStdinBufferTests.swift	455	tab	panel	X	
c11Tests/MailboxStdinBufferTests.swift	509	tab	panel	X	
c11Tests/MailboxStdinBufferTests.swift	510	tab	panel	X	
c11Tests/MailboxStdinBufferTests.swift	511	tab	panel	X	
c11Tests/MailboxStdinBufferTests.swift	512	tab	panel	X	
c11Tests/MailboxStdinBufferTests.swift	513	tab	panel	X	
c11Tests/MailboxStdinBufferTests.swift	515	tab	panel	X	
c11Tests/MailboxStdinBufferTests.swift	552	tab	panel	X	
c11Tests/MailboxStdinBufferTests.swift	553	tab	panel	X	
c11Tests/MailboxStdinBufferTests.swift	554	tab	panel	X	
c11Tests/MailboxStdinBufferTests.swift	556	tab	panel	X	
c11Tests/MailboxStdinBufferTests.swift	559	tab	panel	X	
c11Tests/MailboxStdinBufferTests.swift	560	tab	panel	X	
c11Tests/MailboxStdinBufferTests.swift	561	tab	panel	X	
c11Tests/MailboxStdinBufferTests.swift	576	tab	panel	X	
c11Tests/MailboxStdinBufferTests.swift	578	tab	panel	X	
c11Tests/MailboxStdinBufferTests.swift	578	tabTerminalDevice	panelTerminalDevice	X	
c11Tests/MailboxStdinBufferTests.swift	595	tabTTYName	panelTTYName	X	
c11Tests/MailboxStdinBufferTests.swift	608	tab	panel	X	
c11Tests/MailboxStdinBufferTests.swift	610	tabTTYName	panelTTYName	X	
c11Tests/MailboxStdinBufferTests.swift	611	tabTTYName	panelTTYName	X	
c11Tests/MailboxStdinBufferTests.swift	677	tab	panel	X	
c11Tests/MailboxStdinBufferTests.swift	678	tab	panel	X	
c11Tests/MailboxStdinBufferTests.swift	679	tab	panel	X	
c11Tests/MailboxStdinBufferTests.swift	681	tab	panel	X	
c11Tests/MailboxStdinBufferTests.swift	682	tab	panel	X	
c11Tests/MailboxStdinBufferTests.swift	683	tab	panel	X	
c11Tests/MailboxStdinBufferTests.swift	684	tab	panel	X	
c11Tests/MailboxStdinBufferTests.swift	685	tab	panel	X	
c11Tests/MailboxStdinBufferTests.swift	686	tab	panel	X	
c11Tests/MailboxStdinBufferTests.swift	687	tab	panel	X	
c11Tests/NotificationAndMenuBarTests.swift	965	suppressedTab	suppressedPanel	X	
c11Tests/NotificationAndMenuBarTests.swift	966	flaggedTab	flaggedPanel	X	
c11Tests/NotificationAndMenuBarTests.swift	968	suppressedTab	suppressedPanel	X	
c11Tests/NotificationAndMenuBarTests.swift	972	flaggedTab	flaggedPanel	X	
c11Tests/NotificationAndMenuBarTests.swift	975	flaggedTab	flaggedPanel	X	
c11Tests/NotificationAndMenuBarTests.swift	975	notificationTabs	notificationPanels	X	
c11Tests/NotificationAndMenuBarTests.swift	975	suppressedTab	suppressedPanel	X	
c11Tests/NotificationAndMenuBarTests.swift	976	notificationTabs	notificationPanels	X	
c11Tests/NotificationAndMenuBarTests.swift	1211	tabID	panelID	X	
c11Tests/NotificationAndMenuBarTests.swift	1216	tabID	panelID	X	
c11Tests/NotificationAndMenuBarTests.swift	1223	removeTab	removePanel	X	
c11Tests/NotificationAndMenuBarTests.swift	1223	tabID	panelID	X	
c11Tests/NotificationAndMenuBarTests.swift	1228	tabID	panelID	X	
c11Tests/NotificationCommandEnvironmentTests.swift	79	tab	panel	X	
c11Tests/NotificationCommandEnvironmentTests.swift	86	tab	panel	X	
c11Tests/NotificationCommandEnvironmentTests.swift	87	tab	panel	X	
c11Tests/NotificationCommandEnvironmentTests.swift	92	tab	panel	X	
c11Tests/NotificationCommandEnvironmentTests.swift	94	tab	panel	X	
c11Tests/NotificationCommandEnvironmentTests.swift	114	tab	panel	X	
c11Tests/NotificationCommandEnvironmentTests.swift	119	tab	panel	X	
c11Tests/NotificationCommandEnvironmentTests.swift	129	tab	panel	X	
c11Tests/NotificationCommandEnvironmentTests.swift	133	tab	panel	X	
c11Tests/NotificationCommandEnvironmentTests.swift	154	tab	panel	X	
c11Tests/NotificationCommandEnvironmentTests.swift	166	tab	panel	X	
c11Tests/NotificationCommandEnvironmentTests.swift	168	tab	panel	X	
c11Tests/NotificationCommandEnvironmentTests.swift	171	tab	panel	X	
c11Tests/NotificationCommandEnvironmentTests.swift	203	tab	panel	X	
c11Tests/NotificationCommandEnvironmentTests.swift	206	tab	panel	X	
c11Tests/NotificationCommandEnvironmentTests.swift	207	tab	panel	X	
c11Tests/NotificationCommandEnvironmentTests.swift	241	tab	panel	X	
c11Tests/NotificationCommandEnvironmentTests.swift	244	tab	panel	X	
c11Tests/NotificationCommandEnvironmentTests.swift	245	tab	panel	X	
c11Tests/NotificationCommandEnvironmentTests.swift	266	tab	panel	X	
c11Tests/NotificationCommandEnvironmentTests.swift	280	tab	panel	X	
c11Tests/OmnibarAndToolsTests.swift	524	openTabMatches	openPanelMatches	X	
c11Tests/OmnibarAndToolsTests.swift	606	openTabMatches	openPanelMatches	X	
c11Tests/OmnibarAndToolsTests.swift	644	openTabMatches	openPanelMatches	X	
c11Tests/OmnibarAndToolsTests.swift	690	openTabMatches	openPanelMatches	X	
c11Tests/OmnibarAndToolsTests.swift	696	isKnownOpenTab	isKnownOpenPanel	Muse	
c11Tests/OmnibarAndToolsTests.swift	735	openTabMatches	openPanelMatches	X	
c11Tests/OmnibarAndToolsTests.swift	778	openTabMatches	openPanelMatches	X	
c11Tests/OmnibarAndToolsTests.swift	823	openTabMatches	openPanelMatches	X	
c11Tests/OmnibarAndToolsTests.swift	829	isKnownOpenTab	isKnownOpenPanel	Muse	
c11Tests/PromptInputGuardTests.swift	504	originalTab	originalPanel	X	
c11Tests/PromptInputGuardTests.swift	505	replacementTab	replacementPanel	X	
c11Tests/PromptInputGuardTests.swift	509	expectedTab	expectedPanel	X	
c11Tests/PromptInputGuardTests.swift	509	originalTab	originalPanel	X	
c11Tests/PromptInputGuardTests.swift	510	currentTab	currentPanel	X	
c11Tests/PromptInputGuardTests.swift	510	replacementTab	replacementPanel	X	
c11Tests/PromptInputGuardTests.swift	533	tabID	panelID	X	
c11Tests/PromptInputGuardTests.swift	534	tabID	panelID	X	
c11Tests/PromptInputGuardTests.swift	539	tabID	panelID	X	
c11Tests/PromptInputGuardTests.swift	548	tabID	panelID	X	
c11Tests/PromptInputGuardTests.swift	565	tabID	panelID	X	
c11Tests/PromptInputGuardTests.swift	568	tabID	panelID	X	
c11Tests/PromptInputGuardTests.swift	577	tabID	panelID	X	
c11Tests/PromptInputGuardTests.swift	600	tabID	panelID	X	
c11Tests/PromptInputGuardTests.swift	618	tabID	panelID	X	
c11Tests/PromptInputGuardTests.swift	624	tabID	panelID	X	
c11Tests/PromptInputGuardTests.swift	690	tabID	panelID	X	
c11Tests/PromptInputGuardTests.swift	691	replacementTabID	replacementPanelID	X	
c11Tests/PromptInputGuardTests.swift	692	tabID	panelID	X	
c11Tests/PromptInputGuardTests.swift	693	tabID	panelID	X	
c11Tests/PromptInputGuardTests.swift	694	replacementTabID	replacementPanelID	X	
c11Tests/PromptInputGuardTests.swift	694	tabID	panelID	X	
c11Tests/PromptInputGuardTests.swift	695	tabID	panelID	X	
c11Tests/PromptInputGuardTests.swift	742	tabID	panelID	X	
c11Tests/PromptInputGuardTests.swift	745	tabID	panelID	X	
c11Tests/PromptInputGuardTests.swift	749	tabID	panelID	X	
c11Tests/PromptInputGuardTests.swift	753	tabID	panelID	X	
c11Tests/PromptInputGuardTests.swift	756	tabID	panelID	X	
c11Tests/PromptInputGuardTests.swift	763	tabID	panelID	X	
c11Tests/PromptInputGuardTests.swift	802	tabID	panelID	X	
c11Tests/PromptInputGuardTests.swift	805	flagCallerTabID	flagCallerPanelID	X	
c11Tests/PromptInputGuardTests.swift	805	flagCallerTabId	flagCallerPanelId	X	
c11Tests/SendTextParseTests.swift	48	tab	panel	X	
c11Tests/SendTextParseTests.swift	56	tab	panel	X	
c11Tests/SessionPersistenceTests.swift	129	setTabCustomTitle	setPanelCustomTitle	Muse	
c11Tests/SessionPersistenceTests.swift	140	tabTitle	panelTitle	X	
c11Tests/SessionPersistenceTests.swift	151	tab	panel	L	let tab = SessionPanelSnapshot(
c11Tests/SessionPersistenceTests.swift	157	tab	panel	L	let tab = SessionPanelSnapshot(
c11Tests/SessionRestoreNormalizationTests.swift	131	tabId	panelId	X	
c11Tests/SessionRestoreNormalizationTests.swift	162	tabId	panelId	X	
c11Tests/SidebarOrderingTests.swift	375	updateTabPullRequest	updatePanelPullRequest	Muse	
c11Tests/SidebarOrderingTests.swift	383	updateTabPullRequest	updatePanelPullRequest	Muse	
c11Tests/SidebarOrderingTests.swift	419	updateTabGitBranch	updatePanelGitBranch	Muse	
c11Tests/SidebarOrderingTests.swift	420	updateTabPullRequest	updatePanelPullRequest	Muse	
c11Tests/SidebarOrderingTests.swift	428	updateTabGitBranch	updatePanelGitBranch	Muse	
c11Tests/SidebarOrderingTests.swift	443	updateTabGitBranch	updatePanelGitBranch	Muse	
c11Tests/SidebarOrderingTests.swift	444	updateTabPullRequest	updatePanelPullRequest	Muse	
c11Tests/SocketTabRefRejectionWiringTests.swift	130	v2SurfaceReadText	v2PanelReadText	X	
c11Tests/SocketTabRefRejectionWiringTests.swift	212	v2SurfaceSplit	v2PanelSplit	X	
c11Tests/SocketTabRefRejectionWiringTests.swift	216	v2SurfaceReadText	v2PanelReadText	X	
c11Tests/TabActivitySignalsTests.swift	79	TabSheetClockText	PanelSheetClockText	T	
c11Tests/TabActivitySignalsTests.swift	80	TabSheetClockText	PanelSheetClockText	T	
c11Tests/TabActivitySignalsTests.swift	81	TabSheetClockText	PanelSheetClockText	T	
c11Tests/TabActivitySignalsTests.swift	82	TabSheetClockText	PanelSheetClockText	T	
c11Tests/TabActivitySignalsTests.swift	83	TabSheetClockText	PanelSheetClockText	T	
c11Tests/TabActivitySignalsTests.swift	87	TabSheetClockText	PanelSheetClockText	T	
c11Tests/TabActivitySignalsTests.swift	88	TabSheetClockText	PanelSheetClockText	T	
c11Tests/TabActivitySignalsTests.swift	89	TabSheetClockText	PanelSheetClockText	T	
c11Tests/TabActivitySignalsTests.swift	90	TabSheetClockText	PanelSheetClockText	T	
c11Tests/TabActivitySignalsTests.swift	94	TabSheetClockText	PanelSheetClockText	T	
c11Tests/TabActivitySignalsTests.swift	95	TabSheetClockText	PanelSheetClockText	T	
c11Tests/TabActivitySignalsTests.swift	102	TabSheetDetailBuilder	PanelSheetDetailBuilder	T	
c11Tests/TabActivitySignalsTests.swift	103	TabSheetDetailBuilder	PanelSheetDetailBuilder	T	
c11Tests/TabActivitySignalsTests.swift	106	TabSheetDetailBuilder	PanelSheetDetailBuilder	T	
c11Tests/TabActivitySignalsTests.swift	107	TabSheetDetailBuilder	PanelSheetDetailBuilder	T	
c11Tests/TabActivitySignalsTests.swift	114	TabSheetDetailBuilder	PanelSheetDetailBuilder	T	
c11Tests/TabActivitySignalsTests.swift	115	TabSheetDetailBuilder	PanelSheetDetailBuilder	T	
c11Tests/TabActivitySignalsTests.swift	116	TabSheetDetailBuilder	PanelSheetDetailBuilder	T	
c11Tests/TabActivitySignalsTests.swift	129	TabSheetDetailBuilder	PanelSheetDetailBuilder	T	
c11Tests/TabActivitySignalsTests.swift	147	TabSheetDetailBuilder	PanelSheetDetailBuilder	T	
c11Tests/TabActivitySignalsTests.swift	156	TabSheetDetailBuilder	PanelSheetDetailBuilder	T	
c11Tests/TabActivitySignalsTests.swift	162	TabSheetDetailBuilder	PanelSheetDetailBuilder	T	
c11Tests/TabActivitySignalsTests.swift	166	TabSheetDetailBuilder	PanelSheetDetailBuilder	T	
c11Tests/TabActivitySignalsTests.swift	168	TabSheetDetailBuilder	PanelSheetDetailBuilder	T	
c11Tests/TabActivitySignalsTests.swift	172	TabSheetDetailBuilder	PanelSheetDetailBuilder	T	
c11Tests/TabActivitySignalsTests.swift	173	TabSheetDetailBuilder	PanelSheetDetailBuilder	T	
c11Tests/TabActivitySignalsTests.swift	175	TabSheetDetailBuilder	PanelSheetDetailBuilder	T	
c11Tests/TabActivitySignalsTests.swift	176	TabSheetDetailBuilder	PanelSheetDetailBuilder	T	
c11Tests/TabActivitySignalsTests.swift	178	TabSheetDetailBuilder	PanelSheetDetailBuilder	T	
c11Tests/TabActivitySignalsTests.swift	183	TabSheetDetailBuilder	PanelSheetDetailBuilder	T	
c11Tests/TabActivitySignalsTests.swift	188	TabSheetDetailBuilder	PanelSheetDetailBuilder	T	
c11Tests/TabActivitySignalsTests.swift	193	TabSheetDetailBuilder	PanelSheetDetailBuilder	T	
c11Tests/TabIdentityRestoreTests.swift	155	initialTabId	initialPanelId	X	
c11Tests/TabIdentityRestoreTests.swift	156	terminalTab	terminalPanel	X	
c11Tests/TabIdentityRestoreTests.swift	157	initialTabId	initialPanelId	X	
c11Tests/TabIdentityRestoreTests.swift	171	terminalTab	terminalPanel	X	
c11Tests/TabIdentityRestoreTests.swift	182	initialTabId	initialPanelId	X	
c11Tests/TabIdentityRestoreTests.swift	183	initialTabId	initialPanelId	X	
c11Tests/TabIdentityRestoreTests.swift	184	initialTabId	initialPanelId	X	
c11Tests/TabIdentityRestoreTests.swift	184	terminalTab	terminalPanel	X	
c11Tests/TabLayoutSettingsTests.swift	18	TabLayoutSettings	PanelLayoutSettings	T	
c11Tests/TabLayoutSettingsTests.swift	19	TabLayoutSettings	PanelLayoutSettings	T	
c11Tests/TabLayoutSettingsTests.swift	20	TabLayoutSettings	PanelLayoutSettings	T	
c11Tests/TabLayoutSettingsTests.swift	25	TabLayoutSettings	PanelLayoutSettings	T	
c11Tests/TabLayoutSettingsTests.swift	26	TabLayoutSettings	PanelLayoutSettings	T	
c11Tests/TabLayoutSettingsTests.swift	27	TabLayoutSettings	PanelLayoutSettings	T	
c11Tests/TabLayoutSettingsTests.swift	28	TabLayoutSettings	PanelLayoutSettings	T	
c11Tests/TabLayoutSettingsTests.swift	29	TabLayoutSettings	PanelLayoutSettings	T	
c11Tests/TabLayoutSettingsTests.swift	30	TabLayoutSettings	PanelLayoutSettings	T	
c11Tests/TabLayoutSettingsTests.swift	31	TabLayoutSettings	PanelLayoutSettings	T	
c11Tests/TabLayoutSettingsTests.swift	36	TabLayoutSettings	PanelLayoutSettings	T	
c11Tests/TabLayoutSettingsTests.swift	37	TabLayoutSettings	PanelLayoutSettings	T	
c11Tests/TabLayoutSettingsTests.swift	38	TabLayoutSettings	PanelLayoutSettings	T	
c11Tests/TabLayoutSettingsTests.swift	39	TabLayoutSettings	PanelLayoutSettings	T	
c11Tests/TabLayoutSettingsTests.swift	40	TabLayoutSettings	PanelLayoutSettings	T	
c11Tests/TabLayoutSettingsTests.swift	46	TabLayoutSettings	PanelLayoutSettings	T	
c11Tests/TabLayoutSettingsTests.swift	51	TabLayoutSettings	PanelLayoutSettings	T	
c11Tests/TabLayoutSettingsTests.swift	52	TabLayoutSettings	PanelLayoutSettings	T	
c11Tests/TabLayoutSettingsTests.swift	53	TabLayoutSettings	PanelLayoutSettings	T	
c11Tests/TabLayoutSettingsTests.swift	54	TabLayoutSettings	PanelLayoutSettings	T	
c11Tests/TabLayoutSettingsTests.swift	55	TabLayoutSettings	PanelLayoutSettings	T	
c11Tests/TabLayoutSettingsTests.swift	56	TabLayoutSettings	PanelLayoutSettings	T	
c11Tests/TabLayoutSettingsTests.swift	61	TabLayoutSettings	PanelLayoutSettings	T	
c11Tests/TabLayoutSettingsTests.swift	62	TabLayoutSettings	PanelLayoutSettings	T	
c11Tests/TabLayoutSettingsTests.swift	65	TabLayoutSettings	PanelLayoutSettings	T	
c11Tests/TabLayoutSettingsTests.swift	68	TabLayoutSettings	PanelLayoutSettings	T	
c11Tests/TabLayoutSettingsTests.swift	73	TabLayoutSettings	PanelLayoutSettings	T	
c11Tests/TabLayoutSettingsTests.swift	74	TabLayoutSettings	PanelLayoutSettings	T	
c11Tests/TabLayoutSettingsTests.swift	75	TabLayoutSettings	PanelLayoutSettings	T	
c11Tests/TabLayoutSettingsTests.swift	76	TabLayoutSettings	PanelLayoutSettings	T	
c11Tests/TabLayoutSettingsTests.swift	79	TabLayoutSettings	PanelLayoutSettings	T	
c11Tests/TabLayoutSettingsTests.swift	80	TabLayoutSettings	PanelLayoutSettings	T	
c11Tests/TabLayoutSettingsTests.swift	81	TabLayoutSettings	PanelLayoutSettings	T	
c11Tests/TabLayoutSettingsTests.swift	82	TabLayoutSettings	PanelLayoutSettings	T	
c11Tests/TabLayoutSettingsTests.swift	83	TabLayoutSettings	PanelLayoutSettings	T	
c11Tests/TabLayoutSettingsTests.swift	88	TabLayoutSettings	PanelLayoutSettings	T	
c11Tests/TabLayoutSettingsTests.swift	89	TabLayoutSettings	PanelLayoutSettings	T	
c11Tests/TabLayoutSettingsTests.swift	91	TabLayoutSettings	PanelLayoutSettings	T	
c11Tests/TabLayoutSettingsTests.swift	92	TabLayoutSettings	PanelLayoutSettings	T	
c11Tests/TabLayoutSettingsTests.swift	93	TabLayoutSettings	PanelLayoutSettings	T	
c11Tests/TabLayoutSettingsTests.swift	95	TabLayoutSettings	PanelLayoutSettings	T	
c11Tests/TabLayoutSettingsTests.swift	96	TabLayoutSettings	PanelLayoutSettings	T	
c11Tests/TabLayoutSettingsTests.swift	97	TabLayoutSettings	PanelLayoutSettings	T	
c11Tests/TabLayoutSettingsTests.swift	98	TabLayoutSettings	PanelLayoutSettings	T	
c11Tests/TabLayoutSettingsTests.swift	105	TabLayoutObserver	PanelLayoutObserver	T	
c11Tests/TabLayoutSettingsTests.swift	108	TabLayoutSettings	PanelLayoutSettings	T	
c11Tests/TabLayoutSettingsTests.swift	109	TabLayoutSettings	PanelLayoutSettings	T	
c11Tests/TabLayoutSettingsTests.swift	110	TabLayoutSettings	PanelLayoutSettings	T	
c11Tests/TabLayoutSettingsTests.swift	113	TabLayoutSettings	PanelLayoutSettings	T	
c11Tests/TabLayoutSettingsTests.swift	114	TabLayoutSettings	PanelLayoutSettings	T	
c11Tests/TabLayoutSettingsTests.swift	115	TabLayoutSettings	PanelLayoutSettings	T	
c11Tests/TabLivenessDeriverTests.swift	691	tabID	panelID	X	
c11Tests/TabMetadataStoreValidationTests.swift	249	flagCallerTabId	flagCallerPanelId	X	
c11Tests/TabMetadataStoreValidationTests.swift	274	flagCallerTabId	flagCallerPanelId	X	
c11Tests/TabMetadataStoreValidationTests.swift	312	flagCallerTabId	flagCallerPanelId	X	
c11Tests/TabMetadataStoreValidationTests.swift	343	tab	panel	X	
c11Tests/TabMetadataStoreValidationTests.swift	344	tab	panel	X	
c11Tests/TabMetadataStoreValidationTests.swift	348	tab	panel	X	
c11Tests/TabMetadataStoreValidationTests.swift	349	tab	panel	X	
c11Tests/TabMetadataStoreValidationTests.swift	350	tab	panel	X	
c11Tests/TabMetadataStoreValidationTests.swift	356	tab	panel	X	
c11Tests/TabMetadataStoreValidationTests.swift	357	tab	panel	X	
c11Tests/TabMetadataStoreValidationTests.swift	358	tab	panel	X	
c11Tests/TabMetadataStoreValidationTests.swift	360	tab	panel	X	
c11Tests/TabMetadataStoreValidationTests.swift	362	tab	panel	X	
c11Tests/TabMetadataStoreValidationTests.swift	363	tab	panel	X	
c11Tests/TabMetadataStoreValidationTests.swift	371	tab	panel	X	
c11Tests/TabMetadataStoreValidationTests.swift	372	tab	panel	X	
c11Tests/TabMetadataStoreValidationTests.swift	373	tab	panel	X	
c11Tests/TabMetadataStoreValidationTests.swift	377	tab	panel	X	
c11Tests/TabMetadataStoreValidationTests.swift	378	tab	panel	X	
c11Tests/TabMetadataStoreValidationTests.swift	380	tab	panel	X	
c11Tests/TabMetadataStoreValidationTests.swift	381	tab	panel	X	
c11Tests/TabMetadataStoreValidationTests.swift	383	tab	panel	X	
c11Tests/TabMetadataStoreValidationTests.swift	385	tab	panel	X	
c11Tests/TabMetadataStoreValidationTests.swift	399	tab	panel	X	
c11Tests/TabMetadataStoreValidationTests.swift	400	tab	panel	X	
c11Tests/TabMetadataStoreValidationTests.swift	401	tab	panel	X	
c11Tests/TabMetadataStoreValidationTests.swift	403	tab	panel	X	
c11Tests/TabMetadataStoreValidationTests.swift	407	tab	panel	X	
c11Tests/TabMetadataStoreValidationTests.swift	415	tab	panel	X	
c11Tests/TabMetadataStoreValidationTests.swift	416	tab	panel	X	
c11Tests/TabMetadataStoreValidationTests.swift	417	tab	panel	X	
c11Tests/TabMetadataStoreValidationTests.swift	418	tab	panel	X	
c11Tests/TabMetadataStoreValidationTests.swift	421	tab	panel	X	
c11Tests/TabMetadataStoreValidationTests.swift	426	tab	panel	X	
c11Tests/TabMetadataStoreValidationTests.swift	427	tab	panel	X	
c11Tests/TabMetadataStoreValidationTests.swift	428	tab	panel	X	
c11Tests/TabMetadataStoreValidationTests.swift	430	tab	panel	X	
c11Tests/TabMetadataStoreValidationTests.swift	446	tab	panel	X	
c11Tests/TabMetadataStoreValidationTests.swift	447	tab	panel	X	
c11Tests/TabMetadataStoreValidationTests.swift	448	tab	panel	X	
c11Tests/TabMetadataStoreValidationTests.swift	449	tab	panel	X	
c11Tests/TabMetadataStoreValidationTests.swift	450	tab	panel	X	
c11Tests/TabOrdinalDisplayTests.swift	23	TabOrdinalDisplaySettings	PanelOrdinalDisplaySettings	T	
c11Tests/TabOrdinalDisplayTests.swift	31	TabOrdinalDisplaySettings	PanelOrdinalDisplaySettings	T	
c11Tests/TabOrdinalDisplayTests.swift	31	showSurfaceIdsInTabTitlesKey	showSurfaceIdsInPanelTitlesKey	Muse	
c11Tests/TabOrdinalDisplayTests.swift	32	TabOrdinalDisplaySettings	PanelOrdinalDisplaySettings	T	
c11Tests/TabOrdinalDisplayTests.swift	34	TabOrdinalDisplaySettings	PanelOrdinalDisplaySettings	T	
c11Tests/TabOrdinalDisplayTests.swift	34	showSurfaceIdsInTabTitlesKey	showSurfaceIdsInPanelTitlesKey	Muse	
c11Tests/TabOrdinalDisplayTests.swift	35	TabOrdinalDisplaySettings	PanelOrdinalDisplaySettings	T	
c11Tests/TabOrdinalDisplayTests.swift	105	TabOrdinalDisplayObserver	PanelOrdinalDisplayObserver	T	
c11Tests/TabOrdinalDisplayTests.swift	109	TabOrdinalDisplaySettings	PanelOrdinalDisplaySettings	T	
c11Tests/TabOrdinalDisplayTests.swift	109	showSurfaceIdsInTabTitlesKey	showSurfaceIdsInPanelTitlesKey	Muse	
c11Tests/TabRailTipCenterTests.swift	10	TabRailTipStoring	PanelRailTipStoring	T	
c11Tests/TabRailTipCenterTests.swift	36	TabRailTipCenter	PanelRailTipCenter	T	
c11Tests/TabRailTipCenterTests.swift	51	TabRailTipCenter	PanelRailTipCenter	T	
c11Tests/TabRailTipCenterTests.swift	51	TabRailTipPolicy	PanelRailTipPolicy	T	
c11Tests/TabRailTipCenterTests.swift	66	TabLayoutSettings	PanelLayoutSettings	T	
c11Tests/TabRailTipCenterTests.swift	71	TabLayoutSettings	PanelLayoutSettings	T	
c11Tests/TabRailTipCenterTests.swift	75	TabRailTipPolicy	PanelRailTipPolicy	T	
c11Tests/TabRailTipCenterTests.swift	90	TabRailTipPolicy	PanelRailTipPolicy	T	
c11Tests/TabRailTipCenterTests.swift	123	TabLayoutSettings	PanelLayoutSettings	T	
c11Tests/TabRailTipCenterTests.swift	125	TabLayoutSettings	PanelLayoutSettings	T	
c11Tests/TabRailTipCenterTests.swift	132	TabLayoutSettings	PanelLayoutSettings	T	
c11Tests/TabRailTipCenterTests.swift	139	TabLayoutSettings	PanelLayoutSettings	T	
c11Tests/TabRailTipPolicyTests.swift	12	TabRailTipStoring	PanelRailTipStoring	T	
c11Tests/TabRailTipPolicyTests.swift	45	TabRailTipPolicy	PanelRailTipPolicy	T	
c11Tests/TabRailTipPolicyTests.swift	46	TabRailTipPolicy	PanelRailTipPolicy	T	
c11Tests/TabRailTipPolicyTests.swift	61	TabRailTipPolicy	PanelRailTipPolicy	T	
c11Tests/TabRailTipPolicyTests.swift	74	TabRailTipPolicy	PanelRailTipPolicy	T	
c11Tests/TabRailTipPolicyTests.swift	79	TabRailTipPolicy	PanelRailTipPolicy	T	
c11Tests/TabRailTipPolicyTests.swift	99	TabRailTipPolicy	PanelRailTipPolicy	T	
c11Tests/TabRailTipPolicyTests.swift	110	TabRailTipPolicy	PanelRailTipPolicy	T	
c11Tests/TabRailTipPolicyTests.swift	111	TabRailTipPolicy	PanelRailTipPolicy	T	
c11Tests/TabRailTipPolicyTests.swift	115	TabRailTipPolicy	PanelRailTipPolicy	T	
c11Tests/TabRailTipPolicyTests.swift	124	TabRailTipPolicy	PanelRailTipPolicy	T	
c11Tests/TabRailTipPolicyTests.swift	138	layoutIsTabs	layoutIsStrip	X	
c11Tests/TabRailTipPolicyTests.swift	146	layoutIsTabs	layoutIsStrip	X	
c11Tests/TabRailTipPolicyTests.swift	155	layoutIsTabs	layoutIsStrip	X	
c11Tests/TabRailTipPolicyTests.swift	158	layoutIsTabs	layoutIsStrip	X	
c11Tests/TabRailTipPolicyTests.swift	166	layoutIsTabs	layoutIsStrip	X	
c11Tests/TabRailTipPolicyTests.swift	174	layoutIsTabs	layoutIsStrip	X	
c11Tests/TabRailTipPolicyTests.swift	176	layoutIsTabs	layoutIsStrip	X	
c11Tests/TabRailTipPolicyTests.swift	186	layoutIsTabs	layoutIsStrip	X	
c11Tests/TabRailTipPolicyTests.swift	187	layoutIsTabs	layoutIsStrip	X	
c11Tests/TabRailTipPolicyTests.swift	195	layoutIsTabs	layoutIsStrip	X	
c11Tests/TabRailTipPolicyTests.swift	204	layoutIsTabs	layoutIsStrip	X	
c11Tests/TabRailTipPolicyTests.swift	211	TabRailTipPolicy	PanelRailTipPolicy	T	
c11Tests/TabRailTipPolicyTests.swift	212	layoutIsTabs	layoutIsStrip	X	
c11Tests/TabRailTipPolicyTests.swift	213	layoutIsTabs	layoutIsStrip	X	
c11Tests/TabRailTipPolicyTests.swift	214	layoutIsTabs	layoutIsStrip	X	
c11Tests/TabRailTipPolicyTests.swift	215	TabRailTipPolicy	PanelRailTipPolicy	T	
c11Tests/TabRailTipPolicyTests.swift	219	TabRailTipPolicy	PanelRailTipPolicy	T	
c11Tests/TabRailTipPolicyTests.swift	221	layoutIsTabs	layoutIsStrip	X	
c11Tests/TabRailTipPolicyTests.swift	223	TabRailTipPolicy	PanelRailTipPolicy	T	
c11Tests/TabRailTipPolicyTests.swift	224	layoutIsTabs	layoutIsStrip	X	
c11Tests/TabRailTipPolicyTests.swift	227	layoutIsTabs	layoutIsStrip	X	
c11Tests/TabRailTipPolicyTests.swift	230	TabRailTipPolicy	PanelRailTipPolicy	T	
c11Tests/TabRailTipPolicyTests.swift	235	layoutIsTabs	layoutIsStrip	X	
c11Tests/TabRailTipPolicyTests.swift	245	layoutIsTabs	layoutIsStrip	X	
c11Tests/TabRailTipPolicyTests.swift	250	TabRailTipPolicy	PanelRailTipPolicy	T	
c11Tests/TabRailTipPolicyTests.swift	254	layoutIsTabs	layoutIsStrip	X	
c11Tests/TabRailTipPolicyTests.swift	258	layoutIsTabs	layoutIsStrip	X	
c11Tests/TabRailTipPolicyTests.swift	265	TabRailTipPreviewWindow	PanelRailTipPreviewWindow	T	
c11Tests/TabRailTipPolicyTests.swift	266	TabRailTipPreviewWindow	PanelRailTipPreviewWindow	T	
c11Tests/TabRailTipPolicyTests.swift	267	TabRailTipPreviewWindow	PanelRailTipPreviewWindow	T	
c11Tests/TabRailTipPolicyTests.swift	268	TabRailTipPreviewWindow	PanelRailTipPreviewWindow	T	
c11Tests/TabRailTipPolicyTests.swift	269	TabRailTipPreviewWindow	PanelRailTipPreviewWindow	T	
c11Tests/TabRailTipPolicyTests.swift	276	TabLayoutSettings	PanelLayoutSettings	T	
c11Tests/TabRailTipPolicyTests.swift	277	TabLayoutSettings	PanelLayoutSettings	T	
c11Tests/TabRailTipPolicyTests.swift	278	TabLayoutSettings	PanelLayoutSettings	T	
c11Tests/TabRailTipPolicyTests.swift	279	TabLayoutSettings	PanelLayoutSettings	T	
c11Tests/TabRailTipPolicyTests.swift	280	TabLayoutSettings	PanelLayoutSettings	T	
c11Tests/TabRailTipPolicyTests.swift	281	TabLayoutSettings	PanelLayoutSettings	T	
c11Tests/TabRailTipPolicyTests.swift	282	TabLayoutSettings	PanelLayoutSettings	T	
c11Tests/TabRailTipPolicyTests.swift	291	TabRailTipPolicy	PanelRailTipPolicy	T	
c11Tests/TabRailTipPolicyTests.swift	291	UserDefaultsTabRailTipStore	UserDefaultsPanelRailTipStore	T	
c11Tests/TabRailTipPolicyTests.swift	304	TabRailTipPolicy	PanelRailTipPolicy	T	
c11Tests/TabRailTipPolicyTests.swift	309	layoutIsTabs	layoutIsStrip	X	
c11Tests/TabRailTipPolicyTests.swift	315	TabRailTipPolicy	PanelRailTipPolicy	T	
c11Tests/TabRailTipPolicyTests.swift	316	TabRailTipPolicy	PanelRailTipPolicy	T	
c11Tests/TabRailTipPolicyTests.swift	323	TabRailTipPolicy	PanelRailTipPolicy	T	
c11Tests/TabRailTipPolicyTests.swift	324	TabRailTipPolicy	PanelRailTipPolicy	T	
c11Tests/TabRailTipPolicyTests.swift	329	TabRailTipPolicy	PanelRailTipPolicy	T	
c11Tests/TabRailTipPolicyTests.swift	333	layoutIsTabs	layoutIsStrip	X	
c11Tests/TabRailTipPolicyTests.swift	336	TabRailTipPolicy	PanelRailTipPolicy	T	
c11Tests/TabRailTipPolicyTests.swift	337	TabRailTipPolicy	PanelRailTipPolicy	T	
c11Tests/TabRailTipPolicyTests.swift	338	layoutIsTabs	layoutIsStrip	X	
c11Tests/TabRailTipPolicyTests.swift	343	TabRailTipPolicy	PanelRailTipPolicy	T	
c11Tests/TabRailTipPolicyTests.swift	346	layoutIsTabs	layoutIsStrip	X	
c11Tests/TabRailTipPolicyTests.swift	348	TabRailTipPolicy	PanelRailTipPolicy	T	
c11Tests/TabRailTipPolicyTests.swift	349	layoutIsTabs	layoutIsStrip	X	
c11Tests/TabRailTipPolicyTests.swift	354	TabRailTipPolicy	PanelRailTipPolicy	T	
c11Tests/TabRailTipPolicyTests.swift	356	TabRailTipPolicy	PanelRailTipPolicy	T	
c11Tests/TabRailTipPolicyTests.swift	363	TabRailTipPolicy	PanelRailTipPolicy	T	
c11Tests/TabRailTipPolicyTests.swift	364	TabRailTipPolicy	PanelRailTipPolicy	T	
c11Tests/TabRailTipPolicyTests.swift	365	TabRailTipPolicy	PanelRailTipPolicy	T	
c11Tests/TabRailTipPolicyTests.swift	365	UserDefaultsTabRailTipStore	UserDefaultsPanelRailTipStore	T	
c11Tests/TabRailTipPolicyTests.swift	371	TabRailTipPolicy	PanelRailTipPolicy	T	
c11Tests/TabRailTipPolicyTests.swift	372	TabRailTipPolicy	PanelRailTipPolicy	T	
c11Tests/TabSheetDetailBuilderTests.swift	27	TabSheetDetailBuilder	PanelSheetDetailBuilder	T	
c11Tests/TabSheetDetailBuilderTests.swift	53	TabSheetDetailBuilder	PanelSheetDetailBuilder	T	
c11Tests/TabSheetDetailBuilderTests.swift	60	TabSheetDetailBuilder	PanelSheetDetailBuilder	T	
c11Tests/TabSheetDetailBuilderTests.swift	67	TabSheetDetailBuilder	PanelSheetDetailBuilder	T	
c11Tests/TabSheetDetailBuilderTests.swift	71	TabSheetDetailBuilder	PanelSheetDetailBuilder	T	
c11Tests/TabSheetDetailBuilderTests.swift	77	TabSheetDetailBuilder	PanelSheetDetailBuilder	T	
c11Tests/TabSheetDetailBuilderTests.swift	78	TabSheetDetailBuilder	PanelSheetDetailBuilder	T	
c11Tests/TabSheetDetailBuilderTests.swift	79	TabSheetDetailBuilder	PanelSheetDetailBuilder	T	
c11Tests/TabSheetDetailBuilderTests.swift	85	TabSheetDetailBuilder	PanelSheetDetailBuilder	T	
c11Tests/TabSheetDetailBuilderTests.swift	86	TabSheetDetailBuilder	PanelSheetDetailBuilder	T	
c11Tests/TabSheetDetailBuilderTests.swift	87	TabSheetDetailBuilder	PanelSheetDetailBuilder	T	
c11Tests/TabSheetDetailBuilderTests.swift	88	TabSheetDetailBuilder	PanelSheetDetailBuilder	T	
c11Tests/TabSheetDetailBuilderTests.swift	95	TabSheetDetailBuilder	PanelSheetDetailBuilder	T	
c11Tests/TabSheetDetailBuilderTests.swift	104	TabSheetDetailBuilder	PanelSheetDetailBuilder	T	
c11Tests/TabSheetDetailBuilderTests.swift	105	TabSheetDetailBuilder	PanelSheetDetailBuilder	T	
c11Tests/TabSheetDetailBuilderTests.swift	118	TabSheetDetailBuilder	PanelSheetDetailBuilder	T	
c11Tests/TabSheetDetailBuilderTests.swift	147	TabSheetDetailBuilder	PanelSheetDetailBuilder	T	
c11Tests/TabSheetDetailBuilderTests.swift	148	TabSheetDetailBuilder	PanelSheetDetailBuilder	T	
c11Tests/TabSheetDetailBuilderTests.swift	149	TabSheetDetailBuilder	PanelSheetDetailBuilder	T	
c11Tests/TabSheetDetailBuilderTests.swift	150	TabSheetDetailBuilder	PanelSheetDetailBuilder	T	
c11Tests/TabSheetDetailBuilderTests.swift	152	TabSheetDetailBuilder	PanelSheetDetailBuilder	T	
c11Tests/TabSheetDetailBuilderTests.swift	153	TabSheetDetailBuilder	PanelSheetDetailBuilder	T	
c11Tests/TabSheetDetailBuilderTests.swift	158	TabSheetDetailBuilder	PanelSheetDetailBuilder	T	
c11Tests/TabSheetDetailBuilderTests.swift	160	TabSheetDetailBuilder	PanelSheetDetailBuilder	T	
c11Tests/TabSheetDetailBuilderTests.swift	161	TabSheetDetailBuilder	PanelSheetDetailBuilder	T	
c11Tests/TabSheetDetailBuilderTests.swift	162	TabSheetDetailBuilder	PanelSheetDetailBuilder	T	
c11Tests/TabSheetDetailBuilderTests.swift	163	TabSheetDetailBuilder	PanelSheetDetailBuilder	T	
c11Tests/TabSheetDetailBuilderTests.swift	169	TabSheetDetailBuilder	PanelSheetDetailBuilder	T	
c11Tests/TabSheetDetailBuilderTests.swift	178	TabSheetDetailBuilder	PanelSheetDetailBuilder	T	
c11Tests/TabSheetDetailBuilderTests.swift	182	TabSheetDetailBuilder	PanelSheetDetailBuilder	T	
c11Tests/TabSheetDetailBuilderTests.swift	186	TabSheetDetailBuilder	PanelSheetDetailBuilder	T	
c11Tests/TabSheetDetailBuilderTests.swift	189	TabSheetDetailBuilder	PanelSheetDetailBuilder	T	
c11Tests/TabSheetDetailBuilderTests.swift	197	TabSheetDetailBuilder	PanelSheetDetailBuilder	T	
c11Tests/TabSheetDetailBuilderTests.swift	200	TabSheetDetailBuilder	PanelSheetDetailBuilder	T	
c11Tests/TabSheetDetailBuilderTests.swift	206	TabSheetDetailBuilder	PanelSheetDetailBuilder	T	
c11Tests/TabSheetDetailBuilderTests.swift	215	TabSheetDetailBuilder	PanelSheetDetailBuilder	T	
c11Tests/TabSheetDetailBuilderTests.swift	216	TabSheetDetailBuilder	PanelSheetDetailBuilder	T	
c11Tests/TabSheetDetailBuilderTests.swift	221	TabSheetDetailBuilder	PanelSheetDetailBuilder	T	
c11Tests/TabSheetDetailBuilderTests.swift	222	TabSheetDetailBuilder	PanelSheetDetailBuilder	T	
c11Tests/TabSheetDetailBuilderTests.swift	223	TabSheetDetailBuilder	PanelSheetDetailBuilder	T	
c11Tests/TabSheetDetailBuilderTests.swift	224	TabSheetDetailBuilder	PanelSheetDetailBuilder	T	
c11Tests/TabSheetDetailBuilderTests.swift	225	TabSheetDetailBuilder	PanelSheetDetailBuilder	T	
c11Tests/TabSheetDetailBuilderTests.swift	226	TabSheetDetailBuilder	PanelSheetDetailBuilder	T	
c11Tests/TabSheetDetailBuilderTests.swift	227	TabSheetDetailBuilder	PanelSheetDetailBuilder	T	
c11Tests/TabSheetDetailBuilderTests.swift	232	TabSheetDetailBuilder	PanelSheetDetailBuilder	T	
c11Tests/TabSheetDetailBuilderTests.swift	234	TabSheetDetailBuilder	PanelSheetDetailBuilder	T	
c11Tests/TabSheetDetailBuilderTests.swift	236	TabSheetDetailBuilder	PanelSheetDetailBuilder	T	
c11Tests/TabSheetDetailBuilderTests.swift	238	TabSheetDetailBuilder	PanelSheetDetailBuilder	T	
c11Tests/TabSheetDetailBuilderTests.swift	239	TabSheetDetailBuilder	PanelSheetDetailBuilder	T	
c11Tests/TabSheetDetailBuilderTests.swift	241	TabSheetDetailBuilder	PanelSheetDetailBuilder	T	
c11Tests/TabSheetDetailBuilderTests.swift	242	TabSheetDetailBuilder	PanelSheetDetailBuilder	T	
c11Tests/TabSheetDetailBuilderTests.swift	246	TabSheetDetailBuilder	PanelSheetDetailBuilder	T	
c11Tests/TabSheetDetailBuilderTests.swift	250	TabSheetDetailBuilder	PanelSheetDetailBuilder	T	
c11Tests/TabSheetDetailBuilderTests.swift	254	TabSheetDetailBuilder	PanelSheetDetailBuilder	T	
c11Tests/TabSheetDetailBuilderTests.swift	256	TabSheetDetailBuilder	PanelSheetDetailBuilder	T	
c11Tests/TabSheetDetailBuilderTests.swift	258	TabSheetDetailBuilder	PanelSheetDetailBuilder	T	
c11Tests/TabSheetDetailBuilderTests.swift	266	TabSheetDetailBuilder	PanelSheetDetailBuilder	T	
c11Tests/TabSheetDetailBuilderTests.swift	268	TabSheetDetailBuilder	PanelSheetDetailBuilder	T	
c11Tests/TabSheetDetailBuilderTests.swift	270	TabSheetDetailBuilder	PanelSheetDetailBuilder	T	
c11Tests/TabSheetDetailBuilderTests.swift	272	TabSheetDetailBuilder	PanelSheetDetailBuilder	T	
c11Tests/TabSheetDetailBuilderTests.swift	279	TabSheetDetailBuilder	PanelSheetDetailBuilder	T	
c11Tests/TabSheetDetailBuilderTests.swift	283	TabSheetDetailBuilder	PanelSheetDetailBuilder	T	
c11Tests/TabSheetDetailBuilderTests.swift	285	TabSheetDetailBuilder	PanelSheetDetailBuilder	T	
c11Tests/TabSheetDetailBuilderTests.swift	287	TabSheetDetailBuilder	PanelSheetDetailBuilder	T	
c11Tests/TabSheetDetailBuilderTests.swift	293	TabSheetDetailBuilder	PanelSheetDetailBuilder	T	
c11Tests/TabSheetDetailBuilderTests.swift	301	TabSheetDetailBuilder	PanelSheetDetailBuilder	T	
c11Tests/TabSheetDetailBuilderTests.swift	310	TabSheetDetailBuilder	PanelSheetDetailBuilder	T	
c11Tests/TabSheetDetailBuilderTests.swift	311	TabSheetDetailBuilder	PanelSheetDetailBuilder	T	
c11Tests/TabSheetDetailBuilderTests.swift	312	TabSheetDetailBuilder	PanelSheetDetailBuilder	T	
c11Tests/TabSheetDetailBuilderTests.swift	315	TabSheetDetailBuilder	PanelSheetDetailBuilder	T	
c11Tests/TabSheetDetailBuilderTests.swift	319	TabSheetDetailBuilder	PanelSheetDetailBuilder	T	
c11Tests/TabSheetDetailBuilderTests.swift	320	TabSheetDetailBuilder	PanelSheetDetailBuilder	T	
c11Tests/TabSheetDetailBuilderTests.swift	321	TabSheetDetailBuilder	PanelSheetDetailBuilder	T	
c11Tests/TabSheetDetailBuilderTests.swift	325	TabSheetDetailBuilder	PanelSheetDetailBuilder	T	
c11Tests/TabSheetDetailBuilderTests.swift	327	TabSheetDetailBuilder	PanelSheetDetailBuilder	T	
c11Tests/TabSheetDetailBuilderTests.swift	334	TabSheetDetailBuilder	PanelSheetDetailBuilder	T	
c11Tests/TabSheetDetailBuilderTests.swift	336	TabSheetDetailBuilder	PanelSheetDetailBuilder	T	
c11Tests/TabSheetDetailBuilderTests.swift	339	TabSheetDetailBuilder	PanelSheetDetailBuilder	T	
c11Tests/TabSheetDetailBuilderTests.swift	342	TabSheetDetailBuilder	PanelSheetDetailBuilder	T	
c11Tests/TerminalAndGhosttyTests.swift	3602	selectedTab	selectedPanel	X	
c11Tests/TerminalAndGhosttyTests.swift	3605	closeTab	closePanel	X	
c11Tests/TerminalAndGhosttyTests.swift	3612	tabID	panelID	X	
c11Tests/TerminalAndGhosttyTests.swift	3614	tabID	panelID	X	
c11Tests/TerminalAndGhosttyTests.swift	3614	v2SurfaceReadText	v2PanelReadText	X	
c11Tests/TerminalAndGhosttyTests.swift	3621	tabID	panelID	X	
c11Tests/TerminalAndGhosttyTests.swift	3623	selectedTab	selectedPanel	X	
c11Tests/TerminalAndGhosttyTests.swift	3648	closeTab	closePanel	X	
c11Tests/TerminalAndGhosttyTests.swift	3652	tabID	panelID	X	
c11Tests/TerminalAndGhosttyTests.swift	3654	tabID	panelID	X	
c11Tests/TerminalAndGhosttyTests.swift	3654	v2SurfaceReadText	v2PanelReadText	X	
c11Tests/TerminalAndGhosttyTests.swift	3821	tab	panel	L	let tab = TerminalPanel(workspaceId: surface.workspaceId, surface: surface)
c11Tests/TerminalAndGhosttyTests.swift	3823	tab	panel	L	let tab = TerminalPanel(workspaceId: surface.workspaceId, surface: surface)
c11Tests/TerminalAndGhosttyTests.swift	3829	tab	panel	L	let tab = TerminalPanel(workspaceId: surface.workspaceId, surface: surface)
c11Tests/TerminalAndGhosttyTests.swift	3830	tab	panel	L	let tab = TerminalPanel(workspaceId: surface.workspaceId, surface: surface)
c11Tests/TerminalAndGhosttyTests.swift	3833	tab	panel	L	let tab = TerminalPanel(workspaceId: surface.workspaceId, surface: surface)
c11Tests/TerminalAndGhosttyTests.swift	3851	tab	panel	L	let tab = TerminalPanel(workspaceId: surface.workspaceId, surface: surface)
c11Tests/TerminalAndGhosttyTests.swift	3852	tab	panel	L	let tab = TerminalPanel(workspaceId: surface.workspaceId, surface: surface)
c11Tests/TerminalAndGhosttyTests.swift	3918	tab	panel	L	let tab = TerminalPanel(workspaceId: surface.workspaceId, surface: surface)
c11Tests/TerminalAndGhosttyTests.swift	3919	tab	panel	L	let tab = TerminalPanel(workspaceId: surface.workspaceId, surface: surface)
c11Tests/WindowAndDragTests.swift	461	InternalTabDragConfigurationProvider	InternalPanelDragConfigurationProvider	T	
c11Tests/WorkspaceApplyPlanCodableTests.swift	70	tab	panel	L	let tab = PanelSpec(id: "m", kind: .terminal, paneMetadata: ["k": .string("v")])
c11Tests/WorkspaceApplyPlanCodableTests.swift	71	tab	panel	L	let tab = PanelSpec(id: "m", kind: .terminal, paneMetadata: ["k": .string("v")])
c11Tests/WorkspaceConversationResumeTests.swift	81	capturedTab	capturedPanel	X	
c11Tests/WorkspaceConversationResumeTests.swift	82	capturedTab	capturedPanel	X	
c11Tests/WorkspaceGroupSidebarProjectionTests.swift	65	tabs	panels	X	
c11Tests/WorkspaceGroupSidebarProjectionTests.swift	87	tabs	panels	X	
c11Tests/WorkspaceGroupSidebarProjectionTests.swift	88	tabs	panels	X	
c11Tests/WorkspaceGroupSidebarProjectionTests.swift	99	tabs	panels	X	
c11Tests/WorkspaceGroupSidebarProjectionTests.swift	133	tabs	panels	X	
c11Tests/WorkspaceGroupSidebarProjectionTests.swift	149	tabs	panels	X	
c11Tests/WorkspaceGroupSidebarProjectionTests.swift	168	tab	panel	X	
c11Tests/WorkspaceGroupSidebarProjectionTests.swift	172	tab	panel	X	
c11Tests/WorkspaceGroupSidebarProjectionTests.swift	178	tab	panel	X	
c11Tests/WorkspaceGroupSidebarProjectionTests.swift	200	tabs	panels	X	
c11Tests/WorkspaceGroupSidebarProjectionTests.swift	242	tabs	panels	X	
c11Tests/WorkspaceGroupSidebarProjectionTests.swift	294	tabs	panels	X	
c11Tests/WorkspaceGroupSidebarProjectionTests.swift	341	WorkspaceGroupTabAttention	WorkspaceGroupPanelAttention	T	
c11Tests/WorkspaceGroupSidebarProjectionTests.swift	341	tabs	panels	X	
c11Tests/WorkspaceGroupSidebarProjectionTests.swift	343	WorkspaceGroupTabLifecycle	WorkspaceGroupPanelLifecycle	T	
c11Tests/WorkspaceGroupSidebarProjectionTests.swift	354	lifecycleByTab	lifecycleByPanel	X	
c11Tests/WorkspaceGroupSidebarProjectionTests.swift	354	tabs	panels	X	
c11Tests/WorkspaceLayoutExecutorAcceptanceTests.swift	881	paneIdForTab	paneIdForPanel	Muse	
c11Tests/WorkspaceManagerSessionSnapshotTests.swift	484	tabIds	panelIds	X	
c11Tests/WorkspaceManagerSessionSnapshotTests.swift	488	tabIds	panelIds	X	
c11Tests/WorkspaceManagerSessionSnapshotTests.swift	489	tabIds	panelIds	X	
c11Tests/WorkspaceManagerSessionSnapshotTests.swift	490	tabIds	panelIds	X	
c11Tests/WorkspaceManagerSessionSnapshotTests.swift	496	tabIds	panelIds	X	
c11Tests/WorkspaceManagerSessionSnapshotTests.swift	501	tabIds	panelIds	X	
c11Tests/WorkspaceManagerSessionSnapshotTests.swift	508	tabId	panelId	X	
c11Tests/WorkspaceManagerSessionSnapshotTests.swift	508	tabIds	panelIds	X	
c11Tests/WorkspaceManagerSessionSnapshotTests.swift	509	tabId	panelId	X	
c11Tests/WorkspaceManagerSessionSnapshotTests.swift	518	tabId	panelId	X	
c11Tests/WorkspaceManagerSessionSnapshotTests.swift	519	tabId	panelId	X	
c11Tests/WorkspaceManagerSessionSnapshotTests.swift	522	tabId	panelId	X	
c11Tests/WorkspaceManagerSessionSnapshotTests.swift	522	tabIds	panelIds	X	
c11Tests/WorkspaceManagerSessionSnapshotTests.swift	535	tabId	panelId	X	
c11Tests/WorkspaceManagerUnitTests.swift	76	tabId	panelId	X	
c11Tests/WorkspaceManagerUnitTests.swift	95	tabId	panelId	X	
c11Tests/WorkspaceManagerUnitTests.swift	96	tabId	panelId	X	
c11Tests/WorkspaceManagerUnitTests.swift	111	tabId	panelId	X	
c11Tests/WorkspaceManagerUnitTests.swift	112	tabId	panelId	X	
c11Tests/WorkspaceManagerUnitTests.swift	125	tabId	panelId	X	
c11Tests/WorkspaceManagerUnitTests.swift	132	tab	panel	X	
c11Tests/WorkspaceManagerUnitTests.swift	133	tab	panel	X	
c11Tests/WorkspaceManagerUnitTests.swift	692	closeTab	closePanel	X	
c11Tests/WorkspaceManagerUnitTests.swift	730	closeTab	closePanel	X	
c11Tests/WorkspaceManagerUnitTests.swift	752	closeTab	closePanel	X	
c11Tests/WorkspaceManagerUnitTests.swift	1152	closeTab	closePanel	X	
c11Tests/WorkspaceManagerUnitTests.swift	1174	closeTab	closePanel	X	
c11Tests/WorkspaceManagerUnitTests.swift	1206	closeTab	closePanel	X	
c11Tests/WorkspaceManagerUnitTests.swift	1229	closeTab	closePanel	X	
c11Tests/WorkspaceManagerUnitTests.swift	1266	closeTab	closePanel	X	
c11Tests/WorkspaceManagerUnitTests.swift	1401	publishedTabIds	publishedPanelIds	X	
c11Tests/WorkspaceManagerUnitTests.swift	1404	publishedTabIds	publishedPanelIds	X	
c11Tests/WorkspaceManagerUnitTests.swift	1408	publishedTabIds	publishedPanelIds	X	
c11Tests/WorkspaceManagerUnitTests.swift	1423	initialTab	initialPanel	X	
c11Tests/WorkspaceManagerUnitTests.swift	1424	initialTab	initialPanel	X	
c11Tests/WorkspaceManagerUnitTests.swift	1431	detachedTab	detachedPanel	X	
c11Tests/WorkspaceManagerUnitTests.swift	1434	detachedTab	detachedPanel	X	
c11Tests/WorkspaceManagerUnitTests.swift	1436	closeTab	closePanel	X	
c11Tests/WorkspaceManagerUnitTests.swift	1461	initialTab	initialPanel	X	
c11Tests/WorkspaceManagerUnitTests.swift	1462	initialTab	initialPanel	X	
c11Tests/WorkspaceManagerUnitTests.swift	1464	tabRefs	panelRefs	X	
c11Tests/WorkspaceManagerUnitTests.swift	1469	tabRefs	panelRefs	X	
c11Tests/WorkspaceManagerUnitTests.swift	1474	tabRefs	panelRefs	X	
c11Tests/WorkspaceManagerUnitTests.swift	1496	bashTab	bashPanel	X	
c11Tests/WorkspaceManagerUnitTests.swift	1497	zshTab	zshPanel	L	let zshTab = try XCTUnwrap(workspace.newTerminalSurfaceInFocusedPane(focus: false)).id
c11Tests/WorkspaceManagerUnitTests.swift	1516	bashTab	bashPanel	X	
c11Tests/WorkspaceManagerUnitTests.swift	1517	zshTab	zshPanel	L	let zshTab = try XCTUnwrap(workspace.newTerminalSurfaceInFocusedPane(focus: false)).id
c11Tests/WorkspaceManagerUnitTests.swift	1521	tabNeedsConfirmClose	panelNeedsConfirmClose	Muse	
c11Tests/WorkspaceManagerUnitTests.swift	1542	tabNeedsConfirmClose	panelNeedsConfirmClose	Muse	
c11Tests/WorkspaceManagerUnitTests.swift	1562	tabNeedsConfirmClose	panelNeedsConfirmClose	Muse	
c11Tests/WorkspaceManualUnreadTests.swift	37	sameTabGraceInterval	samePanelGraceInterval	X	
c11Tests/WorkspaceManualUnreadTests.swift	53	sameTabGraceInterval	samePanelGraceInterval	X	
c11Tests/WorkspaceManualUnreadTests.swift	79	sameTabGraceInterval	samePanelGraceInterval	X	
c11Tests/WorkspaceSnapshotRoundTripAcceptanceTests.swift	183	paneIdForTab	paneIdForPanel	Muse	
c11Tests/WorkspaceStressProfileTests.swift	13	tabsPerWorkspace	panelsPerWorkspace	X	
c11Tests/WorkspaceStressProfileTests.swift	21	tabsPerWorkspace	panelsPerWorkspace	X	
c11Tests/WorkspaceStressProfileTests.swift	110	tabsPerWorkspace	panelsPerWorkspace	X	
c11Tests/WorkspaceStressProfileTests.swift	126	tabsPerWorkspace	panelsPerWorkspace	X	
c11Tests/WorkspaceStressProfileTests.swift	132	tabsPerWorkspace	panelsPerWorkspace	X	
c11Tests/WorkspaceStressProfileTests.swift	181	tabsPerWorkspace	panelsPerWorkspace	X	
c11Tests/WorkspaceStressProfileTests.swift	213	tabsPerWorkspace	panelsPerWorkspace	X	
c11Tests/WorkspaceStressProfileTests.swift	214	tabsPerWorkspace	panelsPerWorkspace	X	
c11Tests/WorkspaceStressProfileTests.swift	215	tabsPerWorkspace	panelsPerWorkspace	X	
c11Tests/WorkspaceUnitTests.swift	66	renameTab	renamePanel	X	
c11Tests/WorkspaceUnitTests.swift	67	renameTab	renamePanel	X	
c11Tests/WorkspaceUnitTests.swift	70	renameTab	renamePanel	X	
c11Tests/WorkspaceUnitTests.swift	851	setTabCustomTitle	setPanelCustomTitle	Muse	
c11Tests/WorkspaceUnitTests.swift	852	setTabPinned	setPanelPinned	Muse	
c11Tests/WorkspaceUnitTests.swift	859	setTabCustomTitle	setPanelCustomTitle	Muse	
c11Tests/WorkspaceUnitTests.swift	860	setTabPinned	setPanelPinned	Muse	
c11Tests/WorkspaceUnitTests.swift	861	markTabUnread	markPanelUnread	Muse	
c11Tests/WorkspaceUnitTests.swift	963	updateTabDirectory	updatePanelDirectory	Muse	
c11Tests/WorkspaceUnitTests.swift	1420	RejectingCreateTabDelegate	RejectingCreatePanelDelegate	T	
c11Tests/WorkspaceUnitTests.swift	1492	RejectingCreateTabDelegate	RejectingCreatePanelDelegate	T	
c11Tests/WorkspaceUnitTests.swift	1562	resolvedSurfaceTabActivityState	resolvedSurfacePanelActivityState	X	
c11Tests/WorkspaceUnitTests.swift	1566	resolvedSurfaceTabActivityState	resolvedSurfacePanelActivityState	X	
c11Tests/WorkspaceUnitTests.swift	1586	resolvedSurfaceTabActivityState	resolvedSurfacePanelActivityState	X	
c11Tests/WorkspaceUnitTests.swift	1590	resolvedSurfaceTabActivityState	resolvedSurfacePanelActivityState	X	
c11Tests/WorkspaceUnitTests.swift	1740	updateTabTitle	updatePanelTitle	Muse	
c11Tests/WorkspaceUnitTests.swift	1767	tabTitle	panelTitle	X	
c11Tests/WorkspaceUnitTests.swift	1873	syncSurfaceTabActivityStateForTab	syncSurfacePanelActivityStateForPanel	Muse	
c11Tests/WorkspaceUnitTests.swift	2280	updateTabGitBranch	updatePanelGitBranch	Muse	
c11Tests/WorkspaceUnitTests.swift	2286	updateTabGitBranch	updatePanelGitBranch	Muse	
c11Tests/WorkspaceUnitTests.swift	2291	closeTab	closePanel	X	
c11Tests/WorkspaceUnitTests.swift	2304	updateTabGitBranch	updatePanelGitBranch	Muse	
c11Tests/WorkspaceUnitTests.swift	2309	updateTabGitBranch	updatePanelGitBranch	Muse	
c11Tests/WorkspaceUnitTests.swift	2326	updateTabGitBranch	updatePanelGitBranch	Muse	
c11Tests/WorkspaceUnitTests.swift	2327	updateTabGitBranch	updatePanelGitBranch	Muse	
c11Tests/WorkspaceUnitTests.swift	2328	updateTabPullRequest	updatePanelPullRequest	Muse	
c11Tests/WorkspaceUnitTests.swift	2367	updateTabGitBranch	updatePanelGitBranch	Muse	
c11Tests/WorkspaceUnitTests.swift	2368	updateTabGitBranch	updatePanelGitBranch	Muse	
c11Tests/WorkspaceUnitTests.swift	2369	updateTabGitBranch	updatePanelGitBranch	Muse	
c11Tests/WorkspaceUnitTests.swift	2370	updateTabGitBranch	updatePanelGitBranch	Muse	
c11Tests/WorkspaceUnitTests.swift	2394	updateTabGitBranch	updatePanelGitBranch	Muse	
c11Tests/WorkspaceUnitTests.swift	2395	updateTabGitBranch	updatePanelGitBranch	Muse	
c11Tests/WorkspaceUnitTests.swift	2396	updateTabGitBranch	updatePanelGitBranch	Muse	
c11Tests/WorkspaceUnitTests.swift	2398	updateTabDirectory	updatePanelDirectory	Muse	
c11Tests/WorkspaceUnitTests.swift	2399	updateTabDirectory	updatePanelDirectory	Muse	
c11Tests/WorkspaceUnitTests.swift	2400	updateTabDirectory	updatePanelDirectory	Muse	
c11Tests/WorkspaceUnitTests.swift	2401	updateTabDirectory	updatePanelDirectory	Muse	
c11Tests/WorkspaceUnitTests.swift	2403	updateTabPullRequest	updatePanelPullRequest	Muse	
c11Tests/WorkspaceUnitTests.swift	2410	updateTabPullRequest	updatePanelPullRequest	Muse	
c11Tests/WorkspaceUnitTests.swift	2439	updateTabGitBranch	updatePanelGitBranch	Muse	
c11Tests/WorkspaceUnitTests.swift	2440	updateTabGitBranch	updatePanelGitBranch	Muse	
c11Tests/WorkspaceUnitTests.swift	3110	setTabCustomColor	setPanelCustomColor	Muse	
c11Tests/WorkspaceUnitTests.swift	3111	tabCustomColor	panelCustomColor	Muse	
c11Tests/WorkspaceUnitTests.swift	3113	setTabCustomColor	setPanelCustomColor	Muse	
c11Tests/WorkspaceUnitTests.swift	3114	tabCustomColor	panelCustomColor	Muse	
c11Tests/WorkspaceUnitTests.swift	3124	setTabCustomColor	setPanelCustomColor	Muse	
c11Tests/WorkspaceUnitTests.swift	3125	tabCustomColor	panelCustomColor	Muse	
c11Tests/WorkspaceUnitTests.swift	3127	setTabCustomColor	setPanelCustomColor	Muse	
c11Tests/WorkspaceUnitTests.swift	3129	tabCustomColor	panelCustomColor	Muse	
c11Tests/WorkspaceUnitTests.swift	3133	setTabCustomColor	setPanelCustomColor	Muse	
c11Tests/WorkspaceUnitTests.swift	3134	tabCustomColor	panelCustomColor	Muse	
c11Tests/WorkspaceUnitTests.swift	3144	setTabCustomColor	setPanelCustomColor	Muse	
c11Tests/WorkspaceUnitTests.swift	3145	tabCustomColor	panelCustomColor	Muse	
c11Tests/WorkspaceUnitTests.swift	3147	setTabCustomColor	setPanelCustomColor	Muse	
c11Tests/WorkspaceUnitTests.swift	3148	tabCustomColor	panelCustomColor	Muse	
c11Tests/WorkspaceUnitTests.swift	3151	setTabCustomColor	setPanelCustomColor	Muse	
c11Tests/WorkspaceUnitTests.swift	3152	setTabCustomColor	setPanelCustomColor	Muse	
c11Tests/WorkspaceUnitTests.swift	3153	tabCustomColor	panelCustomColor	Muse	
c11Tests/WorkspaceUnitTests.swift	3160	setTabCustomColor	setPanelCustomColor	Muse	
c11Tests/WorkspaceUnitTests.swift	3161	tabCustomColor	panelCustomColor	Muse	
c11Tests/WorkspaceUnitTests.swift	3172	setTabCustomColor	setPanelCustomColor	Muse	
c11Tests/WorkspaceUnitTests.swift	3193	setTabCustomColor	setPanelCustomColor	Muse	
c11Tests/WorkspaceUnitTests.swift	3199	setTabCustomColor	setPanelCustomColor	Muse	
c11Tests/WorkspaceUnitTests.swift	3213	setTabCustomColor	setPanelCustomColor	Muse	
c11Tests/WorkspaceUnitTests.swift	3225	tabCustomColor	panelCustomColor	Muse	
c11Tests/WorkspaceUnitTests.swift	3242	tabCustomColor	panelCustomColor	Muse	
c11Tests/WorkspaceUnitTests.swift	3276	setTabCustomColor	setPanelCustomColor	Muse	
c11Tests/WorkspaceUnitTests.swift	3278	tabCustomColor	panelCustomColor	Muse	
c11Tests/WorkspaceUnitTests.swift	3282	setTabCustomColor	setPanelCustomColor	Muse	
c11Tests/WorkspaceUnitTests.swift	3296	syncTabColorFromMetadata	syncPanelColorFromMetadata	Muse	
c11Tests/WorkspaceUnitTests.swift	3297	tabCustomColor	panelCustomColor	Muse	
c11Tests/WorkspaceUnitTests.swift	3305	syncTabColorFromMetadata	syncPanelColorFromMetadata	Muse	
c11Tests/WorkspaceUnitTests.swift	3306	tabCustomColor	panelCustomColor	Muse	
c11Tests/WorkspaceUnitTests.swift	3320	syncTabIconFromMetadata	syncPanelIconFromMetadata	Muse	
c11Tests/WorkspaceUnitTests.swift	3326	syncTabIconFromMetadata	syncPanelIconFromMetadata	Muse	
c11Tests/WorkspaceUnitTests.swift	3337	syncTabIconFromMetadata	syncPanelIconFromMetadata	Muse	
c11Tests/WorkspaceUnitTests.swift	3338	setTabCustomColor	setPanelCustomColor	Muse	
c11Tests/WorkspaceUnitTests.swift	3347	tabIcon	panelIcon	Muse	
c11Tests/WorkspaceUnitTests.swift	3367	setTabCustomColor	setPanelCustomColor	Muse	
c11Tests/WorkspaceUnitTests.swift	3378	tabIcon	panelIcon	Muse	
c11Tests/WorkspaceUnitTests.swift	3380	tabCustomColor	panelCustomColor	Muse	
c11UITests/CloseWorkspaceCmdDUITests.swift	61	waitForCloseTabAlert	waitForClosePanelAlert	X	
c11UITests/CloseWorkspaceCmdDUITests.swift	62	clickCloseOnCloseTabAlert	clickCloseOnClosePanelAlert	X	
c11UITests/CloseWorkspaceCmdDUITests.swift	64	isCloseTabAlertPresent	isClosePanelAlertPresent	X	
c11UITests/CloseWorkspaceCmdDUITests.swift	653	waitForCloseTabAlert	waitForClosePanelAlert	X	
c11UITests/CloseWorkspaceCmdDUITests.swift	656	isCloseTabAlertPresent	isClosePanelAlertPresent	X	
c11UITests/CloseWorkspaceCmdDUITests.swift	664	isCloseTabAlertPresent	isClosePanelAlertPresent	X	
c11UITests/CloseWorkspaceCmdDUITests.swift	672	clickCloseOnCloseTabAlert	clickCloseOnClosePanelAlert	X	
