CLI/c11.swift	2444	callerSurfaceId	callerTabId	T	
CLI/c11.swift	2447	callerSurfaceId	callerTabId	T	
CLI/c11.swift	2448	callerSurfaceId	callerTabId	T	
CLI/c11.swift	2457	callerSurfaceId	callerTabId	T	
CLI/c11.swift	2564	callerSurfaceId	callerTabId	T	
CLI/c11.swift	2567	callerSurfaceId	callerTabId	T	
CLI/c11.swift	2572	callerSurfaceId	callerTabId	T	
CLI/c11.swift	2573	callerSurfaceId	callerTabId	T	
CLI/c11.swift	18681	surfaceName	tabName	Muse	
CLI/c11.swift	18774	surfaceName	tabName	Muse	
CLI/c11.swift	18781	surfaceName	tabName	Muse	
CLI/c11.swift	18943	surfaceName	tabName	Muse	
CLI/c11.swift	18953	surfaceName	tabName	Muse	
CLI/c11.swift	19266	surfaceName	tabName	Muse	
CLI/c11.swift	19275	surfaceName	tabName	Muse	
CLI/c11.swift	19284	surfaceName	tabName	Muse	
CLI/c11.swift	19289	surfaceName	tabName	Muse	
Sources/AgentCompanionContext.swift	7	AgentSurfaceLink	AgentTabLink	T	
Sources/AgentCompanionContext.swift	14	CompanionSurfaceIdentity	CompanionTabIdentity	T	
Sources/AgentCompanionContext.swift	22	CompanionSurfaceIdentity	CompanionTabIdentity	T	
Sources/AgentCompanionContext.swift	45	AgentSurfaceLink	AgentTabLink	T	
Sources/AgentCompanionContext.swift	46	AgentSurfaceLink	AgentTabLink	T	
Sources/AgentCompanionContext.swift	75	AgentSurfaceLink	AgentTabLink	T	
Sources/AgentCompanionContext.swift	170	CompanionSurfaceIdentity	CompanionTabIdentity	T	
Sources/AgentCompanionContext.swift	185	CompanionSurfaceIdentity	CompanionTabIdentity	T	
Sources/AgentCompanionContext.swift	196	AgentSurfaceLink	AgentTabLink	T	
Sources/AgentCompanionContext.swift	197	AgentSurfaceLink	AgentTabLink	T	
Sources/AgentDetector.swift	105	SurfaceLivenessDeriver	TabLivenessDeriver	T	
Sources/AgentDetector.swift	160	SurfaceMetadataStore	TabMetadataStore	T	
Sources/AgentManifest.swift	362	SurfaceMetadataKeyName	TabMetadataKeyName	T	
Sources/AgentModelDetection.swift	785	SurfaceMetadataStore	TabMetadataStore	T	
Sources/AgentModelDetection.swift	803	SurfaceMetadataStore	TabMetadataStore	T	
Sources/AppDelegate.swift	2622	SurfaceMetricsSampler	TabMetricsSampler	T	
Sources/AppDelegate.swift	2765	SurfaceSeenTracker	TabSeenTracker	T	
Sources/AppDelegate.swift	3454	SurfaceActivityTracker	TabActivityTracker	T	
Sources/AppDelegate.swift	4254	SurfaceConversations	TabConversations	T	
Sources/AppDelegate.swift	4314	SurfaceConversations	TabConversations	T	
Sources/AppDelegate.swift	4336	SurfaceConversations	TabConversations	T	
Sources/AppDelegate.swift	4469	SurfaceConversations	TabConversations	T	
Sources/AppDelegate.swift	4625	SurfaceConversations	TabConversations	T	
Sources/AppDelegate.swift	4807	SurfaceConversations	TabConversations	T	
Sources/AppDelegate.swift	4958	SurfaceMetadataStore	TabMetadataStore	T	
Sources/AppDelegate.swift	4980	SurfaceMetadataStore	TabMetadataStore	T	
Sources/AppDelegate.swift	4986	SurfaceAttentionService	TabAttentionService	T	
Sources/AppDelegate.swift	5096	SurfaceSeenTracker	TabSeenTracker	T	
Sources/AppDelegate.swift	5259	Surface	TabRecord	T	
Sources/AppDelegate.swift	5260	Surface	TabRecord	T	
Sources/AppDelegate.swift	5264	SurfaceMetadataStore	TabMetadataStore	T	
Sources/AppDelegate.swift	5277	Surface	TabRecord	T	
Sources/AppDelegate.swift	5415	detachSurface	detachTab	Muse	
Sources/AppDelegate.swift	5428	attachDetachedSurface	attachDetachedTab	Muse	
Sources/AppDelegate.swift	5465	detachSurface	detachTab	Muse	
Sources/AppDelegate.swift	6283	DetachedSurfaceTransfer	DetachedTabTransfer	T	
Sources/AppDelegate.swift	6294	attachDetachedSurface	attachDetachedTab	Muse	
Sources/AppDelegate.swift	8273	attemptAgentSurfaceLaunch	attemptAgentTabLaunch	Muse	
Sources/AppDelegate.swift	8594	pendingSurfaces	pendingTabs	Muse	
Sources/AppDelegate.swift	8604	pendingSurfaces	pendingTabs	Muse	
Sources/AppDelegate.swift	8673	DebugStressSurfaceLoadStats	DebugStressTabLoadStats	T	
Sources/AppDelegate.swift	8674	pendingSurfaces	pendingTabs	M	owner=DebugStressSurfaceLoadStats; let pendingSurfaces: Int
Sources/AppDelegate.swift	8735	DebugStressSurfaceLoadStats	DebugStressTabLoadStats	T	
Sources/AppDelegate.swift	8737	DebugStressSurfaceLoadStats	DebugStressTabLoadStats	T	
Sources/AppDelegate.swift	8738	pendingSurfaces	pendingTabs	Muse	
Sources/AppDelegate.swift	8801	DebugStressSurfaceLoadStats	DebugStressTabLoadStats	T	
Sources/AppDelegate.swift	8802	pendingSurfaces	pendingTabs	Muse	
Sources/AppDelegate.swift	10829	SurfaceAttentionIndex	TabAttentionIndex	T	
Sources/AppDelegate.swift	13207	surfaceIdString	tabIdString	Muse	
Sources/AppDelegate.swift	13210	surfaceIdString	tabIdString	Muse	
Sources/AppDelegate.swift	13304	SurfaceSeenTracker	TabSeenTracker	T	
Sources/AppDelegate.swift	13350	SurfaceSeenTracker	TabSeenTracker	T	
Sources/AppDelegate.swift	13353	SurfaceSeenTracker	TabSeenTracker	T	
Sources/AttentionModel.swift	3	SurfaceAttentionReason	TabAttentionReason	T	
Sources/AttentionModel.swift	6	SurfaceMetadataStore	TabMetadataStore	T	
Sources/AttentionModel.swift	10	SurfaceMetadataStore	TabMetadataStore	T	
Sources/AttentionModel.swift	17	SurfaceAttentionActor	TabAttentionActor	T	
Sources/AttentionModel.swift	22	SurfaceAttentionFlagMutation	TabAttentionFlagMutation	T	
Sources/AttentionModel.swift	28	SurfaceAttentionSuppressionMutation	TabAttentionSuppressionMutation	T	
Sources/AttentionModel.swift	34	SurfaceAttentionSnapshot	TabAttentionSnapshot	T	
Sources/AttentionModel.swift	39	flagCallerSurfaceId	flagCallerTabId	M	owner=SurfaceAttentionSnapshot; let flagCallerSurfaceId: UUID?
Sources/AttentionModel.swift	47	flagCallerSurfaceId	flagCallerTabId	Muse	
Sources/AttentionModel.swift	54	flagCallerSurfaceId	flagCallerTabId	Muse	
Sources/AttentionModel.swift	72	SurfaceAttentionSnapshot	TabAttentionSnapshot	T	
Sources/AttentionModel.swift	173	SurfaceAttentionIndex	TabAttentionIndex	T	
Sources/AttentionModel.swift	174	SurfaceAttentionIndex	TabAttentionIndex	T	
Sources/AttentionModel.swift	176	SurfaceAttentionSnapshot	TabAttentionSnapshot	T	
Sources/AttentionModel.swift	179	SurfaceAttentionSnapshot	TabAttentionSnapshot	T	
Sources/AttentionModel.swift	183	SurfaceAttentionSnapshot	TabAttentionSnapshot	T	
Sources/AttentionModel.swift	185	SurfaceAttentionSnapshot	TabAttentionSnapshot	T	
Sources/AttentionModel.swift	194	SurfaceAttentionSnapshot	TabAttentionSnapshot	T	
Sources/AttentionModel.swift	222	SurfaceAttentionService	TabAttentionService	T	
Sources/AttentionModel.swift	223	SurfaceAttentionService	TabAttentionService	T	
Sources/AttentionModel.swift	232	callerSurfaceId	callerTabId	T	
Sources/AttentionModel.swift	233	SurfaceAttentionActor	TabAttentionActor	T	
Sources/AttentionModel.swift	235	SurfaceMetadataStore	TabMetadataStore	T	
Sources/AttentionModel.swift	240	callerSurfaceId	callerTabId	T	
Sources/AttentionModel.swift	250	SurfaceAttentionActor	TabAttentionActor	T	
Sources/AttentionModel.swift	251	SurfaceMetadataStore	TabMetadataStore	T	
Sources/AttentionModel.swift	266	SurfaceAttentionActor	TabAttentionActor	T	
Sources/AttentionModel.swift	267	SurfaceMetadataStore	TabMetadataStore	T	
Sources/AttentionModel.swift	268	SurfaceAttentionIndex	TabAttentionIndex	T	
Sources/AttentionModel.swift	279	SurfaceAttentionActor	TabAttentionActor	T	
Sources/AttentionModel.swift	280	SurfaceMetadataStore	TabMetadataStore	T	
Sources/AttentionModel.swift	293	SurfaceAttentionActor	TabAttentionActor	T	
Sources/AttentionModel.swift	294	SurfaceMetadataStore	TabMetadataStore	T	
Sources/AttentionModel.swift	304	SurfaceMetadataStore	TabMetadataStore	T	
Sources/AttentionModel.swift	311	SurfaceAttentionSnapshot	TabAttentionSnapshot	T	
Sources/AttentionModel.swift	312	SurfaceMetadataStore	TabMetadataStore	T	
Sources/AttentionModel.swift	313	SurfaceMetadataStore	TabMetadataStore	T	
Sources/AttentionModel.swift	322	SurfaceAttentionIndex	TabAttentionIndex	T	
Sources/AttentionModel.swift	340	SurfaceMetadataStore	TabMetadataStore	T	
Sources/AttentionModel.swift	341	SurfaceAttentionIndex	TabAttentionIndex	T	
Sources/AttentionModel.swift	348	SurfaceAttentionIndex	TabAttentionIndex	T	
Sources/AttentionModel.swift	365	SurfaceMetadataStore	TabMetadataStore	T	
Sources/AttentionModel.swift	369	SurfaceAttentionIndex	TabAttentionIndex	T	
Sources/AttentionModel.swift	378	SurfaceAttentionFlagMutation	TabAttentionFlagMutation	T	
Sources/AttentionModel.swift	379	SurfaceAttentionSuppressionMutation	TabAttentionSuppressionMutation	T	
Sources/AttentionModel.swift	380	callerSurfaceId	callerTabId	T	
Sources/AttentionModel.swift	381	SurfaceAttentionActor	TabAttentionActor	T	
Sources/AttentionModel.swift	383	SurfaceMetadataStore	TabMetadataStore	T	
Sources/AttentionModel.swift	384	SurfaceMetadataStore	TabMetadataStore	T	
Sources/AttentionModel.swift	389	callerSurfaceId	callerTabId	T	
Sources/AttentionModel.swift	405	callerSurfaceId	callerTabId	T	
Sources/AttentionModel.swift	405	flagCallerSurfaceId	flagCallerTabId	Muse	
Sources/AttentionModel.swift	455	SurfaceAttentionSnapshot	TabAttentionSnapshot	T	
Sources/AttentionModel.swift	460	SurfaceAttentionSnapshot	TabAttentionSnapshot	T	
Sources/AttentionModel.swift	461	SurfaceAttentionIndex	TabAttentionIndex	T	
Sources/BrowserSnapshotStore.swift	18	BrowserSurfaceSnapshot	BrowserTabSnapshot	T	
Sources/BrowserSnapshotStore.swift	43	BrowserSurfaceSnapshot	BrowserTabSnapshot	T	
Sources/BrowserSnapshotStore.swift	66	BrowserSurfaceSnapshot	BrowserTabSnapshot	T	
Sources/BrowserSnapshotStore.swift	90	BrowserSurfaceSnapshot	BrowserTabSnapshot	T	
Sources/BrowserSnapshotStore.swift	107	BrowserSurfaceSnapshot	BrowserTabSnapshot	T	
Sources/BrowserSnapshotStore.swift	118	BrowserSurfaceSnapshot	BrowserTabSnapshot	T	
Sources/ContentView.swift	1788	CommandPaletteSwitcherFingerprintSurface	CommandPaletteSwitcherFingerprintTab	T	
Sources/ContentView.swift	1791	CommandPaletteSwitcherFingerprintSurface	CommandPaletteSwitcherFingerprintTab	T	
Sources/ContentView.swift	4654	CommandPaletteSwitcherFingerprintSurface	CommandPaletteSwitcherFingerprintTab	T	
Sources/ContentView.swift	4780	surfaceName	tabName	Muse	
Sources/ContentView.swift	4794	surfaceName	tabName	Muse	
Sources/ContentView.swift	4804	surfaceName	tabName	Muse	
Sources/ContentView.swift	4960	surfaceListeningPorts	tabListeningPorts	Muse	
Sources/ContentView.swift	8614	surfaceTitleBarState	tabTitleBarState	Muse	
Sources/ContentView.swift	10879	SurfaceAttentionIndex	TabAttentionIndex	T	
Sources/ContentView.swift	11874	SidebarSurfaceMetricsReadout	SidebarTabMetricsReadout	T	
Sources/ContentView.swift	11875	SurfaceMetricsSampler	TabMetricsSampler	T	
Sources/ContentView.swift	11890	SurfaceMetricsSampler	TabMetricsSampler	T	
Sources/ContentView.swift	12831	SidebarSurfaceMetricsReadout	SidebarTabMetricsReadout	T	
Sources/Conversation/Ref.swift	121	SurfaceConversations	TabConversations	T	
Sources/Conversation/Ref.swift	130	SurfaceConversations	TabConversations	T	
Sources/Conversation/ScrapeCapturePipeline.swift	63	SurfaceMetadataKeyName	TabMetadataKeyName	T	
Sources/Conversation/ScrapeCapturePipeline.swift	203	SurfaceConversations	TabConversations	T	
Sources/Conversation/ScrapeCapturePipeline.swift	257	SurfaceConversations	TabConversations	T	
Sources/Conversation/ScrapeCapturePipeline.swift	391	SurfaceConversations	TabConversations	T	
Sources/Conversation/SnapshotBridge.swift	47	SurfaceConversations	TabConversations	T	
Sources/Conversation/SnapshotBridge.swift	50	SurfaceConversations	TabConversations	T	
Sources/Conversation/SnapshotBridge.swift	66	SurfaceConversations	TabConversations	T	
Sources/Conversation/SnapshotBridge.swift	83	SurfaceMetadataKeyName	TabMetadataKeyName	T	
Sources/Conversation/Store.swift	265	SurfaceConversations	TabConversations	T	
Sources/Conversation/Store.swift	302	SurfaceConversations	TabConversations	T	
Sources/Conversation/Store.swift	310	SurfaceConversations	TabConversations	T	
Sources/Conversation/Store.swift	376	SurfaceConversations	TabConversations	T	
Sources/Conversation/Store.swift	812	SurfaceConversations	TabConversations	T	
Sources/Conversation/Store.swift	898	SurfaceConversations	TabConversations	T	
Sources/Conversation/SurfaceActivity.swift	21	SurfaceActivityTracker	TabActivityTracker	T	
Sources/Conversation/SurfaceActivity.swift	22	SurfaceActivityTracker	TabActivityTracker	T	
Sources/Events/EventEmitter.swift	146	callerSurfaceId	callerTabId	T	
Sources/Events/EventEmitter.swift	147	SurfaceAttentionActor	TabAttentionActor	T	
Sources/Events/EventEmitter.swift	157	callerSurfaceId	callerTabId	T	
Sources/Events/EventEmitter.swift	158	callerSurfaceId	callerTabId	T	
Sources/Events/EventEmitter.swift	164	SurfaceAttentionActor	TabAttentionActor	T	
Sources/Events/EventEmitter.swift	168	SurfaceAttentionActor	TabAttentionActor	T	
Sources/Events/EventEmitter.swift	172	SurfaceAttentionActor	TabAttentionActor	T	
Sources/Find/SurfaceSearchOverlay.swift	18	SurfaceSearchOverlay	TabSearchOverlay	T	
Sources/GhosttyTerminalView.swift	3970	SurfaceActivityTracker	TabActivityTracker	T	
Sources/GhosttyTerminalView.swift	4088	SurfaceLivenessDeriver	TabLivenessDeriver	T	
Sources/GhosttyTerminalView.swift	5656	SurfaceAttentionService	TabAttentionService	T	
Sources/GhosttyTerminalView.swift	5666	SurfaceLivenessDeriver	TabLivenessDeriver	T	
Sources/GhosttyTerminalView.swift	6556	SurfaceManifestViewerWindowController	TabManifestViewerWindowController	T	
Sources/GhosttyTerminalView.swift	6955	SurfaceFlagBanner	TabFlagBanner	T	
Sources/GhosttyTerminalView.swift	7036	SurfaceSearchOverlay	TabSearchOverlay	T	
Sources/GhosttyTerminalView.swift	7037	SurfaceFlagBanner	TabFlagBanner	T	
Sources/GhosttyTerminalView.swift	7588	SurfaceAttentionIndex	TabAttentionIndex	T	
Sources/GhosttyTerminalView.swift	7598	SurfaceFlagBanner	TabFlagBanner	T	
Sources/GhosttyTerminalView.swift	7600	SurfaceAttentionService	TabAttentionService	T	
Sources/GhosttyTerminalView.swift	7891	SurfaceSearchOverlay	TabSearchOverlay	T	
Sources/GhosttyTerminalView.swift	7892	SurfaceSearchOverlay	TabSearchOverlay	T	
Sources/GhosttyTerminalView.swift	9128	SurfaceSearchOverlay	TabSearchOverlay	T	
Sources/Mailbox/MailboxDispatcher.swift	44	MailboxSurfaceResolver	MailboxTabResolver	T	
Sources/Mailbox/MailboxDispatcher.swift	63	MailboxSurfaceResolver	MailboxTabResolver	T	
Sources/Mailbox/MailboxDispatcher.swift	345	MailboxSurfaceResolver	MailboxTabResolver	T	
Sources/Mailbox/MailboxDispatcher.swift	345	SurfaceMetadata	TabMetadata	T	
Sources/Mailbox/MailboxDispatcher.swift	347	surfacesWithMailboxMetadata	tabsWithMailboxMetadata	Muse	
Sources/Mailbox/MailboxDispatcher.swift	362	MailboxSurfaceResolver	MailboxTabResolver	T	
Sources/Mailbox/MailboxDispatcher.swift	362	SurfaceMetadata	TabMetadata	T	
Sources/Mailbox/MailboxDispatcher.swift	369	surfaceName	tabName	Muse	
Sources/Mailbox/MailboxDispatcher.swift	409	MailboxSurfaceResolver	MailboxTabResolver	T	
Sources/Mailbox/MailboxDispatcher.swift	409	SurfaceMetadata	TabMetadata	T	
Sources/Mailbox/MailboxDispatcher.swift	450	MailboxSurfaceResolver	MailboxTabResolver	T	
Sources/Mailbox/MailboxDispatcher.swift	450	SurfaceMetadata	TabMetadata	T	
Sources/Mailbox/MailboxHandler.swift	12	surfaceName	tabName	Muse	
Sources/Mailbox/MailboxHandler.swift	24	surfaceName	tabName	Muse	
Sources/Mailbox/MailboxLayout.swift	53	SurfaceNameRejection	TabNameRejection	T	
Sources/Mailbox/MailboxLayout.swift	56	SurfaceNameRejection	TabNameRejection	T	
Sources/Mailbox/MailboxLayout.swift	117	surfaceName	tabName	Muse	
Sources/Mailbox/MailboxLayout.swift	118	surfaceName	tabName	Muse	
Sources/Mailbox/MailboxLayout.swift	120	surfaceName	tabName	Muse	
Sources/Mailbox/MailboxSurfaceResolver.swift	15	MailboxSurfaceResolver	MailboxTabResolver	T	
Sources/Mailbox/MailboxSurfaceResolver.swift	21	SurfaceMetadataStore	TabMetadataStore	T	
Sources/Mailbox/MailboxSurfaceResolver.swift	22	liveSurfaces	liveTabs	M	owner=MailboxSurfaceResolver; let liveSurfaces: () -> [UUID]
Sources/Mailbox/MailboxSurfaceResolver.swift	26	SurfaceMetadataStore	TabMetadataStore	T	
Sources/Mailbox/MailboxSurfaceResolver.swift	27	liveSurfaces	liveTabs	Muse	
Sources/Mailbox/MailboxSurfaceResolver.swift	31	liveSurfaces	liveTabs	Muse	
Sources/Mailbox/MailboxSurfaceResolver.swift	45	liveSurfaces	liveTabs	Muse	
Sources/Mailbox/MailboxSurfaceResolver.swift	46	surfaceName	tabName	Muse	
Sources/Mailbox/MailboxSurfaceResolver.swift	52	surfaceName	tabName	M	owner=MailboxSurfaceResolver; func surfaceName(for surfaceId: UUID) -> String?
Sources/Mailbox/MailboxSurfaceResolver.swift	69	SurfaceMetadata	TabMetadata	T	
Sources/Mailbox/MailboxSurfaceResolver.swift	69	surfacesWithMailboxMetadata	tabsWithMailboxMetadata	M	owner=MailboxSurfaceResolver; func surfacesWithMailboxMetadata() -> [SurfaceMetadata]
Sources/Mailbox/MailboxSurfaceResolver.swift	70	liveSurfaces	liveTabs	Muse	
Sources/Mailbox/MailboxSurfaceResolver.swift	70	surfaceId	tabId	L	func surfacesWithMailboxMetadata() -> [SurfaceMetadata] {         liveSurfaces().compactMap { surfaceId in
Sources/Mailbox/MailboxSurfaceResolver.swift	73	surfaceId	tabId	L	func surfacesWithMailboxMetadata() -> [SurfaceMetadata] {         liveSurfaces().compactMap { surfaceId in
Sources/Mailbox/MailboxSurfaceResolver.swift	84	SurfaceMetadata	TabMetadata	T	
Sources/Mailbox/MailboxSurfaceResolver.swift	85	surfaceId	tabId	L	func surfacesWithMailboxMetadata() -> [SurfaceMetadata] {         liveSurfaces().compactMap { surfaceId in
Sources/Mailbox/MailboxSurfaceResolver.swift	92	SurfaceMetadata	TabMetadata	T	
Sources/Mailbox/MailboxSurfaceResolver.swift	177	Surface	TabRecord	T	
Sources/Mailbox/MailboxSurfaceResolver.swift	208	Surface	TabRecord	T	
Sources/Mailbox/MailboxSurfaceResolver.swift	216	Surface	TabRecord	T	
Sources/Mailbox/StdinMailboxHandler.swift	80	surfaceName	tabName	Muse	
Sources/Mailbox/StdinMailboxHandler.swift	105	surfaceName	tabName	Muse	
Sources/Metadata/SocketSurfaceRefValidator.swift	27	SocketSurfaceRefValidator	SocketTabRefValidator	T	
Sources/PaneMetadataStore.swift	28	SurfaceMetadataStore	TabMetadataStore	T	
Sources/PaneMetadataStore.swift	34	SurfaceMetadataStore	TabMetadataStore	T	
Sources/PaneMetadataStore.swift	36	SurfaceMetadataStore	TabMetadataStore	T	
Sources/PaneMetadataStore.swift	37	SurfaceMetadataStore	TabMetadataStore	T	
Sources/PaneMetadataStore.swift	38	SurfaceMetadataStore	TabMetadataStore	T	
Sources/PaneMetadataStore.swift	39	SurfaceMetadataStore	TabMetadataStore	T	
Sources/PaneMetadataStore.swift	218	SurfaceMetadataStore	TabMetadataStore	T	
Sources/PaneMetadataStore.swift	253	SurfaceMetadataStore	TabMetadataStore	T	
Sources/PaneMetadataStore.swift	254	SurfaceMetadataStore	TabMetadataStore	T	
Sources/Panels/BrowserPanel.swift	2125	SurfaceLifecycleController	TabLifecycleController	T	
Sources/Panels/BrowserPanel.swift	2130	SurfaceLifecycleState	TabLifecycleState	T	
Sources/Panels/BrowserPanel.swift	2779	SurfaceManifestViewerWindowController	TabManifestViewerWindowController	T	
Sources/Panels/BrowserPanel.swift	2806	SurfaceMetricsSampler	TabMetricsSampler	T	
Sources/Panels/BrowserPanel.swift	3028	SurfaceLifecycleState	TabLifecycleState	T	
Sources/Panels/BrowserPanel.swift	3029	SurfaceLifecycleController	TabLifecycleController	T	
Sources/Panels/BrowserPanel.swift	3048	SurfaceMetricsSampler	TabMetricsSampler	T	
Sources/Panels/BrowserPanel.swift	3191	SurfaceLifecycleState	TabLifecycleState	T	
Sources/Panels/BrowserPanel.swift	3192	SurfaceLifecycleState	TabLifecycleState	T	
Sources/Panels/BrowserPanel.swift	3670	SurfaceMetricsSampler	TabMetricsSampler	T	
Sources/Panels/MarkdownPanelView.swift	38	SurfaceManifestViewerWindowController	TabManifestViewerWindowController	T	
Sources/Panels/PanelContentView.swift	23	surfaceTitleBarState	tabTitleBarState	Muse	
Sources/Panels/PanelContentView.swift	25	SurfaceTitleBarView	TabTitleBarView	T	
Sources/Panels/PanelContentView.swift	42	surfaceTitleBarState	tabTitleBarState	Muse	
Sources/Panels/TerminalPanel.swift	65	SurfaceLifecycleController	TabLifecycleController	T	
Sources/Panels/TerminalPanel.swift	103	SurfaceLifecycleController	TabLifecycleController	T	
Sources/Panels/TerminalPanel.swift	125	SurfaceMetricsSampler	TabMetricsSampler	T	
Sources/Panels/TerminalPanel.swift	263	SurfaceMetricsSampler	TabMetricsSampler	T	
Sources/Panels/TerminalPanelView.swift	83	SurfaceMetadataStore	TabMetadataStore	T	
Sources/PersistedMetadata.swift	97	SurfaceMetadataStore	TabMetadataStore	T	
Sources/PersistedMetadata.swift	195	SurfaceMetadataStore	TabMetadataStore	T	
Sources/PersistedMetadata.swift	196	SurfaceMetadataStore	TabMetadataStore	T	
Sources/PersistedMetadata.swift	207	SurfaceMetadataStore	TabMetadataStore	T	
Sources/SessionPersistence.swift	309	AgentSurfaceLink	AgentTabLink	T	
Sources/SessionPersistence.swift	363	SurfaceConversations	TabConversations	T	
Sources/Sidebar/SidebarActivityProjector.swift	122	SurfaceActivityDetailsSnapshot	TabActivityDetailsSnapshot	T	
Sources/Sidebar/SidebarActivityProjector.swift	169	SurfaceAttentionSnapshot	TabAttentionSnapshot	T	
Sources/SocketHandlers/AttentionHandlers.swift	23	SurfaceAttentionActor	TabAttentionActor	T	
Sources/SocketHandlers/AttentionHandlers.swift	25	SurfaceAttentionActor	TabAttentionActor	T	
Sources/SocketHandlers/AttentionHandlers.swift	38	callerSurfaceId	callerTabId	T	
Sources/SocketHandlers/AttentionHandlers.swift	40	SurfaceAttentionReason	TabAttentionReason	T	
Sources/SocketHandlers/AttentionHandlers.swift	55	callerSurfaceId	callerTabId	T	
Sources/SocketHandlers/AttentionHandlers.swift	63	callerSurfaceId	callerTabId	T	
Sources/SocketHandlers/AttentionHandlers.swift	82	callerSurfaceId	callerTabId	T	
Sources/SocketHandlers/AttentionHandlers.swift	84	callerSurfaceId	callerTabId	T	
Sources/SocketHandlers/AttentionHandlers.swift	101	SurfaceMetadataStore	TabMetadataStore	T	
Sources/SocketHandlers/AttentionHandlers.swift	104	SurfaceAttentionService	TabAttentionService	T	
Sources/SocketHandlers/AttentionHandlers.swift	108	callerSurfaceId	callerTabId	T	
Sources/SocketHandlers/AttentionHandlers.swift	114	SurfaceAttentionService	TabAttentionService	T	
Sources/SocketHandlers/AttentionHandlers.swift	120	SurfaceAttentionService	TabAttentionService	T	
Sources/SocketHandlers/AttentionHandlers.swift	126	SurfaceAttentionService	TabAttentionService	T	
Sources/SocketHandlers/AttentionHandlers.swift	134	SurfaceMetadataStore	TabMetadataStore	T	
Sources/SocketHandlers/AttentionHandlers.swift	146	flagCallerSurfaceId	flagCallerTabId	Muse	
Sources/SocketHandlers/AttentionHandlers.swift	151	SurfaceMetadataStore	TabMetadataStore	T	
Sources/SocketHandlers/AttentionHandlers.swift	169	SurfaceAttentionIndex	TabAttentionIndex	T	
Sources/SocketHandlers/AttentionHandlers.swift	178	flagCallerSurfaceId	flagCallerTabId	Muse	
Sources/SocketHandlers/ConversationHandlers.swift	68	SurfaceActivityTracker	TabActivityTracker	T	
Sources/SocketHandlers/ConversationHandlers.swift	170	SurfaceActivityTracker	TabActivityTracker	T	
Sources/SocketHandlers/ConversationHandlers.swift	293	SurfaceActivityTracker	TabActivityTracker	T	
Sources/SocketHandlers/ConversationHandlers.swift	430	SurfaceActivityTracker	TabActivityTracker	T	
Sources/SocketHandlers/DebugHandlers.swift	262	surfaceListeningPorts	tabListeningPorts	Muse	
Sources/SocketHandlers/DebugHandlers.swift	266	surfaceTTYNames	tabTTYNames	Muse	
Sources/SocketHandlers/MarkdownFeedbackHandlers.swift	178	newMarkdownSurface	newMarkdownTab	Muse	
Sources/SocketHandlers/PaneHandlers.swift	60	selectedSurfaceUUID	selectedTabUUID	L	let selectedSurfaceUUID = selectedBonsplitTab.flatMap { ws.tabIdFromBonsplitTabId($0.id) }
Sources/SocketHandlers/PaneHandlers.swift	68	selectedSurfaceUUID	selectedTabUUID	L	let selectedSurfaceUUID = selectedBonsplitTab.flatMap { ws.tabIdFromBonsplitTabId($0.id) }
Sources/SocketHandlers/PaneHandlers.swift	69	selectedSurfaceUUID	selectedTabUUID	L	let selectedSurfaceUUID = selectedBonsplitTab.flatMap { ws.tabIdFromBonsplitTabId($0.id) }
Sources/SocketHandlers/PaneHandlers.swift	250	newMarkdownSurface	newMarkdownTab	Muse	
Sources/SocketHandlers/PaneHandlers.swift	464	sourceSurfaceId	sourceTabId	L	let sourceSurfaceId = workspace.tabIdFromBonsplitTabId(selectedSourceBonsplitTab.id),
Sources/SocketHandlers/PaneHandlers.swift	465	targetSurfaceId	targetTabId	L	let targetSurfaceId = workspace.tabIdFromBonsplitTabId(selectedTargetBonsplitTab.id) else {
Sources/SocketHandlers/PaneHandlers.swift	488	sourceSurfaceId	sourceTabId	L	let sourceSurfaceId = workspace.tabIdFromBonsplitTabId(selectedSourceBonsplitTab.id),
Sources/SocketHandlers/PaneHandlers.swift	492	targetSurfaceId	targetTabId	L	let targetSurfaceId = workspace.tabIdFromBonsplitTabId(selectedTargetBonsplitTab.id) else {
Sources/SocketHandlers/PaneHandlers.swift	517	sourceSurfaceId	sourceTabId	L	let sourceSurfaceId = workspace.tabIdFromBonsplitTabId(selectedSourceBonsplitTab.id),
Sources/SocketHandlers/PaneHandlers.swift	518	sourceSurfaceId	sourceTabId	L	let sourceSurfaceId = workspace.tabIdFromBonsplitTabId(selectedSourceBonsplitTab.id),
Sources/SocketHandlers/PaneHandlers.swift	519	targetSurfaceId	targetTabId	L	let targetSurfaceId = workspace.tabIdFromBonsplitTabId(selectedTargetBonsplitTab.id) else {
Sources/SocketHandlers/PaneHandlers.swift	520	targetSurfaceId	targetTabId	L	let targetSurfaceId = workspace.tabIdFromBonsplitTabId(selectedTargetBonsplitTab.id) else {
Sources/SocketHandlers/PaneHandlers.swift	566	detachSurface	detachTab	Muse	
Sources/SocketHandlers/PaneHandlers.swift	575	attachDetachedSurface	attachDetachedTab	Muse	
Sources/SocketHandlers/PaneHandlers.swift	586	attachDetachedSurface	attachDetachedTab	Muse	
Sources/SocketHandlers/PaneHandlers.swift	588	attachDetachedSurface	attachDetachedTab	Muse	
Sources/SocketHandlers/PaneHandlers.swift	686	SurfaceMetadataStore	TabMetadataStore	T	
Sources/SocketHandlers/PaneHandlers.swift	739	SurfaceMetadataStore	TabMetadataStore	T	
Sources/SocketHandlers/PaneHandlers.swift	850	SurfaceMetadataStore	TabMetadataStore	T	
Sources/SocketHandlers/SocketDispatch.swift	449	SurfaceLivenessDeriver	TabLivenessDeriver	T	
Sources/SocketHandlers/SocketDispatch.swift	1052	SurfaceAttentionReason	TabAttentionReason	T	
Sources/SocketHandlers/SocketDispatch.swift	1061	SurfaceAttentionActor	TabAttentionActor	T	
Sources/SocketHandlers/SocketDispatch.swift	1063	SurfaceAttentionActor	TabAttentionActor	T	
Sources/SocketHandlers/SocketDispatch.swift	1167	callerSurfaceId	callerTabId	T	
Sources/SocketHandlers/SocketDispatch.swift	1367	SurfaceAttentionService	TabAttentionService	T	
Sources/SocketHandlers/SocketDispatch.swift	1376	SurfaceAttentionService	TabAttentionService	T	
Sources/SocketHandlers/SocketDispatch.swift	1380	callerSurfaceId	callerTabId	T	
Sources/SocketHandlers/SocketDispatch.swift	1393	SurfaceMetadataStore	TabMetadataStore	T	
Sources/SocketHandlers/SurfaceHandlers.swift	17	SurfaceSeenTracker	TabSeenTracker	T	
Sources/SocketHandlers/SurfaceHandlers.swift	111	surfaceTTYNames	tabTTYNames	Muse	
Sources/SocketHandlers/SurfaceHandlers.swift	131	SurfaceMetricsSampler	TabMetricsSampler	T	
Sources/SocketHandlers/SurfaceHandlers.swift	445	newMarkdownSurface	newMarkdownTab	Muse	
Sources/SocketHandlers/SurfaceHandlers.swift	667	detachSurface	detachTab	Muse	
Sources/SocketHandlers/SurfaceHandlers.swift	672	attachDetachedSurface	attachDetachedTab	Muse	
Sources/SocketHandlers/SurfaceHandlers.swift	678	attachDetachedSurface	attachDetachedTab	Muse	
Sources/SocketHandlers/SurfaceHandlers.swift	861	SurfaceSendPhaseAOutcome	TabSendPhaseAOutcome	T	
Sources/SocketHandlers/SurfaceHandlers.swift	868	SurfaceSendPhaseAResolved	TabSendPhaseAResolved	T	
Sources/SocketHandlers/SurfaceHandlers.swift	972	surfaceIdString	tabIdString	Muse	
Sources/SocketHandlers/SurfaceHandlers.swift	993	SurfaceSendPhaseAOutcome	TabSendPhaseAOutcome	T	
Sources/SocketHandlers/SurfaceHandlers.swift	1000	SurfaceSendPhaseAResolved	TabSendPhaseAResolved	T	
Sources/SocketHandlers/SurfaceHandlers.swift	1015	surfaceIdString	tabIdString	Muse	
Sources/SocketHandlers/SurfaceHandlers.swift	1049	surfaceIdString	tabIdString	Muse	
Sources/SocketHandlers/SurfaceHandlers.swift	1397	SurfaceMetadataStore	TabMetadataStore	T	
Sources/SocketHandlers/SurfaceHandlers.swift	1441	SurfaceMetadataStore	TabMetadataStore	T	
Sources/SocketHandlers/SurfaceHandlers.swift	1455	SurfaceMetadataStore	TabMetadataStore	T	
Sources/SocketHandlers/SurfaceHandlers.swift	1476	SurfaceMetadataStore	TabMetadataStore	T	
Sources/SocketHandlers/SurfaceHandlers.swift	1499	SurfaceMetadataStore	TabMetadataStore	T	
Sources/SocketHandlers/SurfaceHandlers.swift	1576	SurfaceMetadataStore	TabMetadataStore	T	
Sources/SocketHandlers/SurfaceHandlers.swift	1590	SurfaceMetadataStore	TabMetadataStore	T	
Sources/SocketHandlers/SurfaceHandlers.swift	1610	SurfaceMetadataStore	TabMetadataStore	T	
Sources/SurfaceLifecycle.swift	41	SurfaceLifecycleState	TabLifecycleState	T	
Sources/SurfaceLifecycle.swift	60	SurfaceLifecycleState	TabLifecycleState	T	
Sources/SurfaceLifecycle.swift	97	SurfaceLifecycleController	TabLifecycleController	T	
Sources/SurfaceLifecycle.swift	98	SurfaceLifecycleState	TabLifecycleState	T	
Sources/SurfaceLifecycle.swift	102	SurfaceLifecycleState	TabLifecycleState	T	
Sources/SurfaceLifecycle.swift	113	SurfaceLifecycleState	TabLifecycleState	T	
Sources/SurfaceLifecycle.swift	142	SurfaceLifecycleState	TabLifecycleState	T	
Sources/SurfaceLifecycle.swift	153	SurfaceMetadataStore	TabMetadataStore	T	
Sources/SurfaceLifecycle.swift	156	SurfaceLifecycleState	TabLifecycleState	T	
Sources/SurfaceLivenessDeriver.swift	4	SurfaceTabActivityResolver	TabActivityResolver	T	
Sources/SurfaceLivenessDeriver.swift	37	SurfaceActivityTerminalKindResolver	TabActivityTerminalKindResolver	T	
Sources/SurfaceLivenessDeriver.swift	67	SurfaceLivenessDeriver	TabLivenessDeriver	T	
Sources/SurfaceLivenessDeriver.swift	117	SurfaceActivityTracker	TabActivityTracker	T	
Sources/SurfaceLivenessDeriver.swift	160	SurfaceActivityTracker	TabActivityTracker	T	
Sources/SurfaceLivenessDeriver.swift	211	SurfaceMetadataStore	TabMetadataStore	T	
Sources/SurfaceLivenessDeriver.swift	223	SurfaceActivityTracker	TabActivityTracker	T	
Sources/SurfaceLivenessDeriver.swift	262	SurfaceActivityTracker	TabActivityTracker	T	
Sources/SurfaceLivenessDeriver.swift	309	SurfaceActivityTracker	TabActivityTracker	T	
Sources/SurfaceLivenessDeriver.swift	327	SurfaceMetadataStore	TabMetadataStore	T	
Sources/SurfaceLivenessDeriver.swift	343	SurfaceMetadataStore	TabMetadataStore	T	
Sources/SurfaceLivenessDeriver.swift	351	SurfaceMetadataStore	TabMetadataStore	T	
Sources/SurfaceManifestView.swift	4	SurfaceManifestKind	TabManifestKind	T	
Sources/SurfaceManifestView.swift	26	SurfaceHandleInfo	TabHandleInfo	T	
Sources/SurfaceManifestView.swift	39	SurfaceManifestSnapshot	TabManifestSnapshot	T	
Sources/SurfaceManifestView.swift	42	SurfaceActivityDetailsSnapshot	TabActivityDetailsSnapshot	T	
Sources/SurfaceManifestView.swift	46	SurfaceManifestSnapshot	TabManifestSnapshot	T	
Sources/SurfaceManifestView.swift	47	SurfaceMetadataStore	TabMetadataStore	T	
Sources/SurfaceManifestView.swift	52	surfaceActivityDetailsSnapshot	tabActivityDetailsSnapshot	Muse	
Sources/SurfaceManifestView.swift	53	SurfaceActivityDetailsSnapshot	TabActivityDetailsSnapshot	T	
Sources/SurfaceManifestView.swift	58	SurfaceManifestSnapshot	TabManifestSnapshot	T	
Sources/SurfaceManifestView.swift	78	SurfaceManifestView	TabManifestView	T	
Sources/SurfaceManifestView.swift	81	SurfaceManifestKind	TabManifestKind	T	
Sources/SurfaceManifestView.swift	82	SurfaceHandleInfo	TabHandleInfo	T	
Sources/SurfaceManifestView.swift	84	SurfaceManifestSnapshot	TabManifestSnapshot	T	
Sources/SurfaceManifestView.swift	90	SurfaceHandleInfo	TabHandleInfo	T	
Sources/SurfaceManifestView.swift	90	SurfaceManifestKind	TabManifestKind	T	
Sources/SurfaceManifestView.swift	95	SurfaceManifestSnapshot	TabManifestSnapshot	T	
Sources/SurfaceManifestView.swift	482	SurfaceManifestSnapshot	TabManifestSnapshot	T	
Sources/SurfaceManifestViewerWindowController.swift	4	SurfaceManifestViewerWindowController	TabManifestViewerWindowController	T	
Sources/SurfaceManifestViewerWindowController.swift	5	SurfaceManifestViewerWindowController	TabManifestViewerWindowController	T	
Sources/SurfaceManifestViewerWindowController.swift	9	SurfaceManifestKind	TabManifestKind	T	
Sources/SurfaceManifestViewerWindowController.swift	24	SurfaceManifestView	TabManifestView	T	
Sources/SurfaceManifestViewerWindowController.swift	37	SurfaceManifestKind	TabManifestKind	T	
Sources/SurfaceManifestViewerWindowController.swift	42	SurfaceManifestViewerWindowController	TabManifestViewerWindowController	T	
Sources/SurfaceMetadataStore.swift	97	SurfaceMetadataStore	TabMetadataStore	T	
Sources/SurfaceMetadataStore.swift	98	SurfaceMetadataStore	TabMetadataStore	T	
Sources/SurfaceMetadataStore.swift	252	SurfaceLifecycleState	TabLifecycleState	T	
Sources/SurfaceMetadataStore.swift	255	SurfaceLifecycleState	TabLifecycleState	T	
Sources/SurfaceMetadataStore.swift	258	SurfaceLifecycleState	TabLifecycleState	T	
Sources/SurfaceMetadataStore.swift	300	SurfaceAttentionReason	TabAttentionReason	T	
Sources/SurfaceMetadataStore.swift	303	SurfaceAttentionReason	TabAttentionReason	T	
Sources/SurfaceMetadataStore.swift	545	SurfaceAttentionSnapshot	TabAttentionSnapshot	T	
Sources/SurfaceMetadataStore.swift	549	SurfaceAttentionSnapshot	TabAttentionSnapshot	T	
Sources/SurfaceMetadataStore.swift	554	SurfaceMetadataStore	TabMetadataStore	T	
Sources/SurfaceMetadataStore.swift	554	flagCallerSurfaceId	flagCallerTabId	Muse	
Sources/SurfaceMetadataStore.swift	567	SurfaceAttentionFlagMutation	TabAttentionFlagMutation	T	
Sources/SurfaceMetadataStore.swift	568	SurfaceAttentionSuppressionMutation	TabAttentionSuppressionMutation	T	
Sources/SurfaceMetadataStore.swift	569	callerSurfaceId	callerTabId	T	
Sources/SurfaceMetadataStore.swift	571	SurfaceAttentionSnapshot	TabAttentionSnapshot	T	
Sources/SurfaceMetadataStore.swift	575	SurfaceAttentionSnapshot	TabAttentionSnapshot	T	
Sources/SurfaceMetadataStore.swift	580	SurfaceMetadataStore	TabMetadataStore	T	
Sources/SurfaceMetadataStore.swift	580	flagCallerSurfaceId	flagCallerTabId	Muse	
Sources/SurfaceMetadataStore.swift	594	SurfaceMetadataStore	TabMetadataStore	T	
Sources/SurfaceMetadataStore.swift	596	callerSurfaceId	callerTabId	T	
Sources/SurfaceMetadataStore.swift	604	callerSurfaceId	callerTabId	T	
Sources/SurfaceMetadataStore.swift	606	callerSurfaceId	callerTabId	T	
Sources/SurfaceMetadataStore.swift	671	SurfaceMetadataStore	TabMetadataStore	T	
Sources/SurfaceMetadataStore.swift	680	SurfaceAttentionSnapshot	TabAttentionSnapshot	T	
Sources/SurfaceMetadataStore.swift	685	SurfaceMetadataStore	TabMetadataStore	T	
Sources/SurfaceMetadataStore.swift	685	flagCallerSurfaceId	flagCallerTabId	Muse	
Sources/SurfaceMetadataStore.swift	696	SurfaceAttentionSnapshot	TabAttentionSnapshot	T	
Sources/SurfaceMetadataStore.swift	718	callerSurfaceId	callerTabId	T	
Sources/SurfaceMetadataStore.swift	718	flagCallerSurfaceId	flagCallerTabId	Muse	
Sources/SurfaceMetadataStore.swift	720	callerSurfaceId	callerTabId	T	
Sources/SurfaceMetadataStore.swift	975	SurfaceMetadataStore	TabMetadataStore	T	
Sources/SurfaceMetadataStore.swift	988	SurfaceMetadataStore	TabMetadataStore	T	
Sources/SurfaceMetadataStore.swift	1039	SurfaceMetadataStore	TabMetadataStore	T	
Sources/SurfaceMetadataStore.swift	1040	SurfaceMetadataStore	TabMetadataStore	T	
Sources/SurfaceMetadataStore.swift	1109	SurfaceMetadataStore	TabMetadataStore	T	
Sources/SurfaceMetricsSampler.swift	38	SurfaceMetricsSampler	TabMetricsSampler	T	
Sources/SurfaceMetricsSampler.swift	39	SurfaceMetricsSampler	TabMetricsSampler	T	
Sources/SurfaceSeenClock.swift	41	SurfaceSeenClock	TabSeenClock	T	
Sources/SurfaceSeenClock.swift	83	SurfaceSeenTracker	TabSeenTracker	T	
Sources/SurfaceSeenClock.swift	84	SurfaceSeenTracker	TabSeenTracker	T	
Sources/SurfaceSeenClock.swift	97	SurfaceSeenClock	TabSeenClock	T	
Sources/SurfaceSeenClock.swift	110	SurfaceSeenTracker	TabSeenTracker	T	
Sources/SurfaceTitleBarView.swift	15	SurfaceTitleBarState	TabTitleBarState	T	
Sources/SurfaceTitleBarView.swift	35	SurfaceTitleBarView	TabTitleBarView	T	
Sources/SurfaceTitleBarView.swift	36	SurfaceTitleBarState	TabTitleBarState	T	
Sources/SurfaceTypeAvailability.swift	23	SurfaceTypeAvailability	TabTypeAvailability	T	
Sources/SurfaceTypeAvailability.swift	27	markdownSurfacesEnabledKey	markdownTabsEnabledKey	M	owner=SurfaceTypeAvailability; static let markdownSurfacesEnabledKey = "markdownSurfacesEnabled"
Sources/SurfaceTypeAvailability.swift	60	markdownSurfacesEnabledKey	markdownTabsEnabledKey	Muse	
Sources/SurfaceTypeAvailability.swift	114	SurfaceAvailabilityObserver	TabAvailabilityObserver	T	
Sources/SurfaceTypeAvailability.swift	117	SurfaceTypeAvailability	TabTypeAvailability	T	
Sources/SurfaceTypeAvailability.swift	118	SurfaceTypeAvailability	TabTypeAvailability	T	
Sources/SurfaceTypeAvailability.swift	118	markdownSurfacesEnabledKey	markdownTabsEnabledKey	Muse	
Sources/SurfaceTypeAvailability.swift	119	SurfaceTypeAvailability	TabTypeAvailability	T	
Sources/TabSheetDetail.swift	294	SurfaceMetadataStore	TabMetadataStore	T	
Sources/TabSheetDetail.swift	326	SurfaceActivityTracker	TabActivityTracker	T	
Sources/TabSheetDetail.swift	346	SurfaceSeenTracker	TabSeenTracker	T	
Sources/TabSheetDetail.swift	347	SurfaceSeenTracker	TabSeenTracker	T	
Sources/TabSheetDetail.swift	434	SurfaceActivityTracker	TabActivityTracker	T	
Sources/TerminalController.swift	649	SocketSurfaceKey	SocketTabKey	T	
Sources/TerminalController.swift	656	SocketSurfaceKey	SocketTabKey	T	
Sources/TerminalController.swift	657	SocketSurfaceKey	SocketTabKey	T	
Sources/TerminalController.swift	662	SocketSurfaceKey	SocketTabKey	T	
Sources/TerminalController.swift	680	SocketSurfaceKey	SocketTabKey	T	
Sources/TerminalController.swift	1389	surfaceListeningPorts	tabListeningPorts	Muse	
Sources/TerminalController.swift	2259	surfaceTTYNames	tabTTYNames	Muse	
Sources/TerminalController.swift	2322	selectedSurfaceUUID	selectedTabUUID	L	let selectedSurfaceUUID = selectedBonsplitTab.flatMap { workspace.tabIdFromBonsplitTabId($0.id) }
Sources/TerminalController.swift	2354	selectedSurfaceUUID	selectedTabUUID	L	let selectedSurfaceUUID = selectedBonsplitTab.flatMap { workspace.tabIdFromBonsplitTabId($0.id) }
Sources/TerminalController.swift	2355	selectedSurfaceUUID	selectedTabUUID	L	let selectedSurfaceUUID = selectedBonsplitTab.flatMap { workspace.tabIdFromBonsplitTabId($0.id) }
Sources/TerminalController.swift	2578	SurfaceHandleInfo	TabHandleInfo	T	
Sources/TerminalController.swift	2599	surfaceTTYNames	tabTTYNames	Muse	
Sources/TerminalController.swift	2600	surfaceDirectories	tabDirectories	Muse	
Sources/TerminalController.swift	2612	SurfaceMetadataStore	TabMetadataStore	T	
Sources/TerminalController.swift	2618	SurfaceHandleInfo	TabHandleInfo	T	
Sources/TerminalController.swift	2720	SocketSurfaceRefValidator	SocketTabRefValidator	T	
Sources/TerminalController.swift	2725	SocketSurfaceRefValidator	SocketTabRefValidator	T	
Sources/TerminalController.swift	2813	SocketSurfaceRefValidator	SocketTabRefValidator	T	
Sources/TerminalController.swift	2883	SurfaceTypeAvailability	TabTypeAvailability	T	
Sources/TerminalController.swift	2886	SurfaceTypeAvailability	TabTypeAvailability	T	
Sources/TerminalController.swift	3170	SurfaceSendPhaseAResolved	TabSendPhaseAResolved	T	
Sources/TerminalController.swift	3174	surfaceIdString	tabIdString	M	owner=SurfaceSendPhaseAResolved; let surfaceIdString: String
Sources/TerminalController.swift	3178	SurfaceSendPhaseAOutcome	TabSendPhaseAOutcome	T	
Sources/TerminalController.swift	3179	SurfaceSendPhaseAResolved	TabSendPhaseAResolved	T	
Sources/TerminalController.swift	3184	SurfaceSendPhaseAOutcome	TabSendPhaseAOutcome	T	
Sources/TerminalController.swift	3212	SocketSurfaceRefValidator	SocketTabRefValidator	T	
Sources/TerminalController.swift	3212	surfaceRefState	tabRefState	L	let surfaceRefState = SocketSurfaceRefValidator.classify(params["surface_id"])
Sources/TerminalController.swift	3215	surfaceRefState	tabRefState	L	let surfaceRefState = SocketSurfaceRefValidator.classify(params["surface_id"])
Sources/TerminalController.swift	3218	SocketSurfaceRefValidator	SocketTabRefValidator	T	
Sources/TerminalController.swift	3263	SurfaceSendPhaseAResolved	TabSendPhaseAResolved	T	
Sources/TerminalController.swift	3267	surfaceIdString	tabIdString	Muse	
Sources/TerminalController.swift	3276	LegacySurfaceSendTarget	LegacyTabSendTarget	T	
Sources/TerminalController.swift	3280	LegacySurfaceSendTargetOutcome	LegacyTabSendTargetOutcome	T	
Sources/TerminalController.swift	3281	LegacySurfaceSendTarget	LegacyTabSendTarget	T	
Sources/TerminalController.swift	3286	LegacySurfaceSendTargetOutcome	LegacyTabSendTargetOutcome	T	
Sources/TerminalController.swift	3295	LegacySurfaceSendTarget	LegacyTabSendTarget	T	
Sources/TerminalController.swift	3303	LegacySurfaceSendTarget	LegacyTabSendTarget	T	
Sources/TerminalController.swift	3309	LegacySurfaceSendTargetOutcome	LegacyTabSendTargetOutcome	T	
Sources/TerminalController.swift	3317	LegacySurfaceSendTargetOutcome	LegacyTabSendTargetOutcome	T	
Sources/TerminalController.swift	3326	LegacySurfaceSendOperation	LegacyTabSendOperation	T	
Sources/TerminalController.swift	3334	LegacySurfaceSendOperation	LegacyTabSendOperation	T	
Sources/TerminalController.swift	3700	SurfaceMetadataStore	TabMetadataStore	T	
Sources/TerminalController.swift	3737	Surface	TabRecord	T	
Sources/TerminalController.swift	3753	SurfaceMetadataStore	TabMetadataStore	T	
Sources/TerminalController.swift	3866	SurfaceMetadataStore	TabMetadataStore	T	
Sources/TerminalController.swift	4167	SurfaceMetadataStore	TabMetadataStore	T	
Sources/TerminalController.swift	7538	SurfaceTypeAvailability	TabTypeAvailability	T	
Sources/TerminalController.swift	7539	SurfaceTypeAvailability	TabTypeAvailability	T	
Sources/TerminalController.swift	7737	SocketSurfaceRefValidator	SocketTabRefValidator	T	
Sources/TerminalController.swift	7926	SurfaceMetadataStore	TabMetadataStore	T	
Sources/TerminalController.swift	8328	SurfaceMetadataStore	TabMetadataStore	T	
Sources/TerminalController.swift	8553	surfaceListeningPorts	tabListeningPorts	Muse	
Sources/TerminalController.swift	8719	SurfaceLivenessDeriver	TabLivenessDeriver	T	
Sources/TerminalController.swift	8750	SurfaceLivenessDeriver	TabLivenessDeriver	T	
Sources/TerminalController.swift	8785	surfaceListeningPorts	tabListeningPorts	Muse	
Sources/TerminalController.swift	8787	surfaceListeningPorts	tabListeningPorts	Muse	
Sources/TerminalController.swift	8822	surfaceTTYNames	tabTTYNames	Muse	
Sources/TerminalController.swift	8830	SurfaceMetricsSampler	TabMetricsSampler	T	
Sources/TerminalController.swift	8870	surfaceTTYNames	tabTTYNames	Muse	
Sources/TerminalController.swift	8877	SurfaceMetricsSampler	TabMetricsSampler	T	
Sources/TerminalController.swift	9236	SurfaceTypeAvailability	TabTypeAvailability	T	
Sources/TerminalController.swift	9237	SurfaceTypeAvailability	TabTypeAvailability	T	
Sources/TerminalController.swift	9484	callerSurfaceId	callerTabId	T	
Sources/TerminalNotificationStore.swift	675	WorkspaceSurfaceKey	WorkspaceTabKey	T	
Sources/TerminalNotificationStore.swift	683	WorkspaceSurfaceKey	WorkspaceTabKey	T	
Sources/TerminalNotificationStore.swift	686	WorkspaceSurfaceKey	WorkspaceTabKey	T	
Sources/TerminalNotificationStore.swift	924	WorkspaceSurfaceKey	WorkspaceTabKey	T	
Sources/TerminalNotificationStore.swift	940	WorkspaceSurfaceKey	WorkspaceTabKey	T	
Sources/TerminalNotificationStore.swift	987	SurfaceAttentionIndex	TabAttentionIndex	T	
Sources/TerminalNotificationStore.swift	997	SurfaceLivenessDeriver	TabLivenessDeriver	T	
Sources/TerminalNotificationStore.swift	1580	SurfaceAttentionIndex	TabAttentionIndex	T	
Sources/TerminalNotificationStore.swift	1599	WorkspaceSurfaceKey	WorkspaceTabKey	T	
Sources/TerminalNotificationStore.swift	1605	WorkspaceSurfaceKey	WorkspaceTabKey	T	
Sources/Theme/WorkspaceFrame.swift	5	SurfaceId	TabId	T	
Sources/Theme/WorkspaceFrame.swift	34	SurfaceId	TabId	T	
Sources/Theme/WorkspaceFrame.swift	35	SurfaceId	TabId	T	
Sources/Workspace.swift	162	SurfaceConversations	TabConversations	T	
Sources/Workspace.swift	414	SurfaceMetadataKeyName	TabMetadataKeyName	T	
Sources/Workspace.swift	415	SurfaceMetadataKeyName	TabMetadataKeyName	T	
Sources/Workspace.swift	459	SurfaceConversations	TabConversations	T	
Sources/Workspace.swift	462	SurfaceConversations	TabConversations	T	
Sources/Workspace.swift	499	SurfaceMetadataKeyName	TabMetadataKeyName	T	
Sources/Workspace.swift	786	EncodedSurfaceID	EncodedTabID	T	
Sources/Workspace.swift	791	EncodedSurfaceID	EncodedTabID	T	
Sources/Workspace.swift	800	SurfaceConversations	TabConversations	T	
Sources/Workspace.swift	812	surfaceListeningPorts	tabListeningPorts	Muse	
Sources/Workspace.swift	813	surfaceTTYNames	tabTTYNames	Muse	
Sources/Workspace.swift	868	SurfaceMetadataStore	TabMetadataStore	T	
Sources/Workspace.swift	910	SurfaceConversations	TabConversations	T	
Sources/Workspace.swift	910	surfaceConversations	tabConversations	L	var surfaceConversations: SurfaceConversations? = nil
Sources/Workspace.swift	912	surfaceConversations	tabConversations	L	var surfaceConversations: SurfaceConversations? = nil
Sources/Workspace.swift	920	SurfaceActivityTracker	TabActivityTracker	T	
Sources/Workspace.swift	940	surfaceConversations	tabConversations	L	var surfaceConversations: SurfaceConversations? = nil
Sources/Workspace.swift	942	SurfaceSeenTracker	TabSeenTracker	T	
Sources/Workspace.swift	1122	newMarkdownSurface	newMarkdownTab	Muse	
Sources/Workspace.swift	1149	SurfaceLifecycleState	TabLifecycleState	T	
Sources/Workspace.swift	1155	SurfaceSeenTracker	TabSeenTracker	T	
Sources/Workspace.swift	1181	surfaceListeningPorts	tabListeningPorts	Muse	
Sources/Workspace.swift	1184	surfaceTTYNames	tabTTYNames	Muse	
Sources/Workspace.swift	1186	surfaceTTYNames	tabTTYNames	Muse	
Sources/Workspace.swift	5304	SurfaceShapeCounts	TabShapeCounts	T	
Sources/Workspace.swift	5347	SurfaceAvailabilityObserver	TabAvailabilityObserver	T	
Sources/Workspace.swift	5347	surfaceAvailabilityObserver	tabAvailabilityObserver	M	owner=Workspace; private var surfaceAvailabilityObserver: SurfaceAvailabilityObserver?
Sources/Workspace.swift	5543	derivedActivityBySurface	derivedActivityByTab	M	owner=Workspace; @Published var derivedActivityBySurface: [UUID: SidebarActivityState] = [:]
Sources/Workspace.swift	5546	SurfaceAttentionSnapshot	TabAttentionSnapshot	T	
Sources/Workspace.swift	5546	attentionBySurface	attentionByTab	M	owner=Workspace; @Published private(set) var attentionBySurface: [UUID: SurfaceAttentionSnapshot] = [:]
Sources/Workspace.swift	5553	detectedTerminalTypesBySurface	detectedTerminalTypesByTab	M	owner=Workspace; @Published private(set) var detectedTerminalTypesBySurface: [UUID: String] = [:]
Sources/Workspace.swift	5562	surfaceListeningPorts	tabListeningPorts	M	owner=Workspace; @Published var surfaceListeningPorts: [UUID: [Int]] = [:]
Sources/Workspace.swift	5575	surfaceTTYNames	tabTTYNames	M	owner=Workspace; var surfaceTTYNames: [UUID: String] = [:]
Sources/Workspace.swift	5623	surfaceDirectories	tabDirectories	M	owner=Workspace; var surfaceDirectories: [UUID: String] {
Sources/Workspace.swift	5631	SurfaceKind	TabKind	T	
Sources/Workspace.swift	5865	SurfaceTypeAvailability	TabTypeAvailability	T	
Sources/Workspace.swift	5866	SurfaceTypeAvailability	TabTypeAvailability	T	
Sources/Workspace.swift	6067	SurfaceTypeAvailability	TabTypeAvailability	T	
Sources/Workspace.swift	6068	SurfaceTypeAvailability	TabTypeAvailability	T	
Sources/Workspace.swift	6087	SurfaceAvailabilityObserver	TabAvailabilityObserver	T	
Sources/Workspace.swift	6087	surfaceAvailabilityObserver	tabAvailabilityObserver	Muse	
Sources/Workspace.swift	6144	SurfaceKind	TabKind	T	
Sources/Workspace.swift	6198	SurfaceShapeCounts	TabShapeCounts	T	
Sources/Workspace.swift	6199	SurfaceShapeCounts	TabShapeCounts	T	
Sources/Workspace.swift	6301	MailboxSurfaceResolver	MailboxTabResolver	T	
Sources/Workspace.swift	6487	DetachedSurfaceTransfer	DetachedTabTransfer	T	
Sources/Workspace.swift	6508	SurfaceAttentionSnapshot	TabAttentionSnapshot	T	
Sources/Workspace.swift	6516	DetachedSurfaceTransfer	DetachedTabTransfer	T	
Sources/Workspace.swift	6659	SurfaceMetadataStore	TabMetadataStore	T	
Sources/Workspace.swift	6687	SurfaceMetadataStore	TabMetadataStore	T	
Sources/Workspace.swift	6770	SurfaceMetadataStore	TabMetadataStore	T	
Sources/Workspace.swift	6775	SurfaceLifecycleState	TabLifecycleState	T	
Sources/Workspace.swift	6820	surfaceKind	tabKind	M	owner=Workspace; func surfaceKind(for panel: any Panel) -> String
Sources/Workspace.swift	6823	SurfaceKind	TabKind	T	
Sources/Workspace.swift	6825	SurfaceKind	TabKind	T	
Sources/Workspace.swift	6827	SurfaceKind	TabKind	T	
Sources/Workspace.swift	6846	surfaceKind	tabKind	Muse	
Sources/Workspace.swift	6858	SurfaceAttentionSnapshot	TabAttentionSnapshot	T	
Sources/Workspace.swift	6859	attentionBySurface	attentionByTab	Muse	
Sources/Workspace.swift	6860	SurfaceAttentionSnapshot	TabAttentionSnapshot	T	
Sources/Workspace.swift	6869	SurfaceAttentionSnapshot	TabAttentionSnapshot	T	
Sources/Workspace.swift	6871	attentionBySurface	attentionByTab	Muse	
Sources/Workspace.swift	6872	attentionBySurface	attentionByTab	Muse	
Sources/Workspace.swift	6875	attentionBySurface	attentionByTab	Muse	
Sources/Workspace.swift	6890	SurfaceTabActivityResolver	TabActivityResolver	T	
Sources/Workspace.swift	6892	derivedActivityBySurface	derivedActivityByTab	Muse	
Sources/Workspace.swift	6939	SurfaceActivityTracker	TabActivityTracker	T	
Sources/Workspace.swift	6959	surfaceActivityDetailsSnapshot	tabActivityDetailsSnapshot	M	owner=Workspace; func surfaceActivityDetailsSnapshot(         panelId: UUID     ) -> SurfaceActivityDetailsSnapshot
Sources/Workspace.swift	6961	SurfaceActivityDetailsSnapshot	TabActivityDetailsSnapshot	T	
Sources/Workspace.swift	6967	SurfaceActivityDetailsSnapshot	TabActivityDetailsSnapshot	T	
Sources/Workspace.swift	6971	SurfaceActivityTracker	TabActivityTracker	T	
Sources/Workspace.swift	6972	SurfaceSeenTracker	TabSeenTracker	T	
Sources/Workspace.swift	6973	SurfaceSeenTracker	TabSeenTracker	T	
Sources/Workspace.swift	7061	SurfaceMetadataStore	TabMetadataStore	T	
Sources/Workspace.swift	7071	SurfaceMetadataStore	TabMetadataStore	T	
Sources/Workspace.swift	7120	surfaceKind	tabKind	Muse	
Sources/Workspace.swift	7388	SurfaceLivenessDeriver	TabLivenessDeriver	T	
Sources/Workspace.swift	7405	derivedActivityBySurface	derivedActivityByTab	Muse	
Sources/Workspace.swift	7406	derivedActivityBySurface	derivedActivityByTab	Muse	
Sources/Workspace.swift	7411	derivedActivityBySurface	derivedActivityByTab	Muse	
Sources/Workspace.swift	7412	derivedActivityBySurface	derivedActivityByTab	Muse	
Sources/Workspace.swift	7444	detectedTerminalTypesBySurface	detectedTerminalTypesByTab	Muse	
Sources/Workspace.swift	7445	detectedTerminalTypesBySurface	detectedTerminalTypesByTab	Muse	
Sources/Workspace.swift	7451	detectedTerminalTypesBySurface	detectedTerminalTypesByTab	Muse	
Sources/Workspace.swift	7463	derivedActivityBySurface	derivedActivityByTab	Muse	
Sources/Workspace.swift	7598	surfaceListeningPorts	tabListeningPorts	Muse	
Sources/Workspace.swift	7827	SurfaceMetadataStore	TabMetadataStore	T	
Sources/Workspace.swift	7879	SurfaceTitleBarState	TabTitleBarState	T	
Sources/Workspace.swift	7879	surfaceTitleBarState	tabTitleBarState	M	owner=Workspace; func surfaceTitleBarState(panelId: UUID) -> SurfaceTitleBarState
Sources/Workspace.swift	7883	SurfaceMetadataStore	TabMetadataStore	T	
Sources/Workspace.swift	7890	SurfaceTitleBarState	TabTitleBarState	T	
Sources/Workspace.swift	7915	SurfaceMetadataStore	TabMetadataStore	T	
Sources/Workspace.swift	7958	SurfaceMetadataStore	TabMetadataStore	T	
Sources/Workspace.swift	7965	SurfaceMetadataStore	TabMetadataStore	T	
Sources/Workspace.swift	7987	SurfaceMetadataStore	TabMetadataStore	T	
Sources/Workspace.swift	7993	SurfaceAttentionService	TabAttentionService	T	
Sources/Workspace.swift	7999	derivedActivityBySurface	derivedActivityByTab	Muse	
Sources/Workspace.swift	8001	derivedActivityBySurface	derivedActivityByTab	Muse	
Sources/Workspace.swift	8065	surfaceListeningPorts	tabListeningPorts	Muse	
Sources/Workspace.swift	8066	surfaceTTYNames	tabTTYNames	Muse	
Sources/Workspace.swift	8071	derivedActivityBySurface	derivedActivityByTab	Muse	
Sources/Workspace.swift	8072	attentionBySurface	attentionByTab	Muse	
Sources/Workspace.swift	8074	detectedTerminalTypesBySurface	detectedTerminalTypesByTab	Muse	
Sources/Workspace.swift	8079	SurfaceAttentionService	TabAttentionService	T	
Sources/Workspace.swift	8090	surfaceListeningPorts	tabListeningPorts	Muse	
Sources/Workspace.swift	8699	SurfaceMetadataStore	TabMetadataStore	T	
Sources/Workspace.swift	8713	SurfaceActivityTerminalKindResolver	TabActivityTerminalKindResolver	T	
Sources/Workspace.swift	8714	detectedTerminalTypesBySurface	detectedTerminalTypesByTab	Muse	
Sources/Workspace.swift	8722	SurfaceMetadataStore	TabMetadataStore	T	
Sources/Workspace.swift	8858	SurfaceKind	TabKind	T	
Sources/Workspace.swift	8959	SurfaceKind	TabKind	T	
Sources/Workspace.swift	9025	callerSurfaceId	callerTabId	T	
Sources/Workspace.swift	9047	callerSurfaceId	callerTabId	T	
Sources/Workspace.swift	9048	callerSurfaceId	callerTabId	T	
Sources/Workspace.swift	9105	SurfaceKind	TabKind	T	
Sources/Workspace.swift	9194	SurfaceKind	TabKind	T	
Sources/Workspace.swift	9251	SurfaceKind	TabKind	T	
Sources/Workspace.swift	9289	newMarkdownSurface	newMarkdownTab	M	owner=Workspace; func newMarkdownSurface(         inPane paneId: PaneID,         filePath: String? = nil,         foc
Sources/Workspace.swift	9312	SurfaceKind	TabKind	T	
Sources/Workspace.swift	9369	SurfaceSeenTracker	TabSeenTracker	T	
Sources/Workspace.swift	9756	DetachedSurfaceTransfer	DetachedTabTransfer	T	
Sources/Workspace.swift	9756	detachSurface	detachTab	M	owner=Workspace; func detachSurface(panelId: UUID) -> DetachedSurfaceTransfer?
Sources/Workspace.swift	9797	attachDetachedSurface	attachDetachedTab	M	owner=Workspace; func attachDetachedSurface(         _ detached: DetachedSurfaceTransfer,         inPane paneId: Pane
Sources/Workspace.swift	9798	DetachedSurfaceTransfer	DetachedTabTransfer	T	
Sources/Workspace.swift	9870	SurfaceMetadataStore	TabMetadataStore	T	
Sources/Workspace.swift	9885	derivedActivityBySurface	derivedActivityByTab	Muse	
Sources/Workspace.swift	9886	SurfaceMetadataStore	TabMetadataStore	T	
Sources/Workspace.swift	9894	derivedActivityBySurface	derivedActivityByTab	Muse	
Sources/Workspace.swift	9896	SurfaceAttentionSnapshot	TabAttentionSnapshot	T	
Sources/Workspace.swift	9903	SurfaceAttentionService	TabAttentionService	T	
Sources/Workspace.swift	9910	detectedTerminalTypesBySurface	detectedTerminalTypesByTab	Muse	
Sources/Workspace.swift	9912	detectedTerminalTypesBySurface	detectedTerminalTypesByTab	Muse	
Sources/Workspace.swift	9942	derivedActivityBySurface	derivedActivityByTab	Muse	
Sources/Workspace.swift	9944	detectedTerminalTypesBySurface	detectedTerminalTypesByTab	Muse	
Sources/Workspace.swift	9945	SurfaceAttentionService	TabAttentionService	T	
Sources/Workspace.swift	10433	SurfaceMetadataStore	TabMetadataStore	T	
Sources/Workspace.swift	10453	SurfaceMetadataStore	TabMetadataStore	T	
Sources/Workspace.swift	10570	SurfaceKind	TabKind	T	
Sources/Workspace.swift	11732	SurfaceSeenTracker	TabSeenTracker	T	
Sources/Workspace.swift	12186	DetachedSurfaceTransfer	DetachedTabTransfer	T	
Sources/Workspace.swift	12192	surfaceKind	tabKind	Muse	
Sources/Workspace.swift	12201	SurfaceMetadataStore	TabMetadataStore	T	
Sources/Workspace.swift	12206	derivedActivityBySurface	derivedActivityByTab	Muse	
Sources/Workspace.swift	12207	SurfaceMetadataStore	TabMetadataStore	T	
Sources/Workspace.swift	12213	detectedTerminalTypesBySurface	detectedTerminalTypesByTab	Muse	
Sources/Workspace.swift	12228	SurfaceSeenTracker	TabSeenTracker	T	
Sources/Workspace.swift	12257	derivedActivityBySurface	derivedActivityByTab	Muse	
Sources/Workspace.swift	12258	attentionBySurface	attentionByTab	Muse	
Sources/Workspace.swift	12260	detectedTerminalTypesBySurface	detectedTerminalTypesByTab	Muse	
Sources/Workspace.swift	12262	surfaceTTYNames	tabTTYNames	Muse	
Sources/Workspace.swift	12267	SurfaceAttentionService	TabAttentionService	T	
Sources/Workspace.swift	12436	SurfaceSeenTracker	TabSeenTracker	T	
Sources/Workspace.swift	12450	derivedActivityBySurface	derivedActivityByTab	Muse	
Sources/Workspace.swift	12452	detectedTerminalTypesBySurface	detectedTerminalTypesByTab	Muse	
Sources/Workspace.swift	12454	surfaceTTYNames	tabTTYNames	Muse	
Sources/Workspace.swift	12455	surfaceListeningPorts	tabListeningPorts	Muse	
Sources/Workspace.swift	12600	SurfaceKind	TabKind	T	
Sources/Workspace.swift	12665	SurfaceKind	TabKind	T	
Sources/Workspace.swift	12715	SurfaceTypeAvailability	TabTypeAvailability	T	
Sources/Workspace.swift	12718	SurfaceTypeAvailability	TabTypeAvailability	T	
Sources/Workspace.swift	12719	newMarkdownSurface	newMarkdownTab	Muse	
Sources/Workspace.swift	12773	AgentSurfaceLaunchOutcome	AgentTabLaunchOutcome	T	
Sources/Workspace.swift	12792	attemptAgentSurfaceLaunch	attemptAgentTabLaunch	Muse	
Sources/Workspace.swift	12822	attemptAgentSurfaceLaunch	attemptAgentTabLaunch	M	owner=Workspace; func attemptAgentSurfaceLaunch(         inPane pane: PaneID,         explicitAgent: AgentType? = nil
Sources/Workspace.swift	12828	AgentSurfaceLaunchOutcome	AgentTabLaunchOutcome	T	
Sources/Workspace.swift	12999	SurfaceMetadataStore	TabMetadataStore	T	
Sources/Workspace.swift	13013	SurfaceMetadataStore	TabMetadataStore	T	
Sources/Workspace.swift	13064	SurfaceMetadataStore	TabMetadataStore	T	
Sources/Workspace.swift	13072	SurfaceMetadataStore	TabMetadataStore	T	
Sources/Workspace.swift	13090	attemptAgentSurfaceLaunch	attemptAgentTabLaunch	Muse	
Sources/Workspace.swift	13141	attemptAgentSurfaceLaunch	attemptAgentTabLaunch	Muse	
Sources/Workspace.swift	13368	SurfaceTypeAvailability	TabTypeAvailability	T	
Sources/Workspace.swift	13370	SurfaceTypeAvailability	TabTypeAvailability	T	
Sources/Workspace.swift	13371	newMarkdownSurface	newMarkdownTab	Muse	
Sources/Workspace.swift	13467	SurfaceManifestKind	TabManifestKind	T	
Sources/Workspace.swift	13476	SurfaceManifestViewerWindowController	TabManifestViewerWindowController	T	
Sources/WorkspaceApplyPlan.swift	22	SurfaceSpec	TabSpec	T	
Sources/WorkspaceApplyPlan.swift	50	SurfaceSpecKind	TabSpecKind	T	
Sources/WorkspaceApplyPlan.swift	56	SurfaceSpec	TabSpec	T	
Sources/WorkspaceApplyPlan.swift	60	SurfaceSpecKind	TabSpecKind	T	
Sources/WorkspaceApplyPlan.swift	100	SurfaceSpecKind	TabSpecKind	T	
Sources/WorkspaceApplyPlan.swift	144	SurfaceSpecKind	TabSpecKind	T	
Sources/WorkspaceBlueprintMarkdown.swift	165	SurfaceIDGenerator	TabIDGenerator	T	
Sources/WorkspaceBlueprintMarkdown.swift	166	SurfaceSpec	TabSpec	T	
Sources/WorkspaceBlueprintMarkdown.swift	318	SurfaceIDGenerator	TabIDGenerator	T	
Sources/WorkspaceBlueprintMarkdown.swift	358	SurfaceIDGenerator	TabIDGenerator	T	
Sources/WorkspaceBlueprintMarkdown.swift	365	SurfaceSpec	TabSpec	T	
Sources/WorkspaceBlueprintMarkdown.swift	366	SurfaceIDGenerator	TabIDGenerator	T	
Sources/WorkspaceBlueprintMarkdown.swift	416	SurfaceSpec	TabSpec	T	
Sources/WorkspaceBlueprintMarkdown.swift	420	SurfaceSpecKind	TabSpecKind	T	
Sources/WorkspaceBlueprintMarkdown.swift	433	SurfaceSpec	TabSpec	T	
Sources/WorkspaceBlueprintMarkdown.swift	450	SurfaceSpec	TabSpec	T	
Sources/WorkspaceBlueprintMarkdown.swift	519	SurfaceSpec	TabSpec	T	
Sources/WorkspaceBlueprintMarkdown.swift	533	SurfaceSpec	TabSpec	T	
Sources/WorkspaceBlueprintMarkdown.swift	550	SurfaceSpec	TabSpec	T	
Sources/WorkspaceBlueprintMarkdown.swift	577	SurfaceSpec	TabSpec	T	
Sources/WorkspaceContentView.swift	176	derivedActivityBySurface	derivedActivityByTab	Muse	
Sources/WorkspaceLayoutExecutor.swift	328	SurfaceMetadataKeyName	TabMetadataKeyName	T	
Sources/WorkspaceLayoutExecutor.swift	329	SurfaceMetadataKeyName	TabMetadataKeyName	T	
Sources/WorkspaceLayoutExecutor.swift	690	SurfaceSpecKind	TabSpecKind	T	
Sources/WorkspaceLayoutExecutor.swift	699	SurfaceSpecKind	TabSpecKind	T	
Sources/WorkspaceLayoutExecutor.swift	713	SurfaceSpec	TabSpec	T	
Sources/WorkspaceLayoutExecutor.swift	931	SurfaceSpec	TabSpec	T	
Sources/WorkspaceLayoutExecutor.swift	975	SurfaceSpec	TabSpec	T	
Sources/WorkspaceLayoutExecutor.swift	993	SurfaceSpec	TabSpec	T	
Sources/WorkspaceLayoutExecutor.swift	1001	SurfaceMetadataStore	TabMetadataStore	T	
Sources/WorkspaceLayoutExecutor.swift	1049	SurfaceMetadataStore	TabMetadataStore	T	
Sources/WorkspaceLayoutExecutor.swift	1149	SurfaceSpec	TabSpec	T	
Sources/WorkspaceLayoutExecutor.swift	1175	newMarkdownSurface	newMarkdownTab	Muse	
Sources/WorkspaceLayoutExecutor.swift	1299	SurfaceSpec	TabSpec	T	
Sources/WorkspaceLayoutExecutor.swift	1304	SurfaceLifecycleState	TabLifecycleState	T	
Sources/WorkspaceManager.swift	93	LastSurfaceCloseShortcutSettings	LastTabCloseShortcutSettings	T	
Sources/WorkspaceManager.swift	934	SurfaceSeenTracker	TabSeenTracker	T	
Sources/WorkspaceManager.swift	2506	SurfaceMetadataStore	TabMetadataStore	T	
Sources/WorkspaceManager.swift	2606	SurfaceShapeCounts	TabShapeCounts	T	
Sources/WorkspaceManager.swift	3015	LastSurfaceCloseShortcutSettings	LastTabCloseShortcutSettings	T	
Sources/WorkspaceManager.swift	3487	SurfaceMetadataStore	TabMetadataStore	T	
Sources/WorkspaceManager.swift	3499	SurfaceMetadataStore	TabMetadataStore	T	
Sources/WorkspaceManager.swift	5570	SurfaceMetadataStore	TabMetadataStore	T	
Sources/WorkspaceManager.swift	5602	surfaceListeningPorts	tabListeningPorts	Muse	
Sources/WorkspaceManager.swift	5629	SurfaceConversations	TabConversations	T	
Sources/WorkspaceMetadataKeys.swift	22	SurfaceMetadataKeyName	TabMetadataKeyName	T	
Sources/WorkspacePlanCapture.swift	10	AgentSurfaceLink	AgentTabLink	T	
Sources/WorkspacePlanCapture.swift	28	AgentSurfaceLink	AgentTabLink	T	
Sources/WorkspacePlanCapture.swift	91	SurfaceSpec	TabSpec	T	
Sources/WorkspacePlanCapture.swift	190	SurfaceSpec	TabSpec	T	
Sources/WorkspacePlanCapture.swift	223	SurfaceSpecKind	TabSpecKind	T	
Sources/WorkspacePlanCapture.swift	280	SurfaceMetadataStore	TabMetadataStore	T	
Sources/c11App.swift	1286	newMarkdownSurface	newMarkdownTab	Muse	
Sources/c11App.swift	1576	newMarkdownSurface	newMarkdownTab	Muse	
Sources/c11App.swift	4427	SurfaceTypeAvailability	TabTypeAvailability	T	
Sources/c11App.swift	4428	SurfaceTypeAvailability	TabTypeAvailability	T	
Sources/c11App.swift	4429	SurfaceTypeAvailability	TabTypeAvailability	T	
Sources/c11App.swift	4429	markdownSurfacesEnabledKey	markdownTabsEnabledKey	Muse	
Sources/c11App.swift	4430	SurfaceTypeAvailability	TabTypeAvailability	T	
Sources/c11App.swift	4431	SurfaceTypeAvailability	TabTypeAvailability	T	
Sources/c11App.swift	4432	SurfaceTypeAvailability	TabTypeAvailability	T	
Sources/c11App.swift	4471	LastSurfaceCloseShortcutSettings	LastTabCloseShortcutSettings	T	
Sources/c11App.swift	4472	LastSurfaceCloseShortcutSettings	LastTabCloseShortcutSettings	T	
Sources/c11App.swift	6567	SurfaceTypeAvailability	TabTypeAvailability	T	
Sources/c11App.swift	6568	SurfaceTypeAvailability	TabTypeAvailability	T	
Sources/c11App.swift	6606	LastSurfaceCloseShortcutSettings	LastTabCloseShortcutSettings	T	
c11Tests/AgentLaunchModelTierTests.swift	24	SurfaceMetadataStore	TabMetadataStore	T	
c11Tests/AgentLaunchModelTierTests.swift	29	SurfaceMetadataStore	TabMetadataStore	T	
c11Tests/AgentLaunchModelTierTests.swift	70	SurfaceMetadataStore	TabMetadataStore	T	
c11Tests/AgentLaunchModelTierTests.swift	77	SurfaceMetadataStore	TabMetadataStore	T	
c11Tests/AgentLaunchOverlayCompositionTests.swift	294	AgentSurfaceLaunchOutcome	AgentTabLaunchOutcome	T	
c11Tests/AgentLaunchOverlayCompositionTests.swift	298	AgentSurfaceLaunchOutcome	AgentTabLaunchOutcome	T	
c11Tests/AgentManifestTests.swift	106	SurfaceMetadataKeyName	TabMetadataKeyName	T	
c11Tests/AgentManifestTests.swift	155	SurfaceMetadataKeyName	TabMetadataKeyName	T	
c11Tests/AgentModelDetectionTests.swift	417	SurfaceMetadataStore	TabMetadataStore	T	
c11Tests/AgentModelDetectionTests.swift	431	SurfaceMetadataStore	TabMetadataStore	T	
c11Tests/AttentionModelTests.swift	32	SurfaceMetadataStore	TabMetadataStore	T	
c11Tests/AttentionModelTests.swift	36	SurfaceMetadataStore	TabMetadataStore	T	
c11Tests/AttentionModelTests.swift	38	SurfaceAttentionReason	TabAttentionReason	T	
c11Tests/AttentionModelTests.swift	48	SurfaceAttentionReason	TabAttentionReason	T	
c11Tests/AttentionModelTests.swift	52	SurfaceMetadataStore	TabMetadataStore	T	
c11Tests/AttentionModelTests.swift	71	callerSurfaceId	callerTabId	T	
c11Tests/AttentionModelTests.swift	76	flagCallerSurfaceId	flagCallerTabId	Muse	
c11Tests/AttentionModelTests.swift	85	callerSurfaceId	callerTabId	T	
c11Tests/AttentionModelTests.swift	91	flagCallerSurfaceId	flagCallerTabId	Muse	
c11Tests/AttentionModelTests.swift	113	flagCallerSurfaceId	flagCallerTabId	Muse	
c11Tests/AttentionModelTests.swift	118	callerSurfaceId	callerTabId	T	
c11Tests/AttentionModelTests.swift	122	flagCallerSurfaceId	flagCallerTabId	Muse	
c11Tests/AttentionModelTests.swift	143	SurfaceMetadataStore	TabMetadataStore	T	
c11Tests/AttentionModelTests.swift	152	SurfaceMetadataStore	TabMetadataStore	T	
c11Tests/AttentionModelTests.swift	153	SurfaceMetadataStore	TabMetadataStore	T	
c11Tests/AttentionModelTests.swift	185	SurfaceMetadataStore	TabMetadataStore	T	
c11Tests/AttentionModelTests.swift	228	flagCallerSurfaceId	flagCallerTabId	Muse	
c11Tests/AttentionModelTests.swift	321	SurfaceAttentionSnapshot	TabAttentionSnapshot	T	
c11Tests/AttentionModelTests.swift	325	SurfaceAttentionSnapshot	TabAttentionSnapshot	T	
c11Tests/AttentionModelTests.swift	329	SurfaceAttentionSnapshot	TabAttentionSnapshot	T	
c11Tests/AttentionModelTests.swift	341	SurfaceAttentionSnapshot	TabAttentionSnapshot	T	
c11Tests/AttentionModelTests.swift	356	SurfaceTabActivityResolver	TabActivityResolver	T	
c11Tests/AttentionModelTests.swift	366	SurfaceTabActivityResolver	TabActivityResolver	T	
c11Tests/AttentionModelTests.swift	376	SurfaceTabActivityResolver	TabActivityResolver	T	
c11Tests/AttentionModelTests.swift	392	SurfaceAttentionSnapshot	TabAttentionSnapshot	T	
c11Tests/AttentionModelTests.swift	399	SurfaceAttentionSnapshot	TabAttentionSnapshot	T	
c11Tests/AttentionModelTests.swift	406	SurfaceAttentionSnapshot	TabAttentionSnapshot	T	
c11Tests/AttentionModelTests.swift	465	SurfaceAttentionIndex	TabAttentionIndex	T	
c11Tests/AttentionModelTests.swift	466	SurfaceAttentionSnapshot	TabAttentionSnapshot	T	
c11Tests/AttentionModelTests.swift	474	SurfaceAttentionIndex	TabAttentionIndex	T	
c11Tests/AttentionModelTests.swift	475	SurfaceAttentionSnapshot	TabAttentionSnapshot	T	
c11Tests/AttentionModelTests.swift	480	flagCallerSurfaceId	flagCallerTabId	Muse	
c11Tests/AttentionModelTests.swift	485	SurfaceAttentionIndex	TabAttentionIndex	T	
c11Tests/AttentionModelTests.swift	486	SurfaceAttentionIndex	TabAttentionIndex	T	
c11Tests/AttentionModelTests.swift	596	SurfaceAttentionService	TabAttentionService	T	
c11Tests/AttentionModelTests.swift	600	SurfaceAttentionService	TabAttentionService	T	
c11Tests/AttentionModelTests.swift	608	SurfaceAttentionService	TabAttentionService	T	
c11Tests/AttentionModelTests.swift	615	SurfaceAttentionIndex	TabAttentionIndex	T	
c11Tests/AttentionModelTests.swift	619	SurfaceAttentionService	TabAttentionService	T	
c11Tests/AttentionModelTests.swift	626	SurfaceAttentionIndex	TabAttentionIndex	T	
c11Tests/AttentionModelTests.swift	643	SurfaceAttentionService	TabAttentionService	T	
c11Tests/AttentionModelTests.swift	649	SurfaceAttentionService	TabAttentionService	T	
c11Tests/AttentionModelTests.swift	656	SurfaceAttentionService	TabAttentionService	T	
c11Tests/AttentionModelTests.swift	680	SurfaceAttentionService	TabAttentionService	T	
c11Tests/AttentionModelTests.swift	681	SurfaceAttentionService	TabAttentionService	T	
c11Tests/AttentionModelTests.swift	684	SurfaceAttentionService	TabAttentionService	T	
c11Tests/AttentionModelTests.swift	685	SurfaceAttentionSnapshot	TabAttentionSnapshot	T	
c11Tests/AttentionModelTests.swift	700	SurfaceAttentionService	TabAttentionService	T	
c11Tests/AttentionModelTests.swift	705	SurfaceAttentionIndex	TabAttentionIndex	T	
c11Tests/AttentionModelTests.swift	711	SurfaceAttentionService	TabAttentionService	T	
c11Tests/AttentionModelTests.swift	712	SurfaceAttentionSnapshot	TabAttentionSnapshot	T	
c11Tests/AttentionModelTests.swift	724	SurfaceAttentionService	TabAttentionService	T	
c11Tests/AttentionModelTests.swift	728	SurfaceAttentionIndex	TabAttentionIndex	T	
c11Tests/AttentionModelTests.swift	752	SurfaceMetadataStore	TabMetadataStore	T	
c11Tests/AttentionModelTests.swift	785	SurfaceMetadataStore	TabMetadataStore	T	
c11Tests/AttentionModelTests.swift	812	SurfaceAttentionService	TabAttentionService	T	
c11Tests/AttentionModelTests.swift	815	SurfaceAttentionService	TabAttentionService	T	
c11Tests/AttentionModelTests.swift	820	SurfaceAttentionService	TabAttentionService	T	
c11Tests/AttentionModelTests.swift	826	SurfaceAttentionService	TabAttentionService	T	
c11Tests/AttentionModelTests.swift	846	SurfaceAttentionService	TabAttentionService	T	
c11Tests/AttentionModelTests.swift	851	SurfaceAttentionService	TabAttentionService	T	
c11Tests/AttentionModelTests.swift	881	SurfaceAttentionService	TabAttentionService	T	
c11Tests/AttentionModelTests.swift	884	SurfaceAttentionService	TabAttentionService	T	
c11Tests/AttentionModelTests.swift	891	SurfaceAttentionService	TabAttentionService	T	
c11Tests/AttentionModelTests.swift	926	SurfaceAttentionService	TabAttentionService	T	
c11Tests/AttentionModelTests.swift	929	SurfaceAttentionService	TabAttentionService	T	
c11Tests/AttentionModelTests.swift	935	SurfaceAttentionService	TabAttentionService	T	
c11Tests/AttentionModelTests.swift	949	SurfaceAttentionService	TabAttentionService	T	
c11Tests/BrowserCompanionPolicyTests.swift	22	CompanionSurfaceIdentity	CompanionTabIdentity	T	
c11Tests/BrowserCompanionPolicyTests.swift	34	AgentSurfaceLink	AgentTabLink	T	
c11Tests/BrowserCompanionPolicyTests.swift	37	AgentSurfaceLink	AgentTabLink	T	
c11Tests/BrowserCompanionPolicyTests.swift	265	AgentSurfaceLink	AgentTabLink	T	
c11Tests/BrowserCompanionPolicyTests.swift	269	AgentSurfaceLink	AgentTabLink	T	
c11Tests/BrowserCompanionPolicyTests.swift	296	AgentSurfaceLink	AgentTabLink	T	
c11Tests/BrowserCompanionPortalTests.swift	13	CompanionSurfaceIdentity	CompanionTabIdentity	T	
c11Tests/BrowserCompanionPortalTests.swift	22	CompanionSurfaceIdentity	CompanionTabIdentity	T	
c11Tests/BrowserCompanionPortalTests.swift	212	AgentSurfaceLink	AgentTabLink	T	
c11Tests/BrowserCompanionPortalTests.swift	329	AgentSurfaceLink	AgentTabLink	T	
c11Tests/BrowserConfigTests.swift	1791	surfaceListeningPorts	tabListeningPorts	Muse	
c11Tests/BrowserConfigTests.swift	1819	surfaceListeningPorts	tabListeningPorts	Muse	
c11Tests/CommandPaletteSearchEngineTests.swift	747	CommandPaletteSwitcherFingerprintSurface	CommandPaletteSwitcherFingerprintTab	T	
c11Tests/CommandPaletteSearchEngineTests.swift	775	CommandPaletteSwitcherFingerprintSurface	CommandPaletteSwitcherFingerprintTab	T	
c11Tests/CommandPaletteSearchEngineTests.swift	803	CommandPaletteSwitcherFingerprintSurface	CommandPaletteSwitcherFingerprintTab	T	
c11Tests/ConversationCrashRecoveryTests.swift	196	SurfaceConversations	TabConversations	T	
c11Tests/ConversationCrashRecoveryTests.swift	215	SurfaceConversations	TabConversations	T	
c11Tests/ConversationRefTests.swift	62	SurfaceConversations	TabConversations	T	
c11Tests/ConversationRefTests.swift	474	SurfaceConversations	TabConversations	T	
c11Tests/ConversationRefTests.swift	822	SurfaceConversations	TabConversations	T	
c11Tests/ConversationRefTests.swift	823	SurfaceConversations	TabConversations	T	
c11Tests/ConversationRefTests.swift	835	SurfaceConversations	TabConversations	T	
c11Tests/ConversationRefTests.swift	842	SurfaceConversations	TabConversations	T	
c11Tests/ConversationRefTests.swift	861	SurfaceConversations	TabConversations	T	
c11Tests/ConversationRefTests.swift	868	SurfaceConversations	TabConversations	T	
c11Tests/ConversationRefTests.swift	887	SurfaceConversations	TabConversations	T	
c11Tests/ConversationRefTests.swift	894	SurfaceConversations	TabConversations	T	
c11Tests/ConversationRefTests.swift	901	SurfaceConversations	TabConversations	T	
c11Tests/ConversationSnapshotBridgeTests.swift	32	SurfaceMetadataKeyName	TabMetadataKeyName	T	
c11Tests/ConversationSnapshotBridgeTests.swift	33	SurfaceMetadataKeyName	TabMetadataKeyName	T	
c11Tests/ConversationSnapshotBridgeTests.swift	87	SurfaceMetadataKeyName	TabMetadataKeyName	T	
c11Tests/ConversationSnapshotBridgeTests.swift	117	SurfaceConversations	TabConversations	T	
c11Tests/ConversationSnapshotBridgeTests.swift	154	SurfaceConversations	TabConversations	T	
c11Tests/ConversationSnapshotBridgeTests.swift	194	SurfaceConversations	TabConversations	T	
c11Tests/EventLogTests.swift	285	SurfaceMetadataStore	TabMetadataStore	T	
c11Tests/EventLogTests.swift	292	SurfaceMetadataStore	TabMetadataStore	T	
c11Tests/EventLogTests.swift	315	SurfaceMetadataStore	TabMetadataStore	T	
c11Tests/EventLogTests.swift	317	SurfaceMetadataStore	TabMetadataStore	T	
c11Tests/EventLogTests.swift	338	callerSurfaceId	callerTabId	T	
c11Tests/GhosttyConfigTests.swift	1297	detachSurface	detachTab	Muse	
c11Tests/GhosttyConfigTests.swift	1299	attachDetachedSurface	attachDetachedTab	Muse	
c11Tests/GhosttyConfigTests.swift	1332	detachSurface	detachTab	Muse	
c11Tests/GhosttyConfigTests.swift	1334	attachDetachedSurface	attachDetachedTab	Muse	
c11Tests/MailboxDispatcherGCTests.swift	43	MailboxSurfaceResolver	MailboxTabResolver	T	
c11Tests/MailboxDispatcherGCTests.swift	45	liveSurfaces	liveTabs	Muse	
c11Tests/MailboxDispatcherTests.swift	56	SurfaceMetadataStore	TabMetadataStore	T	
c11Tests/MailboxDispatcherTests.swift	67	MailboxSurfaceResolver	MailboxTabResolver	T	
c11Tests/MailboxDispatcherTests.swift	69	liveSurfaces	liveTabs	Muse	
c11Tests/MailboxDispatcherTests.swift	98	surfaceName	tabName	Muse	
c11Tests/MailboxLayoutTests.swift	68	surfaceName	tabName	Muse	
c11Tests/MailboxLayoutTests.swift	83	surfaceName	tabName	Muse	
c11Tests/MailboxLayoutTests.swift	93	surfaceName	tabName	Muse	
c11Tests/MailboxLayoutTests.swift	194	surfaceName	tabName	Muse	
c11Tests/MailboxSurfaceResolverTests.swift	12	SurfaceMetadataStore	TabMetadataStore	T	
c11Tests/MailboxSurfaceResolverTests.swift	19	SurfaceMetadataStore	TabMetadataStore	T	
c11Tests/MailboxSurfaceResolverTests.swift	41	MailboxSurfaceResolver	MailboxTabResolver	T	
c11Tests/MailboxSurfaceResolverTests.swift	42	MailboxSurfaceResolver	MailboxTabResolver	T	
c11Tests/MailboxSurfaceResolverTests.swift	45	liveSurfaces	liveTabs	Muse	
c11Tests/MailboxSurfaceResolverTests.swift	87	surfaceName	tabName	Muse	
c11Tests/MailboxSurfaceResolverTests.swift	93	surfaceName	tabName	Muse	
c11Tests/MailboxSurfaceResolverTests.swift	114	surfacesWithMailboxMetadata	tabsWithMailboxMetadata	Muse	
c11Tests/MailboxSurfaceResolverTests.swift	140	surfacesWithMailboxMetadata	tabsWithMailboxMetadata	Muse	
c11Tests/MailboxSurfaceResolverTests.swift	154	surfacesWithMailboxMetadata	tabsWithMailboxMetadata	Muse	
c11Tests/MailboxSurfaceResolverTests.swift	165	surfacesWithMailboxMetadata	tabsWithMailboxMetadata	Muse	
c11Tests/MailboxSurfaceResolverTests.swift	175	surfacesWithMailboxMetadata	tabsWithMailboxMetadata	Muse	
c11Tests/MailboxSurfaceResolverTests.swift	188	Surface	TabRecord	T	
c11Tests/MailboxSurfaceResolverTests.swift	189	Surface	TabRecord	T	
c11Tests/MailboxSurfaceResolverTests.swift	197	Surface	TabRecord	T	
c11Tests/MailboxSurfaceResolverTests.swift	198	Surface	TabRecord	T	
c11Tests/MailboxSurfaceResolverTests.swift	207	Surface	TabRecord	T	
c11Tests/MetadataDerivedPrecedenceTests.swift	36	SurfaceMetadataStore	TabMetadataStore	T	
c11Tests/MetadataDerivedPrecedenceTests.swift	64	SurfaceMetadataStore	TabMetadataStore	T	
c11Tests/MetadataDerivedPrecedenceTests.swift	89	SurfaceMetadataStore	TabMetadataStore	T	
c11Tests/MetadataDerivedPrecedenceTests.swift	112	SurfaceMetadataStore	TabMetadataStore	T	
c11Tests/MetadataDerivedPrecedenceTests.swift	117	SurfaceMetadataStore	TabMetadataStore	T	
c11Tests/MetadataDerivedPrecedenceTests.swift	123	SurfaceMetadataStore	TabMetadataStore	T	
c11Tests/MetadataDerivedPrecedenceTests.swift	129	SurfaceMetadataStore	TabMetadataStore	T	
c11Tests/MetadataPersistencePrecedenceTests.swift	13	SurfaceMetadataStore	TabMetadataStore	T	
c11Tests/MetadataPersistencePrecedenceTests.swift	16	SurfaceMetadataStore	TabMetadataStore	T	
c11Tests/MetadataPersistencePrecedenceTests.swift	40	SurfaceMetadataStore	TabMetadataStore	T	
c11Tests/MetadataPersistencePrecedenceTests.swift	63	SurfaceMetadataStore	TabMetadataStore	T	
c11Tests/MetadataPersistencePrecedenceTests.swift	93	SurfaceMetadataStore	TabMetadataStore	T	
c11Tests/MetadataPersistencePrecedenceTests.swift	110	SurfaceMetadataStore	TabMetadataStore	T	
c11Tests/MetadataSourceTimestampTests.swift	19	SurfaceMetadataStore	TabMetadataStore	T	
c11Tests/MetadataStoreRevisionCounterTests.swift	14	SurfaceMetadataStore	TabMetadataStore	T	
c11Tests/MetadataStoreRevisionCounterTests.swift	15	SurfaceMetadataStore	TabMetadataStore	T	
c11Tests/MetadataStoreRevisionCounterTests.swift	181	SurfaceMetadataStore	TabMetadataStore	T	
c11Tests/MetadataStoreRevisionCounterTests.swift	189	SurfaceMetadataStore	TabMetadataStore	T	
c11Tests/NotificationAndMenuBarTests.swift	257	SurfaceLivenessDeriver	TabLivenessDeriver	T	
c11Tests/NotificationAndMenuBarTests.swift	263	SurfaceMetadataStore	TabMetadataStore	T	
c11Tests/NotificationAndMenuBarTests.swift	282	SurfaceMetadataStore	TabMetadataStore	T	
c11Tests/NotificationAndMenuBarTests.swift	331	SurfaceLivenessDeriver	TabLivenessDeriver	T	
c11Tests/NotificationAndMenuBarTests.swift	337	SurfaceMetadataStore	TabMetadataStore	T	
c11Tests/NotificationAndMenuBarTests.swift	357	SurfaceMetadataStore	TabMetadataStore	T	
c11Tests/OpencodeResumeTests.swift	75	SurfaceMetadataStore	TabMetadataStore	T	
c11Tests/OpencodeResumeTests.swift	120	SurfaceMetadataStore	TabMetadataStore	T	
c11Tests/OpencodeResumeTests.swift	135	SurfaceMetadataStore	TabMetadataStore	T	
c11Tests/OpencodeResumeTests.swift	150	SurfaceMetadataStore	TabMetadataStore	T	
c11Tests/PaneMetadataPersistenceTests.swift	83	SurfaceMetadataStore	TabMetadataStore	T	
c11Tests/PaneMetadataPersistenceTests.swift	113	SurfaceMetadataStore	TabMetadataStore	T	
c11Tests/PanelIdentityRestoreTests.swift	51	newMarkdownSurface	newMarkdownTab	Muse	
c11Tests/PanelIdentityRestoreTests.swift	113	newMarkdownSurface	newMarkdownTab	Muse	
c11Tests/PiConversationTests.swift	301	SurfaceConversations	TabConversations	T	
c11Tests/ScrapeCapturePipelineTests.swift	167	SurfaceConversations	TabConversations	T	
c11Tests/ScrapeCapturePipelineTests.swift	238	SurfaceMetadataKeyName	TabMetadataKeyName	T	
c11Tests/ScrapeCapturePipelineTests.swift	264	SurfaceMetadataKeyName	TabMetadataKeyName	T	
c11Tests/ScrapeCapturePipelineTests.swift	515	SurfaceMetadataKeyName	TabMetadataKeyName	T	
c11Tests/ScrapeCapturePipelineTests.swift	521	SurfaceMetadataKeyName	TabMetadataKeyName	T	
c11Tests/ScrapeCapturePipelineTests.swift	554	SurfaceMetadataKeyName	TabMetadataKeyName	T	
c11Tests/SessionPersistenceTests.swift	24	newMarkdownSurface	newMarkdownTab	Muse	
c11Tests/SessionPersistenceTests.swift	540	AgentSurfaceLink	AgentTabLink	T	
c11Tests/ShortcutAndCommandPaletteTests.swift	778	LastSurfaceCloseShortcutSettings	LastTabCloseShortcutSettings	T	
c11Tests/ShortcutAndCommandPaletteTests.swift	789	LastSurfaceCloseShortcutSettings	LastTabCloseShortcutSettings	T	
c11Tests/ShortcutAndCommandPaletteTests.swift	790	LastSurfaceCloseShortcutSettings	LastTabCloseShortcutSettings	T	
c11Tests/ShortcutAndCommandPaletteTests.swift	801	LastSurfaceCloseShortcutSettings	LastTabCloseShortcutSettings	T	
c11Tests/ShortcutAndCommandPaletteTests.swift	802	LastSurfaceCloseShortcutSettings	LastTabCloseShortcutSettings	T	
c11Tests/SocketDerivedSourceRejectionTests.swift	67	SurfaceMetadataStore	TabMetadataStore	T	
c11Tests/SocketDerivedSourceRejectionTests.swift	124	SurfaceMetadataStore	TabMetadataStore	T	
c11Tests/SocketSurfaceRefValidatorTests.swift	18	SocketSurfaceRefValidator	SocketTabRefValidator	T	
c11Tests/SocketSurfaceRefValidatorTests.swift	20	SocketSurfaceRefValidator	SocketTabRefValidator	T	
c11Tests/SocketSurfaceRefValidatorTests.swift	22	SocketSurfaceRefValidator	SocketTabRefValidator	T	
c11Tests/SocketSurfaceRefValidatorTests.swift	23	SocketSurfaceRefValidator	SocketTabRefValidator	T	
c11Tests/SocketSurfaceRefValidatorTests.swift	24	SocketSurfaceRefValidator	SocketTabRefValidator	T	
c11Tests/SocketSurfaceRefValidatorTests.swift	26	SocketSurfaceRefValidator	SocketTabRefValidator	T	
c11Tests/SocketSurfaceRefValidatorTests.swift	28	SocketSurfaceRefValidator	SocketTabRefValidator	T	
c11Tests/SocketSurfaceRefValidatorTests.swift	29	SocketSurfaceRefValidator	SocketTabRefValidator	T	
c11Tests/SocketSurfaceRefValidatorTests.swift	35	SocketSurfaceRefValidator	SocketTabRefValidator	T	
c11Tests/SocketSurfaceRefValidatorTests.swift	40	SocketSurfaceRefValidator	SocketTabRefValidator	T	
c11Tests/SocketSurfaceRefValidatorTests.swift	44	SocketSurfaceRefValidator	SocketTabRefValidator	T	
c11Tests/SocketSurfaceRefValidatorTests.swift	49	SocketSurfaceRefValidator	SocketTabRefValidator	T	
c11Tests/SocketSurfaceRefValidatorTests.swift	55	SocketSurfaceRefValidator	SocketTabRefValidator	T	
c11Tests/SocketSurfaceRefValidatorTests.swift	60	SocketSurfaceRefValidator	SocketTabRefValidator	T	
c11Tests/SocketSurfaceRefValidatorTests.swift	66	SocketSurfaceRefValidator	SocketTabRefValidator	T	
c11Tests/SocketSurfaceRefValidatorTests.swift	71	SocketSurfaceRefValidator	SocketTabRefValidator	T	
c11Tests/SocketSurfaceRefValidatorTests.swift	75	SocketSurfaceRefValidator	SocketTabRefValidator	T	
c11Tests/SocketSurfaceRefValidatorTests.swift	80	SocketSurfaceRefValidator	SocketTabRefValidator	T	
c11Tests/SocketSurfaceRefValidatorTests.swift	88	SocketSurfaceRefValidator	SocketTabRefValidator	T	
c11Tests/SocketSurfaceRefValidatorTests.swift	93	SocketSurfaceRefValidator	SocketTabRefValidator	T	
c11Tests/SocketSurfaceRefValidatorTests.swift	99	SocketSurfaceRefValidator	SocketTabRefValidator	T	
c11Tests/SocketSurfaceRefValidatorTests.swift	108	SocketSurfaceRefValidator	SocketTabRefValidator	T	
c11Tests/SocketSurfaceRefValidatorTests.swift	118	SocketSurfaceRefValidator	SocketTabRefValidator	T	
c11Tests/SocketSurfaceRefValidatorTests.swift	123	SocketSurfaceRefValidator	SocketTabRefValidator	T	
c11Tests/SocketSurfaceRefValidatorTests.swift	131	SocketSurfaceRefValidator	SocketTabRefValidator	T	
c11Tests/SocketSurfaceRefValidatorTests.swift	134	SocketSurfaceRefValidator	SocketTabRefValidator	T	
c11Tests/SocketSurfaceRefValidatorTests.swift	137	SocketSurfaceRefValidator	SocketTabRefValidator	T	
c11Tests/SocketSurfaceRefValidatorTests.swift	140	SocketSurfaceRefValidator	SocketTabRefValidator	T	
c11Tests/SocketSurfaceRefValidatorTests.swift	143	SocketSurfaceRefValidator	SocketTabRefValidator	T	
c11Tests/StdinHandlerFormattingTests.swift	149	surfaceName	tabName	Muse	
c11Tests/StdinHandlerFormattingTests.swift	171	surfaceName	tabName	Muse	
c11Tests/StdinHandlerFormattingTests.swift	214	surfaceName	tabName	Muse	
c11Tests/StdinHandlerFormattingTests.swift	232	surfaceName	tabName	Muse	
c11Tests/StdinHandlerFormattingTests.swift	256	surfaceName	tabName	Muse	
c11Tests/StdinHandlerFormattingTests.swift	296	surfaceName	tabName	Muse	
c11Tests/SurfaceActivityTests.swift	14	SurfaceActivityTracker	TabActivityTracker	T	
c11Tests/SurfaceActivityTests.swift	24	SurfaceActivityTracker	TabActivityTracker	T	
c11Tests/SurfaceActivityTests.swift	42	SurfaceActivityTracker	TabActivityTracker	T	
c11Tests/SurfaceActivityTests.swift	45	SurfaceActivityTracker	TabActivityTracker	T	
c11Tests/SurfaceActivityTests.swift	52	SurfaceActivityTracker	TabActivityTracker	T	
c11Tests/SurfaceActivityTests.swift	60	SurfaceActivityTracker	TabActivityTracker	T	
c11Tests/SurfaceActivityTests.swift	72	SurfaceActivityTracker	TabActivityTracker	T	
c11Tests/SurfaceLifecycleTests.swift	38	SurfaceLifecycleState	TabLifecycleState	T	
c11Tests/SurfaceLifecycleTests.swift	39	SurfaceLifecycleState	TabLifecycleState	T	
c11Tests/SurfaceLifecycleTests.swift	43	SurfaceLifecycleState	TabLifecycleState	T	
c11Tests/SurfaceLifecycleTests.swift	44	SurfaceLifecycleState	TabLifecycleState	T	
c11Tests/SurfaceLifecycleTests.swift	48	SurfaceLifecycleState	TabLifecycleState	T	
c11Tests/SurfaceLifecycleTests.swift	55	SurfaceLifecycleState	TabLifecycleState	T	
c11Tests/SurfaceLifecycleTests.swift	63	SurfaceLifecycleState	TabLifecycleState	T	
c11Tests/SurfaceLifecycleTests.swift	70	SurfaceLifecycleState	TabLifecycleState	T	
c11Tests/SurfaceLifecycleTests.swift	73	SurfaceLifecycleState	TabLifecycleState	T	
c11Tests/SurfaceLifecycleTests.swift	80	SurfaceLifecycleState	TabLifecycleState	T	
c11Tests/SurfaceLifecycleTests.swift	86	SurfaceLifecycleState	TabLifecycleState	T	
c11Tests/SurfaceLifecycleTests.swift	87	SurfaceLifecycleState	TabLifecycleState	T	
c11Tests/SurfaceLifecycleTests.swift	88	SurfaceLifecycleState	TabLifecycleState	T	
c11Tests/SurfaceLifecycleTests.swift	89	SurfaceLifecycleState	TabLifecycleState	T	
c11Tests/SurfaceLifecycleTests.swift	97	SurfaceMetadataStore	TabMetadataStore	T	
c11Tests/SurfaceLifecycleTests.swift	102	SurfaceLifecycleState	TabLifecycleState	T	
c11Tests/SurfaceLifecycleTests.swift	121	SurfaceMetadataStore	TabMetadataStore	T	
c11Tests/SurfaceLifecycleTests.swift	128	SurfaceLifecycleState	TabLifecycleState	T	
c11Tests/SurfaceLifecycleTests.swift	133	SurfaceMetadataStore	TabMetadataStore	T	
c11Tests/SurfaceLifecycleTests.swift	143	SurfaceMetadataStore	TabMetadataStore	T	
c11Tests/SurfaceLifecycleTests.swift	155	SurfaceMetadataStore	TabMetadataStore	T	
c11Tests/SurfaceLifecycleTests.swift	165	SurfaceMetadataStore	TabMetadataStore	T	
c11Tests/SurfaceLifecycleTests.swift	177	SurfaceMetadataStore	TabMetadataStore	T	
c11Tests/SurfaceLifecycleTests.swift	186	SurfaceMetadataStore	TabMetadataStore	T	
c11Tests/SurfaceLifecycleTests.swift	193	SurfaceLifecycleController	TabLifecycleController	T	
c11Tests/SurfaceLifecycleTests.swift	204	SurfaceMetadataStore	TabMetadataStore	T	
c11Tests/SurfaceLifecycleTests.swift	207	SurfaceLifecycleController	TabLifecycleController	T	
c11Tests/SurfaceLifecycleTests.swift	216	SurfaceLifecycleState	TabLifecycleState	T	
c11Tests/SurfaceLifecycleTests.swift	222	SurfaceLifecycleController	TabLifecycleController	T	
c11Tests/SurfaceLifecycleTests.swift	234	SurfaceLifecycleState	TabLifecycleState	T	
c11Tests/SurfaceLifecycleTests.swift	235	SurfaceLifecycleController	TabLifecycleController	T	
c11Tests/SurfaceLifecycleTests.swift	386	SurfaceMetricsSampler	TabMetricsSampler	T	
c11Tests/SurfaceLifecycleTests.swift	428	SurfaceMetricsSampler	TabMetricsSampler	T	
c11Tests/SurfaceLifecycleTests.swift	447	SurfaceMetadataStore	TabMetadataStore	T	
c11Tests/SurfaceLifecycleTests.swift	453	SurfaceLifecycleController	TabLifecycleController	T	
c11Tests/SurfaceLifecycleTests.swift	464	SurfaceLifecycleState	TabLifecycleState	T	
c11Tests/SurfaceLifecycleTests.swift	493	SurfaceMetadataStore	TabMetadataStore	T	
c11Tests/SurfaceLifecycleTests.swift	496	SurfaceLifecycleState	TabLifecycleState	T	
c11Tests/SurfaceLivenessDeriverTests.swift	20	SurfaceMetadataStore	TabMetadataStore	T	
c11Tests/SurfaceLivenessDeriverTests.swift	23	SurfaceActivityTracker	TabActivityTracker	T	
c11Tests/SurfaceLivenessDeriverTests.swift	54	SurfaceLivenessDeriver	TabLivenessDeriver	T	
c11Tests/SurfaceLivenessDeriverTests.swift	55	SurfaceLivenessDeriver	TabLivenessDeriver	T	
c11Tests/SurfaceLivenessDeriverTests.swift	56	SurfaceLivenessDeriver	TabLivenessDeriver	T	
c11Tests/SurfaceLivenessDeriverTests.swift	78	SurfaceLivenessDeriver	TabLivenessDeriver	T	
c11Tests/SurfaceLivenessDeriverTests.swift	92	SurfaceTabActivityResolver	TabActivityResolver	T	
c11Tests/SurfaceLivenessDeriverTests.swift	100	SurfaceTabActivityResolver	TabActivityResolver	T	
c11Tests/SurfaceLivenessDeriverTests.swift	109	SurfaceTabActivityResolver	TabActivityResolver	T	
c11Tests/SurfaceLivenessDeriverTests.swift	117	SurfaceTabActivityResolver	TabActivityResolver	T	
c11Tests/SurfaceLivenessDeriverTests.swift	129	SurfaceTabActivityResolver	TabActivityResolver	T	
c11Tests/SurfaceLivenessDeriverTests.swift	141	SurfaceTabActivityResolver	TabActivityResolver	T	
c11Tests/SurfaceLivenessDeriverTests.swift	149	SurfaceTabActivityResolver	TabActivityResolver	T	
c11Tests/SurfaceLivenessDeriverTests.swift	159	SurfaceTabActivityResolver	TabActivityResolver	T	
c11Tests/SurfaceLivenessDeriverTests.swift	164	SurfaceTabActivityResolver	TabActivityResolver	T	
c11Tests/SurfaceLivenessDeriverTests.swift	169	SurfaceTabActivityResolver	TabActivityResolver	T	
c11Tests/SurfaceLivenessDeriverTests.swift	181	SurfaceLivenessDeriver	TabLivenessDeriver	T	
c11Tests/SurfaceLivenessDeriverTests.swift	187	SurfaceLivenessDeriver	TabLivenessDeriver	T	
c11Tests/SurfaceLivenessDeriverTests.swift	193	SurfaceLivenessDeriver	TabLivenessDeriver	T	
c11Tests/SurfaceLivenessDeriverTests.swift	199	SurfaceLivenessDeriver	TabLivenessDeriver	T	
c11Tests/SurfaceLivenessDeriverTests.swift	271	SurfaceTabActivityResolver	TabActivityResolver	T	
c11Tests/SurfaceLivenessDeriverTests.swift	303	SurfaceActivityTerminalKindResolver	TabActivityTerminalKindResolver	T	
c11Tests/SurfaceLivenessDeriverTests.swift	310	SurfaceActivityTerminalKindResolver	TabActivityTerminalKindResolver	T	
c11Tests/SurfaceLivenessDeriverTests.swift	320	SurfaceActivityTerminalKindResolver	TabActivityTerminalKindResolver	T	
c11Tests/SurfaceLivenessDeriverTests.swift	331	SurfaceTabActivityResolver	TabActivityResolver	T	
c11Tests/SurfaceLivenessDeriverTests.swift	365	SurfaceLivenessDeriver	TabLivenessDeriver	T	
c11Tests/SurfaceLivenessDeriverTests.swift	379	SurfaceLivenessDeriver	TabLivenessDeriver	T	
c11Tests/SurfaceLivenessDeriverTests.swift	394	SurfaceLivenessDeriver	TabLivenessDeriver	T	
c11Tests/SurfaceLivenessDeriverTests.swift	400	SurfaceLivenessDeriver	TabLivenessDeriver	T	
c11Tests/SurfaceLivenessDeriverTests.swift	422	SurfaceLivenessDeriver	TabLivenessDeriver	T	
c11Tests/SurfaceLivenessDeriverTests.swift	443	SurfaceActivityTracker	TabActivityTracker	T	
c11Tests/SurfaceLivenessDeriverTests.swift	446	SurfaceLivenessDeriver	TabLivenessDeriver	T	
c11Tests/SurfaceLivenessDeriverTests.swift	461	SurfaceActivityTracker	TabActivityTracker	T	
c11Tests/SurfaceLivenessDeriverTests.swift	463	SurfaceLivenessDeriver	TabLivenessDeriver	T	
c11Tests/SurfaceLivenessDeriverTests.swift	487	SurfaceActivityTracker	TabActivityTracker	T	
c11Tests/SurfaceLivenessDeriverTests.swift	491	SurfaceLivenessDeriver	TabLivenessDeriver	T	
c11Tests/SurfaceLivenessDeriverTests.swift	505	SurfaceActivityTracker	TabActivityTracker	T	
c11Tests/SurfaceLivenessDeriverTests.swift	507	SurfaceLivenessDeriver	TabLivenessDeriver	T	
c11Tests/SurfaceMetadataStoreValidationTests.swift	20	SurfaceMetadataStore	TabMetadataStore	T	
c11Tests/SurfaceMetadataStoreValidationTests.swift	52	SurfaceMetadataStore	TabMetadataStore	T	
c11Tests/SurfaceMetadataStoreValidationTests.swift	74	SurfaceMetadataStore	TabMetadataStore	T	
c11Tests/SurfaceMetadataStoreValidationTests.swift	95	SurfaceMetadataStore	TabMetadataStore	T	
c11Tests/SurfaceMetadataStoreValidationTests.swift	180	SurfaceMetadataStore	TabMetadataStore	T	
c11Tests/SurfaceMetadataStoreValidationTests.swift	229	SurfaceMetadataStore	TabMetadataStore	T	
c11Tests/SurfaceSeenClockTests.swift	18	SurfaceSeenClock	TabSeenClock	T	
c11Tests/SurfaceSeenClockTests.swift	24	SurfaceSeenClock	TabSeenClock	T	
c11Tests/SurfaceSeenClockTests.swift	30	SurfaceSeenClock	TabSeenClock	T	
c11Tests/SurfaceSeenClockTests.swift	39	SurfaceSeenClock	TabSeenClock	T	
c11Tests/SurfaceSeenClockTests.swift	51	SurfaceSeenClock	TabSeenClock	T	
c11Tests/SurfaceSeenClockTests.swift	60	SurfaceSeenClock	TabSeenClock	T	
c11Tests/SurfaceSeenClockTests.swift	66	SurfaceSeenClock	TabSeenClock	T	
c11Tests/SurfaceSeenClockTests.swift	80	SurfaceSeenClock	TabSeenClock	T	
c11Tests/SurfaceSeenClockTests.swift	115	SurfaceSeenTracker	TabSeenTracker	T	
c11Tests/SurfaceSeenClockTests.swift	207	SurfaceSeenTracker	TabSeenTracker	T	
c11Tests/SurfaceTitleBarRenderTests.swift	21	SurfaceTitleBarState	TabTitleBarState	T	
c11Tests/SurfaceTitleBarRenderTests.swift	22	SurfaceTitleBarView	TabTitleBarView	T	
c11Tests/SurfaceTitleBarRenderTests.swift	32	SurfaceTitleBarState	TabTitleBarState	T	
c11Tests/SurfaceTitleBarRenderTests.swift	33	SurfaceTitleBarState	TabTitleBarState	T	
c11Tests/SurfaceTitleBarRenderTests.swift	48	SurfaceTitleBarState	TabTitleBarState	T	
c11Tests/SurfaceTitleBarRenderTests.swift	65	SurfaceTitleBarState	TabTitleBarState	T	
c11Tests/SurfaceTitleBarRenderTests.swift	66	SurfaceTitleBarState	TabTitleBarState	T	
c11Tests/SurfaceTitleBarRenderTests.swift	75	SurfaceTitleBarState	TabTitleBarState	T	
c11Tests/SurfaceTitleBarRenderTests.swift	85	SurfaceTitleBarState	TabTitleBarState	T	
c11Tests/SurfaceTitleBarRenderTests.swift	103	SurfaceTitleBarView	TabTitleBarView	T	
c11Tests/SurfaceTitleBarRenderTests.swift	110	SurfaceTitleBarState	TabTitleBarState	T	
c11Tests/SurfaceTitleBarRenderTests.swift	111	SurfaceTitleBarView	TabTitleBarView	T	
c11Tests/SurfaceTypeAvailabilityTests.swift	22	SurfaceTypeAvailability	TabTypeAvailability	T	
c11Tests/SurfaceTypeAvailabilityTests.swift	23	SurfaceTypeAvailability	TabTypeAvailability	T	
c11Tests/SurfaceTypeAvailabilityTests.swift	23	markdownSurfacesEnabledKey	markdownTabsEnabledKey	Muse	
c11Tests/SurfaceTypeAvailabilityTests.swift	25	SurfaceTypeAvailability	TabTypeAvailability	T	
c11Tests/SurfaceTypeAvailabilityTests.swift	26	SurfaceTypeAvailability	TabTypeAvailability	T	
c11Tests/SurfaceTypeAvailabilityTests.swift	28	SurfaceTypeAvailability	TabTypeAvailability	T	
c11Tests/SurfaceTypeAvailabilityTests.swift	35	SurfaceTypeAvailability	TabTypeAvailability	T	
c11Tests/SurfaceTypeAvailabilityTests.swift	40	SurfaceTypeAvailability	TabTypeAvailability	T	
c11Tests/SurfaceTypeAvailabilityTests.swift	47	SurfaceTypeAvailability	TabTypeAvailability	T	
c11Tests/SurfaceTypeAvailabilityTests.swift	48	SurfaceTypeAvailability	TabTypeAvailability	T	
c11Tests/SurfaceTypeAvailabilityTests.swift	50	SurfaceTypeAvailability	TabTypeAvailability	T	
c11Tests/SurfaceTypeAvailabilityTests.swift	55	SurfaceTypeAvailability	TabTypeAvailability	T	
c11Tests/SurfaceTypeAvailabilityTests.swift	55	markdownSurfacesEnabledKey	markdownTabsEnabledKey	Muse	
c11Tests/SurfaceTypeAvailabilityTests.swift	56	SurfaceTypeAvailability	TabTypeAvailability	T	
c11Tests/SurfaceTypeAvailabilityTests.swift	58	SurfaceTypeAvailability	TabTypeAvailability	T	
c11Tests/SurfaceTypeAvailabilityTests.swift	63	SurfaceTypeAvailability	TabTypeAvailability	T	
c11Tests/SurfaceTypeAvailabilityTests.swift	64	SurfaceTypeAvailability	TabTypeAvailability	T	
c11Tests/SurfaceTypeAvailabilityTests.swift	64	markdownSurfacesEnabledKey	markdownTabsEnabledKey	Muse	
c11Tests/SurfaceTypeAvailabilityTests.swift	65	SurfaceTypeAvailability	TabTypeAvailability	T	
c11Tests/SurfaceTypeAvailabilityTests.swift	66	SurfaceTypeAvailability	TabTypeAvailability	T	
c11Tests/SurfaceTypeAvailabilityTests.swift	73	SurfaceTypeAvailability	TabTypeAvailability	T	
c11Tests/SurfaceTypeAvailabilityTests.swift	74	SurfaceTypeAvailability	TabTypeAvailability	T	
c11Tests/SurfaceTypeAvailabilityTests.swift	75	SurfaceTypeAvailability	TabTypeAvailability	T	
c11Tests/SurfaceTypeAvailabilityTests.swift	77	SurfaceTypeAvailability	TabTypeAvailability	T	
c11Tests/SurfaceTypeAvailabilityTests.swift	82	SurfaceTypeAvailability	TabTypeAvailability	T	
c11Tests/SurfaceTypeAvailabilityTests.swift	82	markdownSurfacesEnabledKey	markdownTabsEnabledKey	Muse	
c11Tests/SurfaceTypeAvailabilityTests.swift	83	SurfaceTypeAvailability	TabTypeAvailability	T	
c11Tests/SurfaceTypeAvailabilityTests.swift	84	SurfaceTypeAvailability	TabTypeAvailability	T	
c11Tests/SurfaceTypeAvailabilityTests.swift	85	SurfaceTypeAvailability	TabTypeAvailability	T	
c11Tests/SurfaceTypeAvailabilityTests.swift	91	SurfaceTypeAvailability	TabTypeAvailability	T	
c11Tests/SurfaceTypeAvailabilityTests.swift	93	SurfaceTypeAvailability	TabTypeAvailability	T	
c11Tests/SurfaceTypeAvailabilityTests.swift	102	SurfaceTypeAvailability	TabTypeAvailability	T	
c11Tests/SurfaceTypeAvailabilityTests.swift	104	SurfaceTypeAvailability	TabTypeAvailability	T	
c11Tests/SurfaceTypeAvailabilityTests.swift	113	SurfaceTypeAvailability	TabTypeAvailability	T	
c11Tests/SurfaceTypeAvailabilityTests.swift	117	SurfaceTypeAvailability	TabTypeAvailability	T	
c11Tests/TerminalAndGhosttyTests.swift	1368	SurfaceAttentionIndex	TabAttentionIndex	T	
c11Tests/TerminalAndGhosttyTests.swift	1386	SurfaceAttentionIndex	TabAttentionIndex	T	
c11Tests/TerminalAndGhosttyTests.swift	1387	SurfaceAttentionSnapshot	TabAttentionSnapshot	T	
c11Tests/TerminalAndGhosttyTests.swift	1416	SurfaceAttentionIndex	TabAttentionIndex	T	
c11Tests/TerminalAndGhosttyTests.swift	1426	SurfaceAttentionIndex	TabAttentionIndex	T	
c11Tests/TerminalAndGhosttyTests.swift	1427	SurfaceAttentionSnapshot	TabAttentionSnapshot	T	
c11Tests/WorkspaceApplyPlanCodableTests.swift	52	SurfaceSpec	TabSpec	T	
c11Tests/WorkspaceApplyPlanCodableTests.swift	74	SurfaceSpec	TabSpec	T	
c11Tests/WorkspaceApplyPlanCodableTests.swift	84	SurfaceSpec	TabSpec	T	
c11Tests/WorkspaceApplyPlanCodableTests.swift	89	SurfaceSpec	TabSpec	T	
c11Tests/WorkspaceApplyPlanCodableTests.swift	100	SurfaceSpec	TabSpec	T	
c11Tests/WorkspaceApplyPlanCodableTests.swift	107	SurfaceSpec	TabSpec	T	
c11Tests/WorkspaceApplyPlanCodableTests.swift	121	SurfaceSpec	TabSpec	T	
c11Tests/WorkspaceApplyPlanCodableTests.swift	131	SurfaceSpec	TabSpec	T	
c11Tests/WorkspaceApplyPlanCodableTests.swift	143	SurfaceSpec	TabSpec	T	
c11Tests/WorkspaceApplyPlanCodableTests.swift	149	SurfaceSpec	TabSpec	T	
c11Tests/WorkspaceApplyPlanCodableTests.swift	159	SurfaceSpec	TabSpec	T	
c11Tests/WorkspaceApplyPlanCodableTests.swift	167	SurfaceSpec	TabSpec	T	
c11Tests/WorkspaceApplyPlanCodableTests.swift	251	SurfaceSpec	TabSpec	T	
c11Tests/WorkspaceApplyPlanCodableTests.swift	252	SurfaceSpec	TabSpec	T	
c11Tests/WorkspaceApplyPlanCodableTests.swift	253	SurfaceSpec	TabSpec	T	
c11Tests/WorkspaceApplyPlanCodableTests.swift	254	SurfaceSpec	TabSpec	T	
c11Tests/WorkspaceApplyPlanCodableTests.swift	333	SurfaceSpec	TabSpec	T	
c11Tests/WorkspaceApplyPlanCodableTests.swift	336	SurfaceSpec	TabSpec	T	
c11Tests/WorkspaceApplyPlanCodableTests.swift	336	resolvedSurfaces	resolvedTabs	L	let resolvedSurfaces = surfaces ?? [SurfaceSpec(id: "a", kind: .terminal)]
c11Tests/WorkspaceApplyPlanCodableTests.swift	342	resolvedSurfaces	resolvedTabs	L	let resolvedSurfaces = surfaces ?? [SurfaceSpec(id: "a", kind: .terminal)]
c11Tests/WorkspaceApplyPlanCodableTests.swift	362	SurfaceSpec	TabSpec	T	
c11Tests/WorkspaceApplyPlanCodableTests.swift	363	SurfaceSpec	TabSpec	T	
c11Tests/WorkspaceApplyPlanCodableTests.swift	380	SurfaceSpec	TabSpec	T	
c11Tests/WorkspaceApplyPlanCodableTests.swift	391	SurfaceSpec	TabSpec	T	
c11Tests/WorkspaceApplyPlanCodableTests.swift	402	SurfaceSpec	TabSpec	T	
c11Tests/WorkspaceApplyPlanCodableTests.swift	413	SurfaceSpec	TabSpec	T	
c11Tests/WorkspaceBlueprintFileCodableTests.swift	38	SurfaceSpec	TabSpec	T	
c11Tests/WorkspaceBlueprintFileCodableTests.swift	73	SurfaceSpec	TabSpec	T	
c11Tests/WorkspaceBlueprintFileCodableTests.swift	74	SurfaceSpec	TabSpec	T	
c11Tests/WorkspaceBlueprintFileCodableTests.swift	75	SurfaceSpec	TabSpec	T	
c11Tests/WorkspaceBlueprintMarkdownTests.swift	41	SurfaceSpec	TabSpec	T	
c11Tests/WorkspaceBlueprintMarkdownTests.swift	63	SurfaceSpec	TabSpec	T	
c11Tests/WorkspaceBlueprintMarkdownTests.swift	64	SurfaceSpec	TabSpec	T	
c11Tests/WorkspaceBlueprintMarkdownTests.swift	183	SurfaceSpec	TabSpec	T	
c11Tests/WorkspaceBlueprintMarkdownTests.swift	188	SurfaceSpec	TabSpec	T	
c11Tests/WorkspaceBlueprintMarkdownTests.swift	228	SurfaceSpec	TabSpec	T	
c11Tests/WorkspaceBlueprintMarkdownTests.swift	229	SurfaceSpec	TabSpec	T	
c11Tests/WorkspaceBlueprintMarkdownTests.swift	230	SurfaceSpec	TabSpec	T	
c11Tests/WorkspaceBlueprintMarkdownTests.swift	246	SurfaceSpec	TabSpec	T	
c11Tests/WorkspaceBlueprintMarkdownTests.swift	261	SurfaceSpec	TabSpec	T	
c11Tests/WorkspaceBlueprintMarkdownTests.swift	338	SurfaceSpec	TabSpec	T	
c11Tests/WorkspaceBlueprintMarkdownTests.swift	386	SurfaceSpec	TabSpec	T	
c11Tests/WorkspaceBlueprintMarkdownTests.swift	414	SurfaceSpec	TabSpec	T	
c11Tests/WorkspaceBlueprintStoreTests.swift	44	SurfaceSpec	TabSpec	T	
c11Tests/WorkspaceBlueprintStoreTests.swift	268	SurfaceSpec	TabSpec	T	
c11Tests/WorkspaceConversationResumeTests.swift	167	SurfaceConversations	TabConversations	T	
c11Tests/WorkspaceConversationResumeTests.swift	208	SurfaceMetadataKeyName	TabMetadataKeyName	T	
c11Tests/WorkspaceConversationResumeTests.swift	210	SurfaceConversations	TabConversations	T	
c11Tests/WorkspaceConversationResumeTests.swift	253	SurfaceConversations	TabConversations	T	
c11Tests/WorkspaceConversationResumeTests.swift	263	SurfaceMetadataKeyName	TabMetadataKeyName	T	
c11Tests/WorkspaceConversationResumeTests.swift	265	SurfaceConversations	TabConversations	T	
c11Tests/WorkspaceConversationResumeTests.swift	316	SurfaceConversations	TabConversations	T	
c11Tests/WorkspaceConversationResumeTests.swift	610	SurfaceConversations	TabConversations	T	
c11Tests/WorkspaceConversationResumeTests.swift	625	SurfaceConversations	TabConversations	T	
c11Tests/WorkspaceConversationResumeTests.swift	644	SurfaceConversations	TabConversations	T	
c11Tests/WorkspaceConversationResumeTests.swift	654	SurfaceConversations	TabConversations	T	
c11Tests/WorkspaceConversationResumeTests.swift	655	SurfaceConversations	TabConversations	T	
c11Tests/WorkspaceConversationResumeTests.swift	659	SurfaceConversations	TabConversations	T	
c11Tests/WorkspaceConversationResumeTests.swift	664	SurfaceConversations	TabConversations	T	
c11Tests/WorkspaceConversationResumeTests.swift	718	SurfaceConversations	TabConversations	T	
c11Tests/WorkspaceDerivedActivityTests.swift	23	derivedActivityBySurface	derivedActivityByTab	Muse	
c11Tests/WorkspaceDerivedActivityTests.swift	26	derivedActivityBySurface	derivedActivityByTab	Muse	
c11Tests/WorkspaceDerivedActivityTests.swift	35	derivedActivityBySurface	derivedActivityByTab	Muse	
c11Tests/WorkspaceDerivedActivityTests.swift	38	derivedActivityBySurface	derivedActivityByTab	Muse	
c11Tests/WorkspaceDerivedActivityTests.swift	47	derivedActivityBySurface	derivedActivityByTab	Muse	
c11Tests/WorkspaceDerivedActivityTests.swift	50	derivedActivityBySurface	derivedActivityByTab	Muse	
c11Tests/WorkspaceDerivedActivityTests.swift	51	derivedActivityBySurface	derivedActivityByTab	Muse	
c11Tests/WorkspaceDerivedActivityTests.swift	63	derivedActivityBySurface	derivedActivityByTab	Muse	
c11Tests/WorkspaceDerivedActivityTests.swift	64	derivedActivityBySurface	derivedActivityByTab	Muse	
c11Tests/WorkspaceDerivedActivityTests.swift	68	derivedActivityBySurface	derivedActivityByTab	Muse	
c11Tests/WorkspaceDerivedActivityTests.swift	69	derivedActivityBySurface	derivedActivityByTab	Muse	
c11Tests/WorkspaceDerivedActivityTests.swift	77	derivedActivityBySurface	derivedActivityByTab	Muse	
c11Tests/WorkspaceLayoutExecutorAcceptanceTests.swift	95	SurfaceSpec	TabSpec	T	
c11Tests/WorkspaceLayoutExecutorAcceptanceTests.swift	101	SurfaceSpec	TabSpec	T	
c11Tests/WorkspaceLayoutExecutorAcceptanceTests.swift	136	SurfaceSpec	TabSpec	T	
c11Tests/WorkspaceLayoutExecutorAcceptanceTests.swift	141	SurfaceSpec	TabSpec	T	
c11Tests/WorkspaceLayoutExecutorAcceptanceTests.swift	187	SurfaceSpec	TabSpec	T	
c11Tests/WorkspaceLayoutExecutorAcceptanceTests.swift	188	SurfaceSpec	TabSpec	T	
c11Tests/WorkspaceLayoutExecutorAcceptanceTests.swift	209	AgentSurfaceLink	AgentTabLink	T	
c11Tests/WorkspaceLayoutExecutorAcceptanceTests.swift	225	AgentSurfaceLink	AgentTabLink	T	
c11Tests/WorkspaceLayoutExecutorAcceptanceTests.swift	248	AgentSurfaceLink	AgentTabLink	T	
c11Tests/WorkspaceLayoutExecutorAcceptanceTests.swift	308	SurfaceSpec	TabSpec	T	
c11Tests/WorkspaceLayoutExecutorAcceptanceTests.swift	368	SurfaceSpec	TabSpec	T	
c11Tests/WorkspaceLayoutExecutorAcceptanceTests.swift	547	SurfaceSpec	TabSpec	T	
c11Tests/WorkspaceLayoutExecutorAcceptanceTests.swift	570	SurfaceSpec	TabSpec	T	
c11Tests/WorkspaceLayoutExecutorAcceptanceTests.swift	884	SurfaceMetadataStore	TabMetadataStore	T	
c11Tests/WorkspaceSnapshotBrowserMarkdownRoundTripTests.swift	52	SurfaceSpec	TabSpec	T	
c11Tests/WorkspaceSnapshotBrowserMarkdownRoundTripTests.swift	53	SurfaceSpec	TabSpec	T	
c11Tests/WorkspaceSnapshotBrowserMarkdownRoundTripTests.swift	102	SurfaceSpec	TabSpec	T	
c11Tests/WorkspaceSnapshotBrowserMarkdownRoundTripTests.swift	146	SurfaceSpec	TabSpec	T	
c11Tests/WorkspaceSnapshotBrowserMarkdownRoundTripTests.swift	147	SurfaceSpec	TabSpec	T	
c11Tests/WorkspaceSnapshotBrowserMarkdownRoundTripTests.swift	148	SurfaceSpec	TabSpec	T	
c11Tests/WorkspaceSnapshotBrowserMarkdownRoundTripTests.swift	184	SurfaceSpec	TabSpec	T	
c11Tests/WorkspaceSnapshotBrowserMarkdownRoundTripTests.swift	185	SurfaceSpec	TabSpec	T	
c11Tests/WorkspaceSnapshotCaptureTests.swift	553	SurfaceSpec	TabSpec	T	
c11Tests/WorkspaceSnapshotConverterTests.swift	141	SurfaceMetadataKeyName	TabMetadataKeyName	T	
c11Tests/WorkspaceSnapshotConverterTests.swift	142	SurfaceMetadataKeyName	TabMetadataKeyName	T	
c11Tests/WorkspaceSnapshotConverterTests.swift	146	SurfaceMetadataKeyName	TabMetadataKeyName	T	
c11Tests/WorkspaceSnapshotConverterTests.swift	236	SurfaceSpec	TabSpec	T	
c11Tests/WorkspaceSnapshotRoundTripAcceptanceTests.swift	295	SurfaceSpecKind	TabSpecKind	T	
c11Tests/WorkspaceSnapshotRoundTripAcceptanceTests.swift	295	firstSurfaceKind	firstSurfaceKind firstTabKind	L	firstSurfaceKind: SurfaceSpecKind
c11Tests/WorkspaceSnapshotRoundTripAcceptanceTests.swift	348	firstSurfaceKind	firstTabKind	L	firstSurfaceKind: SurfaceSpecKind
c11Tests/WorkspaceSnapshotRoundTripAcceptanceTests.swift	350	firstSurfaceKind	firstTabKind	L	firstSurfaceKind: SurfaceSpecKind
c11Tests/WorkspaceSnapshotRoundTripAcceptanceTests.swift	351	firstSurfaceKind	firstTabKind	L	firstSurfaceKind: SurfaceSpecKind
c11Tests/WorkspaceSnapshotStoreSecurityTests.swift	52	SurfaceSpec	TabSpec	T	
c11Tests/WorkspaceUnitTests.swift	1519	SurfaceMetadataStore	TabMetadataStore	T	
c11Tests/WorkspaceUnitTests.swift	1522	SurfaceMetadataStore	TabMetadataStore	T	
c11Tests/WorkspaceUnitTests.swift	1545	SurfaceMetadataStore	TabMetadataStore	T	
c11Tests/WorkspaceUnitTests.swift	1548	SurfaceMetadataStore	TabMetadataStore	T	
c11Tests/WorkspaceUnitTests.swift	1641	detachSurface	detachTab	Muse	
c11Tests/WorkspaceUnitTests.swift	1664	attachDetachedSurface	attachDetachedTab	Muse	
c11Tests/WorkspaceUnitTests.swift	1683	detachSurface	detachTab	Muse	
c11Tests/WorkspaceUnitTests.swift	1712	detachSurface	detachTab	Muse	
c11Tests/WorkspaceUnitTests.swift	1731	attachDetachedSurface	attachDetachedTab	Muse	
c11Tests/WorkspaceUnitTests.swift	1757	SurfaceMetadataStore	TabMetadataStore	T	
c11Tests/WorkspaceUnitTests.swift	1760	SurfaceMetadataStore	TabMetadataStore	T	
c11Tests/WorkspaceUnitTests.swift	1767	SurfaceMetadataStore	TabMetadataStore	T	
c11Tests/WorkspaceUnitTests.swift	1777	detachSurface	detachTab	Muse	
c11Tests/WorkspaceUnitTests.swift	1778	derivedActivityBySurface	derivedActivityByTab	Muse	
c11Tests/WorkspaceUnitTests.swift	1782	SurfaceMetadataStore	TabMetadataStore	T	
c11Tests/WorkspaceUnitTests.swift	1786	attachDetachedSurface	attachDetachedTab	Muse	
c11Tests/WorkspaceUnitTests.swift	1792	derivedActivityBySurface	derivedActivityByTab	Muse	
c11Tests/WorkspaceUnitTests.swift	1795	SurfaceMetadataStore	TabMetadataStore	T	
c11Tests/WorkspaceUnitTests.swift	1803	SurfaceMetadataStore	TabMetadataStore	T	
c11Tests/WorkspaceUnitTests.swift	1814	detachSurface	detachTab	Muse	
c11Tests/WorkspaceUnitTests.swift	1816	attachDetachedSurface	attachDetachedTab	Muse	
c11Tests/WorkspaceUnitTests.swift	1822	derivedActivityBySurface	derivedActivityByTab	Muse	
c11Tests/WorkspaceUnitTests.swift	1832	SurfaceMetadataStore	TabMetadataStore	T	
c11Tests/WorkspaceUnitTests.swift	1836	SurfaceMetadataStore	TabMetadataStore	T	
c11Tests/WorkspaceUnitTests.swift	1848	SurfaceMetadataStore	TabMetadataStore	T	
c11Tests/WorkspaceUnitTests.swift	1866	SurfaceMetadataStore	TabMetadataStore	T	
c11Tests/WorkspaceUnitTests.swift	1884	SurfaceMetadataStore	TabMetadataStore	T	
c11Tests/WorkspaceUnitTests.swift	1907	SurfaceMetadataStore	TabMetadataStore	T	
c11Tests/WorkspaceUnitTests.swift	1910	SurfaceMetadataStore	TabMetadataStore	T	
c11Tests/WorkspaceUnitTests.swift	1917	SurfaceMetadataStore	TabMetadataStore	T	
c11Tests/WorkspaceUnitTests.swift	1929	SurfaceMetadataStore	TabMetadataStore	T	
c11Tests/WorkspaceUnitTests.swift	1934	derivedActivityBySurface	derivedActivityByTab	Muse	
c11Tests/WorkspaceUnitTests.swift	1944	SurfaceMetadataStore	TabMetadataStore	T	
c11Tests/WorkspaceUnitTests.swift	1947	SurfaceMetadataStore	TabMetadataStore	T	
c11Tests/WorkspaceUnitTests.swift	1958	SurfaceMetadataStore	TabMetadataStore	T	
c11Tests/WorkspaceUnitTests.swift	1969	derivedActivityBySurface	derivedActivityByTab	Muse	
c11Tests/WorkspaceUnitTests.swift	1972	SurfaceMetadataStore	TabMetadataStore	T	
c11Tests/WorkspaceUnitTests.swift	1979	derivedActivityBySurface	derivedActivityByTab	Muse	
c11Tests/WorkspaceUnitTests.swift	1982	SurfaceMetadataStore	TabMetadataStore	T	
c11Tests/WorkspaceUnitTests.swift	1989	derivedActivityBySurface	derivedActivityByTab	Muse	
c11Tests/WorkspaceUnitTests.swift	1992	SurfaceMetadataStore	TabMetadataStore	T	
c11Tests/WorkspaceUnitTests.swift	2003	derivedActivityBySurface	derivedActivityByTab	Muse	
c11Tests/WorkspaceUnitTests.swift	2006	SurfaceMetadataStore	TabMetadataStore	T	
c11Tests/WorkspaceUnitTests.swift	2015	derivedActivityBySurface	derivedActivityByTab	Muse	
c11Tests/WorkspaceUnitTests.swift	2670	SurfaceMetadataStore	TabMetadataStore	T	
c11Tests/WorkspaceUnitTests.swift	2723	SurfaceMetadataStore	TabMetadataStore	T	
c11Tests/WorkspaceUnitTests.swift	2793	newMarkdownSurface	newMarkdownTab	Muse	
c11Tests/WorkspaceUnitTests.swift	3073	detachSurface	detachTab	Muse	
c11Tests/WorkspaceUnitTests.swift	3093	attachDetachedSurface	attachDetachedTab	Muse	
