36960903867	build	completed	success	2026-10-02T03:36:20Z	2026-10-02T03:36:25Z	2026-10-02T03:41:55Z	macos-15-xlarge	GitHub Actions 1000015934
36960903867	remote-daemon-tests	completed	success	2026-10-02T03:36:20Z	2026-10-02T03:36:22Z	2026-10-02T03:37:05Z	ubuntu-latest	GitHub Actions 1000015936
36960903867	web-typecheck	completed	success	2026-10-02T03:36:20Z	2026-10-02T03:36:24Z	2026-10-02T03:36:41Z	ubuntu-latest	GitHub Actions 1000015938
36960903867	workflow-guard-tests	completed	success	2026-10-02T03:36:20Z	2026-10-02T03:36:23Z	2026-10-02T03:36:37Z	ubuntu-latest	GitHub Actions 1000015937
36960903878	compat-tests (macos-15, 30, true, false)	completed	success	2026-10-02T03:36:19Z	2026-10-02T03:36:26Z	2026-10-02T03:42:05Z	macos-15	GitHub Actions 1000015939
36960903926	mailbox-unit	completed	success	2026-10-02T03:36:20Z	2026-10-02T03:36:25Z	2026-10-02T03:40:53Z	macos-15-xlarge	GitHub Actions 1000015933
36960903926	python-syntax	completed	success	2026-10-02T03:36:20Z	2026-10-02T03:36:23Z	2026-10-02T03:36:32Z	ubuntu-latest	GitHub Actions 1000015935
36960904026	build-ghosttykit	completed	success	2026-10-02T03:36:20Z	2026-10-02T03:36:28Z	2026-10-02T03:36:50Z	macos-15	GitHub Actions 1000015940
36961333719	mailbox-unit	completed	success	2026-10-02T03:42:24Z	2026-10-02T03:42:30Z	2026-10-02T03:46:45Z	macos-15-xlarge	GitHub Actions 1000015944
36961333719	python-syntax	completed	success	2026-10-02T03:42:25Z	2026-10-02T03:42:28Z	2026-10-02T03:42:37Z	ubuntu-latest	GitHub Actions 1000015945
36961338977	build-ghosttykit	completed	success	2026-10-02T03:42:29Z	2026-10-02T03:42:38Z	2026-10-02T03:42:57Z	macos-15	GitHub Actions 1000015948
36961338996	compat-tests (macos-15, 30, true, false)	completed	success	2026-10-02T03:42:29Z	2026-10-02T03:42:35Z	2026-10-02T03:50:20Z	macos-15	GitHub Actions 1000015947
36961338998	mailbox-unit	completed	success	2026-10-02T03:42:29Z	2026-10-02T03:42:34Z	2026-10-02T03:47:08Z	macos-15-xlarge	GitHub Actions 1000015949
36961338998	python-syntax	completed	success	2026-10-02T03:42:29Z	2026-10-02T03:42:32Z	2026-10-02T03:42:40Z	ubuntu-latest	GitHub Actions 1000015950
36961338999	build	completed	success	2026-10-02T03:42:29Z	2026-10-02T03:42:35Z	2026-10-02T03:48:34Z	macos-15-xlarge	GitHub Actions 1000015954
36961338999	web-typecheck	completed	success	2026-10-02T03:42:29Z	2026-10-02T03:42:32Z	2026-10-02T03:42:51Z	ubuntu-latest	GitHub Actions 1000015952
36961338999	remote-daemon-tests	completed	success	2026-10-02T03:42:29Z	2026-10-02T03:42:33Z	2026-10-02T03:43:16Z	ubuntu-latest	GitHub Actions 1000015951
36961338999	workflow-guard-tests	completed	success	2026-10-02T03:42:29Z	2026-10-02T03:42:32Z	2026-10-02T03:42:45Z	ubuntu-latest	GitHub Actions 1000015953
36961385165	build-ghosttykit	completed	success	2026-10-02T03:43:07Z	2026-10-02T03:43:14Z	2026-10-02T03:43:29Z	macos-15	GitHub Actions 1000015958
36961385177	mailbox-unit	completed	success	2026-10-02T03:43:07Z	2026-10-02T03:46:50Z	2026-10-02T03:51:38Z	macos-15-xlarge	GitHub Actions 1000015972
36961385177	python-syntax	completed	success	2026-10-02T03:43:07Z	2026-10-02T03:43:11Z	2026-10-02T03:43:19Z	ubuntu-latest	GitHub Actions 1000015962
36961385198	compat-tests (macos-15, 30, true, false)	completed	success	2026-10-02T03:43:07Z	2026-10-02T03:43:37Z	2026-10-02T03:53:17Z	macos-15	GitHub Actions 1000015965
36961385256	web-typecheck	completed	success	2026-10-02T03:43:07Z	2026-10-02T03:43:11Z	2026-10-02T03:43:26Z	ubuntu-latest	GitHub Actions 1000015959
36961385256	remote-daemon-tests	completed	success	2026-10-02T03:43:07Z	2026-10-02T03:43:11Z	2026-10-02T03:43:52Z	ubuntu-latest	GitHub Actions 1000015960
36961385256	workflow-guard-tests	completed	success	2026-10-02T03:43:07Z	2026-10-02T03:43:11Z	2026-10-02T03:43:26Z	ubuntu-latest	GitHub Actions 1000015961
36961385256	build	completed	success	2026-10-02T03:43:07Z	2026-10-02T03:47:13Z	2026-10-02T03:52:44Z	macos-15-xlarge	GitHub Actions 1000015973
36961905923	python-syntax	completed	success	2026-10-02T03:50:18Z	2026-10-02T03:50:21Z	2026-10-02T03:50:30Z	ubuntu-latest	GitHub Actions 1000015974
36961905923	mailbox-unit	completed	success	2026-10-02T03:50:18Z	2026-10-02T03:50:23Z	2026-10-02T03:54:48Z	macos-15-xlarge	GitHub Actions 1000015975
36961928379	compat-tests (macos-15, 30, true, false)	completed	cancelled	2026-10-02T03:50:35Z	2026-10-02T03:50:42Z	2026-10-02T03:58:21Z	macos-15	GitHub Actions 1000015976
36961928431	build	completed	success	2026-10-02T03:50:35Z	2026-10-02T03:51:44Z	2026-10-02T03:57:31Z	macos-15-xlarge	GitHub Actions 1000015984
36961928431	web-typecheck	completed	success	2026-10-02T03:50:36Z	2026-10-02T03:50:39Z	2026-10-02T03:50:58Z	ubuntu-latest	GitHub Actions 1000015978
36961928431	workflow-guard-tests	completed	success	2026-10-02T03:50:36Z	2026-10-02T03:50:38Z	2026-10-02T03:50:54Z	ubuntu-latest	GitHub Actions 1000015979
36961928431	remote-daemon-tests	completed	success	2026-10-02T03:50:36Z	2026-10-02T03:50:39Z	2026-10-02T03:51:24Z	ubuntu-latest	GitHub Actions 1000015980
36961928434	python-syntax	completed	success	2026-10-02T03:50:36Z	2026-10-02T03:50:39Z	2026-10-02T03:50:45Z	ubuntu-latest	GitHub Actions 1000015977
36961928434	mailbox-unit	completed	success	2026-10-02T03:50:36Z	2026-10-02T03:52:49Z	2026-10-02T03:56:48Z	macos-15-xlarge	GitHub Actions 1000015986
36961929205	build-ghosttykit	completed	success	2026-10-02T03:50:36Z	2026-10-02T03:53:26Z	2026-10-02T03:53:43Z	macos-15	GitHub Actions 1000015987
36962468445	mailbox-unit	completed	success	2026-10-02T03:58:06Z	2026-10-02T03:58:11Z	2026-10-02T04:02:10Z	macos-15-xlarge	GitHub Actions 1000015988
36962468445	python-syntax	completed	success	2026-10-02T03:58:06Z	2026-10-02T03:58:09Z	2026-10-02T03:58:17Z	ubuntu-latest	GitHub Actions 1000015989
36962472714	mailbox-unit	completed	success	2026-10-02T03:58:09Z	2026-10-02T03:58:14Z	2026-10-02T04:02:09Z	macos-15-xlarge	GitHub Actions 1000015991
36962472714	python-syntax	completed	success	2026-10-02T03:58:09Z	2026-10-02T03:58:13Z	2026-10-02T03:58:22Z	ubuntu-latest	GitHub Actions 1000015993
36962472737	build-ghosttykit	completed	success	2026-10-02T03:58:09Z	2026-10-02T03:58:18Z	2026-10-02T03:58:36Z	macos-15	GitHub Actions 1000015992
36962472741	build	completed	success	2026-10-02T03:58:11Z	2026-10-02T03:58:16Z	2026-10-02T04:03:44Z	macos-15-xlarge	GitHub Actions 1000015994
36962472741	web-typecheck	completed	success	2026-10-02T03:58:11Z	2026-10-02T03:58:14Z	2026-10-02T03:58:31Z	ubuntu-latest	GitHub Actions 1000015996
36962472741	remote-daemon-tests	completed	success	2026-10-02T03:58:11Z	2026-10-02T03:58:15Z	2026-10-02T03:58:55Z	ubuntu-latest	GitHub Actions 1000015995
36962472741	workflow-guard-tests	completed	success	2026-10-02T03:58:11Z	2026-10-02T03:58:14Z	2026-10-02T03:58:28Z	ubuntu-latest	GitHub Actions 1000015997
36962472753	compat-tests (macos-15, 30, true, false)	completed	success	2026-10-02T03:58:21Z	2026-10-02T03:58:27Z	2026-10-02T04:05:24Z	macos-15	GitHub Actions 1000015998
36963274061	mailbox-unit	completed	failure	2026-10-02T04:09:03Z	2026-10-02T04:09:08Z	2026-10-02T04:13:18Z	macos-15-xlarge	GitHub Actions 1000016002
36963274061	python-syntax	completed	success	2026-10-02T04:09:03Z	2026-10-02T04:09:06Z	2026-10-02T04:09:12Z	ubuntu-latest	GitHub Actions 1000016003
36963396890	compat-tests (macos-15, 30, true, false)	completed	cancelled	2026-10-02T04:10:43Z	2026-10-02T04:10:52Z	2026-10-02T04:17:07Z	macos-15	GitHub Actions 1000016005
36963396911	workflow-guard-tests	completed	success	2026-10-02T04:10:43Z	2026-10-02T04:10:47Z	2026-10-02T04:11:02Z	ubuntu-latest	GitHub Actions 1000016007
36963396911	build	completed	cancelled	2026-10-02T04:10:43Z	2026-10-02T04:10:49Z	2026-10-02T04:16:41Z	macos-15-xlarge	GitHub Actions 1000016006
36963396911	web-typecheck	completed	success	2026-10-02T04:10:43Z	2026-10-02T04:10:48Z	2026-10-02T04:11:06Z	ubuntu-latest	GitHub Actions 1000016008
36963396911	remote-daemon-tests	completed	success	2026-10-02T04:10:43Z	2026-10-02T04:10:46Z	2026-10-02T04:11:14Z	ubuntu-latest	GitHub Actions 1000016009
36963396935	build-ghosttykit	completed	success	2026-10-02T04:10:43Z	2026-10-02T04:10:52Z	2026-10-02T04:11:09Z	macos-15	GitHub Actions 1000016004
36963600198	python-syntax	completed	success	2026-10-02T04:13:30Z	2026-10-02T04:13:33Z	2026-10-02T04:13:41Z	ubuntu-latest	GitHub Actions 1000016010
36963600198	mailbox-unit	completed	success	2026-10-02T04:13:30Z	2026-10-02T04:13:35Z	2026-10-02T04:18:15Z	macos-15-xlarge	GitHub Actions 1000016011
36963605331	compat-tests (macos-15, 30, true, false)	completed	success	2026-10-02T04:13:34Z	2026-10-02T04:14:08Z	2026-10-02T04:23:35Z	macos-15	GitHub Actions 1000016019
36963605381	web-typecheck	completed	success	2026-10-02T04:13:34Z	2026-10-02T04:13:37Z	2026-10-02T04:13:53Z	ubuntu-latest	GitHub Actions 1000016017
36963605381	remote-daemon-tests	completed	success	2026-10-02T04:13:34Z	2026-10-02T04:13:37Z	2026-10-02T04:14:19Z	ubuntu-latest	GitHub Actions 1000016016
36963605381	workflow-guard-tests	completed	success	2026-10-02T04:13:34Z	2026-10-02T04:13:37Z	2026-10-02T04:13:49Z	ubuntu-latest	GitHub Actions 1000016015
36963605381	build	completed	success	2026-10-02T04:13:34Z	2026-10-02T04:13:39Z	2026-10-02T04:19:12Z	macos-15-xlarge	GitHub Actions 1000016013
36963605413	build-ghosttykit	completed	success	2026-10-02T04:13:34Z	2026-10-02T04:13:43Z	2026-10-02T04:14:01Z	macos-15	GitHub Actions 1000016014
36963605478	mailbox-unit	completed	success	2026-10-02T04:13:34Z	2026-10-02T04:16:47Z	2026-10-02T04:21:34Z	macos-15-xlarge	GitHub Actions 1000016023
36963605478	python-syntax	completed	success	2026-10-02T04:13:34Z	2026-10-02T04:13:37Z	2026-10-02T04:13:46Z	ubuntu-latest	GitHub Actions 1000016018
36963847739	build	completed	cancelled	2026-10-02T04:16:42Z	2026-10-02T04:17:46Z	2026-10-02T04:24:24Z	macos-15-xlarge	GitHub Actions 1000016028
36963847739	remote-daemon-tests	completed	success	2026-10-02T04:16:42Z	2026-10-02T04:16:45Z	2026-10-02T04:17:25Z	ubuntu-latest	GitHub Actions 1000016024
36963847739	web-typecheck	completed	success	2026-10-02T04:16:42Z	2026-10-02T04:16:45Z	2026-10-02T04:16:59Z	ubuntu-latest	GitHub Actions 1000016025
36963847739	workflow-guard-tests	completed	success	2026-10-02T04:16:42Z	2026-10-02T04:16:45Z	2026-10-02T04:16:58Z	ubuntu-latest	GitHub Actions 1000016026
36963847762	compat-tests (macos-15, 30, true, false)	completed	cancelled	2026-10-02T04:17:08Z	2026-10-02T04:18:22Z	2026-10-02T04:24:21Z	macos-15	GitHub Actions 1000016029
36963847790	build-ghosttykit	completed	success	2026-10-02T04:16:40Z	2026-10-02T04:17:19Z	2026-10-02T04:17:41Z	macos-15	GitHub Actions 1000016027
36964119671	build-ghosttykit	completed	success	2026-10-02T04:20:26Z	2026-10-02T04:20:33Z	2026-10-02T04:20:53Z	macos-15	GitHub Actions 1000016030
36964119733	compat-tests (macos-15, 30, true, false)	completed	cancelled	2026-10-02T04:20:26Z	2026-10-02T04:21:00Z	2026-10-02T04:23:13Z	macos-15	GitHub Actions 1000016035
36964119792	build	completed	cancelled	2026-10-02T04:20:26Z	2026-10-02T04:20:26Z	2026-10-02T04:22:52Z	macos-15-xlarge	
36964119792	remote-daemon-tests	completed	success	2026-10-02T04:20:26Z	2026-10-02T04:20:29Z	2026-10-02T04:20:59Z	ubuntu-latest	GitHub Actions 1000016031
36964119792	workflow-guard-tests	completed	success	2026-10-02T04:20:26Z	2026-10-02T04:20:28Z	2026-10-02T04:20:42Z	ubuntu-latest	GitHub Actions 1000016032
36964119792	web-typecheck	completed	success	2026-10-02T04:20:26Z	2026-10-02T04:20:29Z	2026-10-02T04:20:46Z	ubuntu-latest	GitHub Actions 1000016033
36964167836	mailbox-unit	completed	success	2026-10-02T04:21:05Z	2026-10-02T04:23:16Z	2026-10-02T04:28:08Z	macos-15-xlarge	GitHub Actions 1000016053
36964167836	python-syntax	completed	success	2026-10-02T04:21:05Z	2026-10-02T04:21:07Z	2026-10-02T04:21:14Z	ubuntu-latest	GitHub Actions 1000016036
36964169734	build-ghosttykit	completed	cancelled	2026-10-02T04:21:06Z	2026-10-02T04:21:06Z	2026-10-02T04:22:53Z	macos-15	
36964169748	workflow-guard-tests	completed	success	2026-10-02T04:21:06Z	2026-10-02T04:21:09Z	2026-10-02T04:21:23Z	ubuntu-latest	GitHub Actions 1000016037
36964169748	build	completed	cancelled	2026-10-02T04:21:06Z	2026-10-02T04:21:40Z	2026-10-02T04:23:11Z	macos-15-xlarge	GitHub Actions 1000016042
36964169748	remote-daemon-tests	completed	success	2026-10-02T04:21:06Z	2026-10-02T04:21:09Z	2026-10-02T04:21:54Z	ubuntu-latest	GitHub Actions 1000016038
36964169748	web-typecheck	completed	success	2026-10-02T04:21:06Z	2026-10-02T04:21:09Z	2026-10-02T04:21:24Z	ubuntu-latest	GitHub Actions 1000016039
36964169753	compat-tests (macos-15, 30, true, false)	completed	cancelled	2026-10-02T04:21:06Z	2026-10-02T04:21:06Z	2026-10-02T04:22:53Z	macos-15	
36964169754	python-syntax	completed	success	2026-10-02T04:21:06Z	2026-10-02T04:21:09Z	2026-10-02T04:21:16Z	ubuntu-latest	GitHub Actions 1000016040
36964169754	mailbox-unit	completed	cancelled	2026-10-02T04:21:06Z	2026-10-02T04:21:06Z	2026-10-02T04:22:53Z	macos-15-xlarge	
36964281480	workflow-guard-tests	completed	success	2026-10-02T04:22:39Z	2026-10-02T04:22:43Z	2026-10-02T04:22:58Z	ubuntu-latest	GitHub Actions 1000016045
36964281480	build	completed	cancelled	2026-10-02T04:22:39Z	2026-10-02T04:22:39Z	2026-10-02T04:24:54Z	macos-15-xlarge	
36964281480	remote-daemon-tests	completed	success	2026-10-02T04:22:39Z	2026-10-02T04:22:42Z	2026-10-02T04:23:22Z	ubuntu-latest	GitHub Actions 1000016046
36964281480	web-typecheck	completed	success	2026-10-02T04:22:39Z	2026-10-02T04:22:43Z	2026-10-02T04:23:00Z	ubuntu-latest	GitHub Actions 1000016047
36964281491	compat-tests (macos-15, 30, true, false)	completed	cancelled	2026-10-02T04:22:39Z	2026-10-02T04:23:20Z	2026-10-02T04:25:29Z	macos-15	GitHub Actions 1000016057
36964281503	build-ghosttykit	completed	success	2026-10-02T04:22:39Z	2026-10-02T04:24:30Z	2026-10-02T04:24:47Z	macos-15	GitHub Actions 1000016067
36964297038	build-ghosttykit	completed	cancelled	2026-10-02T04:22:52Z	2026-10-02T04:22:52Z	2026-10-02T04:24:16Z	macos-15	
36964297048	build	completed	cancelled	2026-10-02T04:22:53Z	2026-10-02T04:22:53Z	2026-10-02T04:24:16Z	macos-15-xlarge	
36964297048	remote-daemon-tests	completed	success	2026-10-02T04:22:53Z	2026-10-02T04:22:56Z	2026-10-02T04:23:39Z	ubuntu-latest	GitHub Actions 1000016048
36964297048	web-typecheck	completed	success	2026-10-02T04:22:53Z	2026-10-02T04:22:56Z	2026-10-02T04:23:09Z	ubuntu-latest	GitHub Actions 1000016049
36964297048	workflow-guard-tests	completed	success	2026-10-02T04:22:53Z	2026-10-02T04:22:57Z	2026-10-02T04:23:10Z	ubuntu-latest	GitHub Actions 1000016051
36964297072	compat-tests (macos-15, 30, true, false)	completed	cancelled	2026-10-02T04:23:14Z	2026-10-02T04:23:14Z	2026-10-02T04:24:16Z	macos-15	
36964297625	build-ghosttykit	completed	success	2026-10-02T04:22:53Z	2026-10-02T04:25:35Z	2026-10-02T04:25:54Z	macos-15	GitHub Actions 1000016078
36964297640	compat-tests (macos-15, 30, true, false)	completed	success	2026-10-02T04:22:53Z	2026-10-02T04:23:44Z	2026-10-02T04:33:37Z	macos-15	GitHub Actions 1000016058
36964297644	python-syntax	completed	success	2026-10-02T04:22:53Z	2026-10-02T04:22:57Z	2026-10-02T04:23:08Z	ubuntu-latest	GitHub Actions 1000016050
36964297644	mailbox-unit	completed	success	2026-10-02T04:22:53Z	2026-10-02T04:31:24Z	2026-10-02T04:35:33Z	macos-15-xlarge	GitHub Actions 1000016098
36964297692	workflow-guard-tests	completed	success	2026-10-02T04:23:11Z	2026-10-02T04:23:14Z	2026-10-02T04:23:26Z	ubuntu-latest	GitHub Actions 1000016055
36964297692	remote-daemon-tests	completed	success	2026-10-02T04:23:11Z	2026-10-02T04:23:14Z	2026-10-02T04:23:47Z	ubuntu-latest	GitHub Actions 1000016054
36964297692	web-typecheck	completed	success	2026-10-02T04:23:11Z	2026-10-02T04:23:16Z	2026-10-02T04:23:32Z	ubuntu-latest	GitHub Actions 1000016056
36964297692	build	completed	success	2026-10-02T04:23:11Z	2026-10-02T04:24:26Z	2026-10-02T04:30:32Z	macos-15-xlarge	GitHub Actions 1000016066
36964313206	python-syntax	completed	success	2026-10-02T04:23:06Z	2026-10-02T04:23:09Z	2026-10-02T04:23:18Z	ubuntu-latest	GitHub Actions 1000016052
36964313206	mailbox-unit	completed	success	2026-10-02T04:23:06Z	2026-10-02T04:26:24Z	2026-10-02T04:30:09Z	macos-15-xlarge	GitHub Actions 1000016086
36964350647	workflow-guard-tests	completed	success	2026-10-02T04:23:35Z	2026-10-02T04:23:39Z	2026-10-02T04:23:55Z	ubuntu-latest	GitHub Actions 1000016059
36964350647	web-typecheck	completed	success	2026-10-02T04:23:35Z	2026-10-02T04:23:38Z	2026-10-02T04:23:57Z	ubuntu-latest	GitHub Actions 1000016060
36964350647	remote-daemon-tests	completed	success	2026-10-02T04:23:35Z	2026-10-02T04:23:38Z	2026-10-02T04:24:20Z	ubuntu-latest	GitHub Actions 1000016061
36964350647	build	completed	failure	2026-10-02T04:23:35Z	2026-10-02T04:35:12Z	2026-10-02T04:40:28Z	macos-15-xlarge	GitHub Actions 1000016117
36964350680	compat-tests (macos-15, 30, true, false)	completed	success	2026-10-02T04:23:36Z	2026-10-02T04:30:18Z	2026-10-02T04:41:29Z	macos-15	GitHub Actions 1000016095
36964350689	build-ghosttykit	completed	success	2026-10-02T04:23:35Z	2026-10-02T04:31:00Z	2026-10-02T04:31:18Z	macos-15	GitHub Actions 1000016097
36964350698	mailbox-unit	completed	cancelled	2026-10-02T04:23:35Z	2026-10-02T04:40:32Z	2026-10-02T04:41:52Z	macos-15-xlarge	GitHub Actions 1000016129
36964350698	python-syntax	completed	success	2026-10-02T04:23:35Z	2026-10-02T04:23:38Z	2026-10-02T04:23:45Z	ubuntu-latest	GitHub Actions 1000016062
36964379970	build-ghosttykit	completed	success	2026-10-02T04:23:59Z	2026-10-02T04:26:02Z	2026-10-02T04:26:20Z	macos-15	GitHub Actions 1000016082
36964380015	web-typecheck	completed	success	2026-10-02T04:24:25Z	2026-10-02T04:24:27Z	2026-10-02T04:24:44Z	ubuntu-latest	GitHub Actions 1000016068
36964380015	remote-daemon-tests	completed	success	2026-10-02T04:24:25Z	2026-10-02T04:24:27Z	2026-10-02T04:25:08Z	ubuntu-latest	GitHub Actions 1000016069
36964380015	build	completed	cancelled	2026-10-02T04:24:25Z	2026-10-02T04:24:25Z	2026-10-02T04:46:18Z	macos-15-xlarge	
36964380015	workflow-guard-tests	completed	success	2026-10-02T04:24:25Z	2026-10-02T04:24:27Z	2026-10-02T04:24:40Z	ubuntu-latest	GitHub Actions 1000016070
36964380025	compat-tests (macos-15, 30, true, false)	completed	success	2026-10-02T04:24:21Z	2026-10-02T04:33:46Z	2026-10-02T04:41:28Z	macos-15	GitHub Actions 1000016107
36964399596	compat-tests (macos-15, 30, true, false)	completed	success	2026-10-02T04:24:16Z	2026-10-02T04:35:01Z	2026-10-02T04:42:55Z	macos-15	GitHub Actions 1000016116
36964399715	build	completed	success	2026-10-02T04:24:16Z	2026-10-02T04:24:52Z	2026-10-02T04:30:52Z	macos-15-xlarge	GitHub Actions 1000016071
36964399715	web-typecheck	completed	success	2026-10-02T04:24:16Z	2026-10-02T04:24:19Z	2026-10-02T04:24:35Z	ubuntu-latest	GitHub Actions 1000016064
36964399715	remote-daemon-tests	completed	success	2026-10-02T04:24:16Z	2026-10-02T04:24:19Z	2026-10-02T04:24:52Z	ubuntu-latest	GitHub Actions 1000016063
36964399715	workflow-guard-tests	completed	success	2026-10-02T04:24:17Z	2026-10-02T04:24:19Z	2026-10-02T04:24:33Z	ubuntu-latest	GitHub Actions 1000016065
36964399745	build-ghosttykit	completed	success	2026-10-02T04:24:16Z	2026-10-02T04:41:37Z	2026-10-02T04:41:56Z	macos-15	GitHub Actions 1000016130
36964444609	build	completed	cancelled	2026-10-02T04:24:54Z	2026-10-02T04:24:54Z	2026-10-02T04:26:09Z	macos-15-xlarge	
36964444609	workflow-guard-tests	completed	success	2026-10-02T04:24:54Z	2026-10-02T04:24:58Z	2026-10-02T04:25:12Z	ubuntu-latest	GitHub Actions 1000016072
36964444609	web-typecheck	completed	success	2026-10-02T04:24:54Z	2026-10-02T04:24:58Z	2026-10-02T04:25:18Z	ubuntu-latest	GitHub Actions 1000016073
36964444609	remote-daemon-tests	completed	success	2026-10-02T04:24:54Z	2026-10-02T04:24:58Z	2026-10-02T04:25:32Z	ubuntu-latest	GitHub Actions 1000016074
36964444612	compat-tests (macos-15, 30, true, false)	completed	cancelled	2026-10-02T04:25:30Z	2026-10-02T04:25:30Z	2026-10-02T04:26:09Z	macos-15	
36964444683	build-ghosttykit	completed	cancelled	2026-10-02T04:24:54Z	2026-10-02T04:24:54Z	2026-10-02T04:26:09Z	macos-15	
36964461335	compat-tests (macos-15, 30, true, false)	completed	cancelled	2026-10-02T04:25:07Z	2026-10-02T04:25:07Z	2026-10-02T04:25:13Z	macos-15	
36964461398	build-ghosttykit	completed	cancelled	2026-10-02T04:25:07Z	2026-10-02T04:25:07Z	2026-10-02T04:25:13Z	macos-15	
36964461402	remote-daemon-tests	completed	cancelled	2026-10-02T04:25:07Z	2026-10-02T04:25:10Z	2026-10-02T04:25:25Z	ubuntu-latest	GitHub Actions 1000016077
36964461402	build	completed	cancelled	2026-10-02T04:25:07Z	2026-10-02T04:25:07Z	2026-10-02T04:25:13Z	macos-15-xlarge	
36964461402	workflow-guard-tests	completed	cancelled	2026-10-02T04:25:07Z	2026-10-02T04:25:10Z	2026-10-02T04:25:31Z	ubuntu-latest	GitHub Actions 1000016075
36964461402	web-typecheck	completed	cancelled	2026-10-02T04:25:07Z	2026-10-02T04:25:10Z	2026-10-02T04:25:32Z	ubuntu-latest	GitHub Actions 1000016076
36964466347	sign	completed	cancelled	2026-10-02T04:25:11Z	2026-10-02T04:25:11Z	2026-10-02T04:26:29Z	macos-15-xlarge	
36964469292	workflow-guard-tests	completed	success	2026-10-02T04:25:32Z	2026-10-02T04:25:36Z	2026-10-02T04:25:54Z	ubuntu-latest	GitHub Actions 1000016079
36964469292	remote-daemon-tests	completed	success	2026-10-02T04:25:32Z	2026-10-02T04:25:36Z	2026-10-02T04:26:09Z	ubuntu-latest	GitHub Actions 1000016081
36964469292	web-typecheck	completed	success	2026-10-02T04:25:32Z	2026-10-02T04:25:35Z	2026-10-02T04:25:50Z	ubuntu-latest	GitHub Actions 1000016080
36964469292	build	completed	cancelled	2026-10-02T04:25:32Z	2026-10-02T04:25:32Z	2026-10-02T04:28:07Z	macos-15-xlarge	
36964469300	build-ghosttykit	completed	cancelled	2026-10-02T04:25:14Z	2026-10-02T04:25:14Z	2026-10-02T04:28:07Z	macos-15	
36964469303	compat-tests (macos-15, 30, true, false)	completed	cancelled	2026-10-02T04:25:14Z	2026-10-02T04:25:14Z	2026-10-02T04:28:06Z	macos-15	
36964537251	compat-tests (macos-15, 30, true, false)	completed	cancelled	2026-10-02T04:26:10Z	2026-10-02T04:26:10Z	2026-10-02T04:28:15Z	macos-15	
36964537363	remote-daemon-tests	completed	success	2026-10-02T04:26:10Z	2026-10-02T04:26:13Z	2026-10-02T04:26:57Z	ubuntu-latest	GitHub Actions 1000016083
36964537363	workflow-guard-tests	completed	success	2026-10-02T04:26:10Z	2026-10-02T04:26:12Z	2026-10-02T04:26:25Z	ubuntu-latest	GitHub Actions 1000016084
36964537363	web-typecheck	completed	success	2026-10-02T04:26:10Z	2026-10-02T04:26:12Z	2026-10-02T04:26:28Z	ubuntu-latest	GitHub Actions 1000016085
36964537363	build	completed	cancelled	2026-10-02T04:26:10Z	2026-10-02T04:26:10Z	2026-10-02T04:28:16Z	macos-15-xlarge	
36964537365	build-ghosttykit	completed	cancelled	2026-10-02T04:26:10Z	2026-10-02T04:26:10Z	2026-10-02T04:28:16Z	macos-15	
36964674738	sign	completed	cancelled	2026-10-02T04:28:04Z	2026-10-02T04:28:04Z	2026-10-02T04:34:24Z	macos-15-xlarge	
36964677645	compat-tests (macos-15, 30, true, false)	completed	cancelled	2026-10-02T04:28:07Z	2026-10-02T04:28:19Z	2026-10-02T04:34:54Z	macos-15	GitHub Actions 1000016090
36964677688	build-ghosttykit	completed	cancelled	2026-10-02T04:28:08Z	2026-10-02T04:28:08Z	2026-10-02T04:34:32Z	macos-15	
36964677712	web-typecheck	completed	success	2026-10-02T04:28:07Z	2026-10-02T04:28:10Z	2026-10-02T04:28:26Z	ubuntu-latest	GitHub Actions 1000016088
36964677712	remote-daemon-tests	completed	success	2026-10-02T04:28:07Z	2026-10-02T04:28:10Z	2026-10-02T04:28:50Z	ubuntu-latest	GitHub Actions 1000016087
36964677712	build	completed	cancelled	2026-10-02T04:28:07Z	2026-10-02T04:28:07Z	2026-10-02T04:34:32Z	macos-15-xlarge	
36964677712	workflow-guard-tests	completed	success	2026-10-02T04:28:07Z	2026-10-02T04:28:11Z	2026-10-02T04:28:29Z	ubuntu-latest	GitHub Actions 1000016089
36964689178	compat-tests (macos-15, 30, true, false)	completed	cancelled	2026-10-02T04:28:16Z	2026-10-02T04:28:16Z	2026-10-02T05:00:43Z	macos-15	
36964689181	workflow-guard-tests	completed	success	2026-10-02T04:28:17Z	2026-10-02T04:28:20Z	2026-10-02T04:28:36Z	ubuntu-latest	GitHub Actions 1000016091
36964689181	build	completed	success	2026-10-02T04:28:17Z	2026-10-02T04:51:31Z	2026-10-02T04:57:53Z	macos-15-xlarge	GitHub Actions 1000016168
36964689181	web-typecheck	completed	success	2026-10-02T04:28:17Z	2026-10-02T04:28:19Z	2026-10-02T04:28:34Z	ubuntu-latest	GitHub Actions 1000016092
36964689181	remote-daemon-tests	completed	success	2026-10-02T04:28:17Z	2026-10-02T04:28:20Z	2026-10-02T04:28:52Z	ubuntu-latest	GitHub Actions 1000016093
36964689202	build-ghosttykit	completed	success	2026-10-02T04:28:16Z	2026-10-02T04:35:41Z	2026-10-02T04:40:02Z	macos-15	GitHub Actions 1000016119
36964754571	mailbox-unit	completed	failure	2026-10-02T04:29:10Z	2026-10-02T04:30:37Z	2026-10-02T04:35:07Z	macos-15-xlarge	GitHub Actions 1000016096
36964754571	python-syntax	completed	success	2026-10-02T04:29:11Z	2026-10-02T04:29:13Z	2026-10-02T04:29:22Z	ubuntu-latest	GitHub Actions 1000016094
36964853123	mailbox-unit	completed	success	2026-10-02T04:35:07Z	2026-10-02T04:49:46Z	2026-10-02T04:54:46Z	macos-15-xlarge	GitHub Actions 1000016167
36964853123	python-syntax	completed	success	2026-10-02T04:35:07Z	2026-10-02T04:35:11Z	2026-10-02T04:35:24Z	ubuntu-latest	GitHub Actions 1000016118
36964967339	mailbox-unit	completed	success	2026-10-02T04:32:06Z	2026-10-02T04:59:40Z	2026-10-02T05:04:15Z	macos-15-xlarge	GitHub Actions 1000016195
36964967339	python-syntax	completed	success	2026-10-02T04:32:06Z	2026-10-02T04:32:10Z	2026-10-02T04:32:17Z	ubuntu-latest	GitHub Actions 1000016099
36964972045	build-ghosttykit	completed	cancelled	2026-10-02T04:32:08Z	2026-10-02T04:32:08Z	2026-10-02T04:36:28Z	macos-15	
36964972056	remote-daemon-tests	completed	success	2026-10-02T04:32:08Z	2026-10-02T04:32:11Z	2026-10-02T04:32:47Z	ubuntu-latest	GitHub Actions 1000016100
36964972056	workflow-guard-tests	completed	success	2026-10-02T04:32:08Z	2026-10-02T04:32:12Z	2026-10-02T04:32:25Z	ubuntu-latest	GitHub Actions 1000016103
36964972056	web-typecheck	completed	success	2026-10-02T04:32:08Z	2026-10-02T04:32:11Z	2026-10-02T04:32:29Z	ubuntu-latest	GitHub Actions 1000016102
36964972056	build	completed	cancelled	2026-10-02T04:32:08Z	2026-10-02T04:32:08Z	2026-10-02T04:36:28Z	macos-15-xlarge	
36964972057	compat-tests (macos-15, 30, true, false)	completed	cancelled	2026-10-02T04:32:08Z	2026-10-02T04:32:08Z	2026-10-02T04:36:28Z	macos-15	
36964972081	mailbox-unit	completed	cancelled	2026-10-02T04:32:08Z	2026-10-02T04:32:08Z	2026-10-02T04:36:29Z	macos-15-xlarge	
36964972081	python-syntax	completed	success	2026-10-02T04:32:08Z	2026-10-02T04:32:11Z	2026-10-02T04:32:26Z	ubuntu-latest	GitHub Actions 1000016101
36965144163	sign	completed	success	2026-10-02T04:34:29Z	2026-10-02T05:04:18Z	2026-10-02T05:31:25Z	macos-15	GitHub Actions 1000016220
36965148483	build-ghosttykit	completed	cancelled	2026-10-02T04:34:33Z	2026-10-02T04:34:33Z	2026-10-02T05:07:18Z	macos-15	
36965148488	compat-tests (macos-15, 30, true, false)	completed	success	2026-10-02T04:34:55Z	2026-10-02T04:43:03Z	2026-10-02T04:51:45Z	macos-15	GitHub Actions 1000016143
36965148528	workflow-guard-tests	completed	success	2026-10-02T04:34:32Z	2026-10-02T04:34:37Z	2026-10-02T04:34:58Z	ubuntu-latest	GitHub Actions 1000016111
36965148528	remote-daemon-tests	completed	success	2026-10-02T04:34:32Z	2026-10-02T04:34:36Z	2026-10-02T04:35:20Z	ubuntu-latest	GitHub Actions 1000016109
36965148528	web-typecheck	completed	success	2026-10-02T04:34:32Z	2026-10-02T04:34:35Z	2026-10-02T04:34:51Z	ubuntu-latest	GitHub Actions 1000016110
36965148528	build	completed	success	2026-10-02T04:34:32Z	2026-10-02T04:46:03Z	2026-10-02T04:51:26Z	macos-15-xlarge	GitHub Actions 1000016152
36965158556	compat-tests (macos-15, 30, true, false)	completed	success	2026-10-02T04:34:40Z	2026-10-02T04:53:00Z	2026-10-02T05:03:11Z	macos-15	GitHub Actions 1000016175
36965158570	web-typecheck	completed	success	2026-10-02T04:34:40Z	2026-10-02T04:34:43Z	2026-10-02T04:34:59Z	ubuntu-latest	GitHub Actions 1000016112
36965158570	build	completed	success	2026-10-02T04:34:40Z	2026-10-02T04:54:51Z	2026-10-02T05:00:20Z	macos-15-xlarge	GitHub Actions 1000016179
36965158570	workflow-guard-tests	completed	success	2026-10-02T04:34:40Z	2026-10-02T04:34:43Z	2026-10-02T04:34:56Z	ubuntu-latest	GitHub Actions 1000016115
36965158570	remote-daemon-tests	completed	success	2026-10-02T04:34:40Z	2026-10-02T04:34:42Z	2026-10-02T04:35:20Z	ubuntu-latest	GitHub Actions 1000016113
36965158582	build-ghosttykit	completed	success	2026-10-02T04:34:40Z	2026-10-02T05:06:50Z	2026-10-02T05:07:09Z	macos-15	GitHub Actions 1000016225
36965158669	python-syntax	completed	success	2026-10-02T04:34:40Z	2026-10-02T04:34:43Z	2026-10-02T04:34:51Z	ubuntu-latest	GitHub Actions 1000016114
36965158669	mailbox-unit	completed	success	2026-10-02T04:34:40Z	2026-10-02T04:59:12Z	2026-10-02T05:03:15Z	macos-15-xlarge	GitHub Actions 1000016193
36965199497	build-ghosttykit	completed	success	2026-10-02T05:07:09Z	2026-10-02T05:07:34Z	2026-10-02T05:07:53Z	macos-15	GitHub Actions 1000016233
36965199505	mailbox-unit	completed	success	2026-10-02T05:03:16Z	2026-10-02T05:33:09Z	2026-10-02T05:37:06Z	macos-15-xlarge	GitHub Actions 1000016288
36965199505	python-syntax	completed	success	2026-10-02T05:03:16Z	2026-10-02T05:03:20Z	2026-10-02T05:03:28Z	ubuntu-latest	GitHub Actions 1000016211
36965199515	compat-tests (macos-15, 30, true, false)	completed	success	2026-10-02T05:03:11Z	2026-10-02T05:32:16Z	2026-10-02T05:42:57Z	macos-15	GitHub Actions 1000016285
36965199522	remote-daemon-tests	completed	success	2026-10-02T05:00:21Z	2026-10-02T05:00:24Z	2026-10-02T05:01:06Z	ubuntu-latest	GitHub Actions 1000016201
36965199522	web-typecheck	completed	success	2026-10-02T05:00:21Z	2026-10-02T05:00:23Z	2026-10-02T05:00:39Z	ubuntu-latest	GitHub Actions 1000016200
36965199522	workflow-guard-tests	completed	success	2026-10-02T05:00:21Z	2026-10-02T05:00:23Z	2026-10-02T05:00:36Z	ubuntu-latest	GitHub Actions 1000016202
36965199522	build	completed	success	2026-10-02T05:00:21Z	2026-10-02T05:11:13Z	2026-10-02T05:17:34Z	macos-15-xlarge	GitHub Actions 1000016242
36965284798	mailbox-unit	completed	success	2026-10-02T05:04:15Z	2026-10-02T05:15:28Z	2026-10-02T05:20:13Z	macos-15-xlarge	GitHub Actions 1000016254
36965284798	python-syntax	completed	success	2026-10-02T05:04:15Z	2026-10-02T05:04:19Z	2026-10-02T05:04:28Z	ubuntu-latest	GitHub Actions 1000016223
36965288867	web-typecheck	completed	success	2026-10-02T04:36:29Z	2026-10-02T04:36:32Z	2026-10-02T04:36:46Z	ubuntu-latest	GitHub Actions 1000016122
36965288867	remote-daemon-tests	completed	success	2026-10-02T04:36:29Z	2026-10-02T04:36:40Z	2026-10-02T04:37:22Z	ubuntu-latest	GitHub Actions 1000016123
36965288867	workflow-guard-tests	completed	success	2026-10-02T04:36:29Z	2026-10-02T04:36:32Z	2026-10-02T04:36:45Z	ubuntu-latest	GitHub Actions 1000016124
36965288867	build	completed	success	2026-10-02T04:36:29Z	2026-10-02T04:40:08Z	2026-10-02T04:46:03Z	macos-15-xlarge	GitHub Actions 1000016128
36965288872	compat-tests (macos-15, 30, true, false)	completed	success	2026-10-02T04:36:29Z	2026-10-02T04:41:39Z	2026-10-02T04:51:29Z	macos-15	GitHub Actions 1000016131
36965288873	build-ghosttykit	completed	success	2026-10-02T04:36:29Z	2026-10-02T05:15:34Z	2026-10-02T05:15:54Z	macos-15	GitHub Actions 1000016255
36965288896	python-syntax	completed	success	2026-10-02T04:36:29Z	2026-10-02T04:36:32Z	2026-10-02T04:36:40Z	ubuntu-latest	GitHub Actions 1000016121
36965288896	mailbox-unit	completed	success	2026-10-02T04:36:29Z	2026-10-02T05:32:46Z	2026-10-02T05:37:35Z	macos-15-xlarge	GitHub Actions 1000016286
36965654077	build-ghosttykit	completed	cancelled	2026-10-02T04:41:34Z	2026-10-02T04:41:34Z	2026-10-02T04:48:52Z	macos-15	
36965654119	mailbox-unit	completed	success	2026-10-02T04:41:52Z	2026-10-02T04:42:01Z	2026-10-02T04:45:58Z	macos-15-xlarge	GitHub Actions 1000016137
36965654119	python-syntax	completed	success	2026-10-02T04:41:52Z	2026-10-02T04:41:55Z	2026-10-02T04:42:03Z	ubuntu-latest	GitHub Actions 1000016136
36965654121	compat-tests (macos-15, 30, true, false)	completed	cancelled	2026-10-02T04:41:34Z	2026-10-02T04:46:09Z	2026-10-02T04:49:14Z	macos-15	GitHub Actions 1000016153
36965654274	web-typecheck	completed	success	2026-10-02T04:41:34Z	2026-10-02T04:41:38Z	2026-10-02T04:41:55Z	ubuntu-latest	GitHub Actions 1000016133
36965654274	build	completed	failure	2026-10-02T04:41:34Z	2026-10-02T04:41:57Z	2026-10-02T04:47:56Z	macos-15-xlarge	GitHub Actions 1000016135
36965654274	workflow-guard-tests	completed	success	2026-10-02T04:41:34Z	2026-10-02T04:41:37Z	2026-10-02T04:41:52Z	ubuntu-latest	GitHub Actions 1000016134
36965654274	remote-daemon-tests	completed	success	2026-10-02T04:41:34Z	2026-10-02T04:41:37Z	2026-10-02T04:42:09Z	ubuntu-latest	GitHub Actions 1000016132
36965711695	python-syntax	completed	success	2026-10-02T04:42:22Z	2026-10-02T04:42:25Z	2026-10-02T04:42:32Z	ubuntu-latest	GitHub Actions 1000016138
36965711695	mailbox-unit	completed	success	2026-10-02T04:42:22Z	2026-10-02T04:48:01Z	2026-10-02T04:52:21Z	macos-15-xlarge	GitHub Actions 1000016161
36965714820	compat-tests (macos-15, 30, true, false)	completed	success	2026-10-02T04:42:25Z	2026-10-02T05:04:12Z	2026-10-02T05:12:01Z	macos-15	GitHub Actions 1000016213
36965714843	build-ghosttykit	completed	success	2026-10-02T04:42:25Z	2026-10-02T05:31:35Z	2026-10-02T05:32:00Z	macos-15	GitHub Actions 1000016283
36965714907	web-typecheck	completed	success	2026-10-02T04:42:25Z	2026-10-02T04:42:29Z	2026-10-02T04:42:44Z	ubuntu-latest	GitHub Actions 1000016140
36965714907	build	completed	success	2026-10-02T04:42:25Z	2026-10-02T05:20:53Z	2026-10-02T05:27:02Z	macos-15-xlarge	GitHub Actions 1000016275
36965714907	workflow-guard-tests	completed	success	2026-10-02T04:42:25Z	2026-10-02T04:42:29Z	2026-10-02T04:42:43Z	ubuntu-latest	GitHub Actions 1000016142
36965714907	remote-daemon-tests	completed	success	2026-10-02T04:42:25Z	2026-10-02T04:42:28Z	2026-10-02T04:43:09Z	ubuntu-latest	GitHub Actions 1000016141
36965714910	python-syntax	completed	success	2026-10-02T04:42:25Z	2026-10-02T04:42:28Z	2026-10-02T04:42:35Z	ubuntu-latest	GitHub Actions 1000016139
36965714910	mailbox-unit	completed	success	2026-10-02T04:42:25Z	2026-10-02T05:37:12Z	2026-10-02T05:41:20Z	macos-15-xlarge	GitHub Actions 1000016297
36965760412	workflow-guard-tests	completed	success	2026-10-02T04:43:01Z	2026-10-02T04:43:04Z	2026-10-02T04:43:18Z	ubuntu-latest	GitHub Actions 1000016144
36965760412	web-typecheck	completed	success	2026-10-02T04:43:01Z	2026-10-02T04:43:05Z	2026-10-02T04:43:18Z	ubuntu-latest	GitHub Actions 1000016145
36965760412	build	completed	success	2026-10-02T04:43:01Z	2026-10-02T05:09:33Z	2026-10-02T05:15:23Z	macos-15-xlarge	GitHub Actions 1000016238
36965760412	remote-daemon-tests	completed	success	2026-10-02T04:43:01Z	2026-10-02T04:43:05Z	2026-10-02T04:43:45Z	ubuntu-latest	GitHub Actions 1000016146
36965760422	compat-tests (macos-15, 30, true, false)	completed	success	2026-10-02T04:43:01Z	2026-10-02T04:51:35Z	2026-10-02T04:58:14Z	macos-15	GitHub Actions 1000016169
36965760525	build-ghosttykit	completed	success	2026-10-02T04:43:01Z	2026-10-02T04:49:23Z	2026-10-02T04:49:41Z	macos-15	GitHub Actions 1000016166
36965925331	python-syntax	completed	success	2026-10-02T04:45:15Z	2026-10-02T04:45:18Z	2026-10-02T04:45:28Z	ubuntu-latest	GitHub Actions 1000016147
36965925331	mailbox-unit	completed	cancelled	2026-10-02T04:45:15Z	2026-10-02T04:45:15Z	2026-10-02T04:51:26Z	macos-15-xlarge	
36965936103	compat-tests (macos-15, 30, true, false)	completed	cancelled	2026-10-02T04:45:23Z	2026-10-02T04:45:23Z	2026-10-02T04:46:55Z	macos-15	
36965936133	web-typecheck	completed	success	2026-10-02T04:45:23Z	2026-10-02T04:45:26Z	2026-10-02T04:45:43Z	ubuntu-latest	GitHub Actions 1000016149
36965936133	remote-daemon-tests	completed	success	2026-10-02T04:45:23Z	2026-10-02T04:45:45Z	2026-10-02T04:46:25Z	ubuntu-latest	GitHub Actions 1000016150
36965936133	workflow-guard-tests	completed	success	2026-10-02T04:45:23Z	2026-10-02T04:45:26Z	2026-10-02T04:45:41Z	ubuntu-latest	GitHub Actions 1000016148
36965936133	build	completed	cancelled	2026-10-02T04:45:23Z	2026-10-02T04:45:23Z	2026-10-02T04:46:55Z	macos-15-xlarge	
36965936138	python-syntax	completed	success	2026-10-02T04:45:23Z	2026-10-02T04:45:26Z	2026-10-02T04:45:34Z	ubuntu-latest	GitHub Actions 1000016151
36965936138	mailbox-unit	completed	cancelled	2026-10-02T04:45:23Z	2026-10-02T04:45:23Z	2026-10-02T04:46:55Z	macos-15-xlarge	
36965936194	build-ghosttykit	completed	cancelled	2026-10-02T04:45:23Z	2026-10-02T04:45:23Z	2026-10-02T04:46:56Z	macos-15	
36966003706	workflow-guard-tests	completed	success	2026-10-02T04:46:19Z	2026-10-02T04:46:22Z	2026-10-02T04:46:38Z	ubuntu-latest	GitHub Actions 1000016154
36966003706	web-typecheck	completed	success	2026-10-02T04:46:19Z	2026-10-02T04:46:22Z	2026-10-02T04:46:36Z	ubuntu-latest	GitHub Actions 1000016155
36966003706	remote-daemon-tests	completed	success	2026-10-02T04:46:19Z	2026-10-02T04:46:22Z	2026-10-02T04:47:02Z	ubuntu-latest	GitHub Actions 1000016156
36966003706	build	completed	success	2026-10-02T04:46:19Z	2026-10-02T05:32:06Z	2026-10-02T05:38:21Z	macos-15-xlarge	GitHub Actions 1000016284
36966003762	compat-tests (macos-15, 30, true, false)	completed	success	2026-10-02T04:46:18Z	2026-10-02T04:58:27Z	2026-10-02T05:06:43Z	macos-15	GitHub Actions 1000016186
36966003789	build-ghosttykit	completed	success	2026-10-02T04:46:18Z	2026-10-02T04:58:06Z	2026-10-02T04:58:21Z	macos-15	GitHub Actions 1000016184
36966047601	python-syntax	completed	success	2026-10-02T04:46:56Z	2026-10-02T04:47:00Z	2026-10-02T04:47:09Z	ubuntu-latest	GitHub Actions 1000016157
36966047601	mailbox-unit	completed	cancelled	2026-10-02T04:46:56Z	2026-10-02T04:46:56Z	2026-10-02T04:59:16Z	macos-15-xlarge	
36966047619	build-ghosttykit	completed	cancelled	2026-10-02T04:46:56Z	2026-10-02T04:46:56Z	2026-10-02T04:59:16Z	macos-15	
36966047643	remote-daemon-tests	completed	success	2026-10-02T04:46:56Z	2026-10-02T04:47:01Z	2026-10-02T04:47:45Z	ubuntu-latest	GitHub Actions 1000016158
36966047643	web-typecheck	completed	success	2026-10-02T04:46:56Z	2026-10-02T04:46:59Z	2026-10-02T04:47:13Z	ubuntu-latest	GitHub Actions 1000016159
36966047643	workflow-guard-tests	completed	success	2026-10-02T04:46:56Z	2026-10-02T04:46:59Z	2026-10-02T04:47:14Z	ubuntu-latest	GitHub Actions 1000016160
36966047643	build	completed	cancelled	2026-10-02T04:46:56Z	2026-10-02T04:57:59Z	2026-10-02T04:59:35Z	macos-15-xlarge	GitHub Actions 1000016183
36966047702	compat-tests (macos-15, 30, true, false)	completed	cancelled	2026-10-02T04:46:56Z	2026-10-02T04:46:56Z	2026-10-02T04:59:16Z	macos-15	
36966183372	mailbox-unit	completed	cancelled	2026-10-02T04:48:52Z	2026-10-02T04:48:52Z	2026-10-02T05:15:01Z	macos-15-xlarge	
36966183372	python-syntax	completed	success	2026-10-02T04:48:52Z	2026-10-02T04:48:55Z	2026-10-02T04:49:03Z	ubuntu-latest	GitHub Actions 1000016162
36966183380	workflow-guard-tests	completed	success	2026-10-02T04:48:52Z	2026-10-02T04:48:57Z	2026-10-02T04:49:15Z	ubuntu-latest	GitHub Actions 1000016165
36966183380	remote-daemon-tests	completed	success	2026-10-02T04:48:52Z	2026-10-02T04:48:55Z	2026-10-02T04:49:35Z	ubuntu-latest	GitHub Actions 1000016163
36966183380	web-typecheck	completed	success	2026-10-02T04:48:52Z	2026-10-02T04:48:55Z	2026-10-02T04:49:10Z	ubuntu-latest	GitHub Actions 1000016164
36966183380	build	completed	success	2026-10-02T04:48:52Z	2026-10-02T05:04:45Z	2026-10-02T05:11:08Z	macos-15-xlarge	GitHub Actions 1000016224
36966183390	compat-tests (macos-15, 30, true, false)	completed	cancelled	2026-10-02T04:49:15Z	2026-10-02T05:12:09Z	2026-10-02T05:15:26Z	macos-15	GitHub Actions 1000016243
36966183536	build-ghosttykit	completed	success	2026-10-02T04:48:53Z	2026-10-02T04:52:30Z	2026-10-02T04:52:50Z	macos-15	GitHub Actions 1000016174
36966386515	web-typecheck	completed	success	2026-10-02T04:51:39Z	2026-10-02T04:51:42Z	2026-10-02T04:51:59Z	ubuntu-latest	GitHub Actions 1000016170
36966386515	build	completed	success	2026-10-02T04:51:39Z	2026-10-02T04:51:50Z	2026-10-02T04:57:58Z	macos-15-xlarge	GitHub Actions 1000016173
36966386515	remote-daemon-tests	completed	success	2026-10-02T04:51:39Z	2026-10-02T04:51:43Z	2026-10-02T04:52:26Z	ubuntu-latest	GitHub Actions 1000016171
36966386515	workflow-guard-tests	completed	success	2026-10-02T04:51:39Z	2026-10-02T04:51:44Z	2026-10-02T04:51:57Z	ubuntu-latest	GitHub Actions 1000016172
36966386660	compat-tests (macos-15, 30, true, false)	completed	success	2026-10-02T04:51:40Z	2026-10-02T05:20:49Z	2026-10-02T05:28:47Z	macos-15	GitHub Actions 1000016274
36966386666	build-ghosttykit	completed	success	2026-10-02T04:51:40Z	2026-10-02T05:20:21Z	2026-10-02T05:20:43Z	macos-15	GitHub Actions 1000016272
36966582274	compat-tests (macos-15, 30, true, false)	completed	cancelled	2026-10-02T04:54:21Z	2026-10-02T04:54:21Z	2026-10-02T04:58:53Z	macos-15	
36966582299	build-ghosttykit	completed	success	2026-10-02T04:54:23Z	2026-10-02T04:58:22Z	2026-10-02T04:58:41Z	macos-15	GitHub Actions 1000016185
36966582823	remote-daemon-tests	completed	success	2026-10-02T04:54:21Z	2026-10-02T04:54:24Z	2026-10-02T04:54:55Z	ubuntu-latest	GitHub Actions 1000016176
36966582823	build	completed	cancelled	2026-10-02T04:54:21Z	2026-10-02T04:54:21Z	2026-10-02T04:58:53Z	macos-15-xlarge	
36966582823	web-typecheck	completed	success	2026-10-02T04:54:21Z	2026-10-02T04:54:24Z	2026-10-02T04:54:38Z	ubuntu-latest	GitHub Actions 1000016177
36966582823	workflow-guard-tests	completed	success	2026-10-02T04:54:22Z	2026-10-02T04:54:25Z	2026-10-02T04:54:41Z	ubuntu-latest	GitHub Actions 1000016178
36966649604	build-ghosttykit	completed	success	2026-10-02T04:55:16Z	2026-10-02T04:58:49Z	2026-10-02T04:59:07Z	macos-15	GitHub Actions 1000016187
36966649639	workflow-guard-tests	completed	success	2026-10-02T04:55:16Z	2026-10-02T04:55:21Z	2026-10-02T04:55:35Z	ubuntu-latest	GitHub Actions 1000016180
36966649639	web-typecheck	completed	success	2026-10-02T04:55:16Z	2026-10-02T04:55:20Z	2026-10-02T04:55:42Z	ubuntu-latest	GitHub Actions 1000016181
36966649639	build	completed	cancelled	2026-10-02T04:55:16Z	2026-10-02T04:55:16Z	2026-10-02T05:07:02Z	macos-15-xlarge	
36966649639	remote-daemon-tests	completed	success	2026-10-02T04:55:16Z	2026-10-02T04:55:19Z	2026-10-02T04:55:47Z	ubuntu-latest	GitHub Actions 1000016182
36966649777	compat-tests (macos-15, 30, true, false)	completed	cancelled	2026-10-02T04:55:17Z	2026-10-02T05:00:28Z	2026-10-02T05:07:26Z	macos-15	GitHub Actions 1000016199
36966898611	mailbox-unit	completed	cancelled	2026-10-02T04:58:48Z	2026-10-02T04:58:48Z	2026-10-02T04:59:48Z	macos-15-xlarge	
36966898611	python-syntax	completed	success	2026-10-02T04:58:48Z	2026-10-02T04:58:53Z	2026-10-02T04:59:02Z	ubuntu-latest	GitHub Actions 1000016188
36966904407	compat-tests (macos-15, 30, true, false)	completed	cancelled	2026-10-02T04:58:54Z	2026-10-02T04:58:54Z	2026-10-02T05:04:02Z	macos-15	
36966904512	remote-daemon-tests	completed	success	2026-10-02T04:58:54Z	2026-10-02T04:58:59Z	2026-10-02T04:59:36Z	ubuntu-latest	GitHub Actions 1000016190
36966904512	workflow-guard-tests	completed	success	2026-10-02T04:58:54Z	2026-10-02T04:58:57Z	2026-10-02T04:59:10Z	ubuntu-latest	GitHub Actions 1000016191
36966904512	build	completed	cancelled	2026-10-02T04:58:54Z	2026-10-02T05:03:20Z	2026-10-02T05:04:05Z	macos-15-xlarge	GitHub Actions 1000016210
36966904512	web-typecheck	completed	success	2026-10-02T04:58:54Z	2026-10-02T04:58:57Z	2026-10-02T04:59:13Z	ubuntu-latest	GitHub Actions 1000016192
36966904520	python-syntax	completed	success	2026-10-02T04:58:53Z	2026-10-02T04:58:56Z	2026-10-02T04:59:03Z	ubuntu-latest	GitHub Actions 1000016189
36966904520	mailbox-unit	completed	cancelled	2026-10-02T04:58:53Z	2026-10-02T05:03:17Z	2026-10-02T05:04:11Z	macos-15-xlarge	GitHub Actions 1000016209
36966904595	build-ghosttykit	completed	cancelled	2026-10-02T04:58:53Z	2026-10-02T04:58:53Z	2026-10-02T05:04:02Z	macos-15	
36966930433	web-typecheck	completed	success	2026-10-02T04:59:36Z	2026-10-02T04:59:39Z	2026-10-02T04:59:54Z	ubuntu-latest	GitHub Actions 1000016197
36966930433	workflow-guard-tests	completed	success	2026-10-02T04:59:36Z	2026-10-02T04:59:39Z	2026-10-02T04:59:52Z	ubuntu-latest	GitHub Actions 1000016196
36966930433	remote-daemon-tests	completed	success	2026-10-02T04:59:36Z	2026-10-02T04:59:39Z	2026-10-02T05:00:17Z	ubuntu-latest	GitHub Actions 1000016198
36966930433	build	completed	cancelled	2026-10-02T04:59:36Z	2026-10-02T04:59:36Z	2026-10-02T05:15:12Z	macos-15-xlarge	
36966930435	mailbox-unit	completed	cancelled	2026-10-02T04:59:17Z	2026-10-02T04:59:17Z	2026-10-02T05:15:12Z	macos-15-xlarge	
36966930435	python-syntax	completed	success	2026-10-02T04:59:17Z	2026-10-02T04:59:19Z	2026-10-02T04:59:26Z	ubuntu-latest	GitHub Actions 1000016194
36966930451	build-ghosttykit	completed	cancelled	2026-10-02T04:59:17Z	2026-10-02T04:59:17Z	2026-10-02T05:15:13Z	macos-15	
36966930467	compat-tests (macos-15, 30, true, false)	completed	cancelled	2026-10-02T04:59:17Z	2026-10-02T05:07:59Z	2026-10-02T05:15:36Z	macos-15	GitHub Actions 1000016234
36967038727	compat-tests (macos-15, 30, true, false)	completed	cancelled	2026-10-02T05:00:44Z	2026-10-02T05:00:44Z	2026-10-02T05:03:05Z	macos-15	
36967038728	web-typecheck	completed	success	2026-10-02T05:00:43Z	2026-10-02T05:00:46Z	2026-10-02T05:00:58Z	ubuntu-latest	GitHub Actions 1000016203
36967038728	workflow-guard-tests	completed	success	2026-10-02T05:00:43Z	2026-10-02T05:00:47Z	2026-10-02T05:01:02Z	ubuntu-latest	GitHub Actions 1000016204
36967038728	build	completed	cancelled	2026-10-02T05:00:43Z	2026-10-02T05:00:43Z	2026-10-02T05:03:04Z	macos-15-xlarge	
36967038728	remote-daemon-tests	completed	success	2026-10-02T05:00:43Z	2026-10-02T05:00:47Z	2026-10-02T05:01:22Z	ubuntu-latest	GitHub Actions 1000016205
36967038746	build-ghosttykit	completed	cancelled	2026-10-02T05:00:43Z	2026-10-02T05:00:43Z	2026-10-02T05:03:05Z	macos-15	
36967210650	remote-daemon-tests	completed	success	2026-10-02T05:03:05Z	2026-10-02T05:03:13Z	2026-10-02T05:03:55Z	ubuntu-latest	GitHub Actions 1000016206
36967210650	build	completed	cancelled	2026-10-02T05:03:05Z	2026-10-02T05:03:05Z	2026-10-02T05:04:05Z	macos-15-xlarge	
36967210650	web-typecheck	completed	success	2026-10-02T05:03:05Z	2026-10-02T05:03:09Z	2026-10-02T05:03:26Z	ubuntu-latest	GitHub Actions 1000016208
36967210650	workflow-guard-tests	completed	success	2026-10-02T05:03:05Z	2026-10-02T05:03:08Z	2026-10-02T05:03:26Z	ubuntu-latest	GitHub Actions 1000016207
36967210743	build-ghosttykit	completed	cancelled	2026-10-02T05:03:06Z	2026-10-02T05:03:06Z	2026-10-02T05:04:05Z	macos-15	
36967210887	compat-tests (macos-15, 30, true, false)	completed	cancelled	2026-10-02T05:03:05Z	2026-10-02T05:03:05Z	2026-10-02T05:04:05Z	macos-15	
36967274513	python-syntax	completed	success	2026-10-02T05:03:58Z	2026-10-02T05:04:01Z	2026-10-02T05:04:10Z	ubuntu-latest	GitHub Actions 1000016212
36967274513	mailbox-unit	completed	cancelled	2026-10-02T05:03:58Z	2026-10-02T05:03:58Z	2026-10-02T05:05:55Z	macos-15-xlarge	
36967278835	build-ghosttykit	completed	success	2026-10-02T05:04:03Z	2026-10-02T05:04:23Z	2026-10-02T05:04:39Z	macos-15	GitHub Actions 1000016222
36967278838	web-typecheck	completed	success	2026-10-02T05:04:05Z	2026-10-02T05:04:10Z	2026-10-02T05:04:29Z	ubuntu-latest	GitHub Actions 1000016214
36967278838	build	completed	cancelled	2026-10-02T05:04:05Z	2026-10-02T05:04:05Z	2026-10-02T05:09:10Z	macos-15-xlarge	
36967278838	workflow-guard-tests	completed	success	2026-10-02T05:04:05Z	2026-10-02T05:04:08Z	2026-10-02T05:04:21Z	ubuntu-latest	GitHub Actions 1000016215
36967278838	remote-daemon-tests	completed	success	2026-10-02T05:04:05Z	2026-10-02T05:04:09Z	2026-10-02T05:04:50Z	ubuntu-latest	GitHub Actions 1000016219
36967278841	mailbox-unit	completed	cancelled	2026-10-02T05:04:12Z	2026-10-02T05:07:15Z	2026-10-02T05:09:28Z	macos-15-xlarge	GitHub Actions 1000016229
36967278841	python-syntax	completed	success	2026-10-02T05:04:12Z	2026-10-02T05:04:14Z	2026-10-02T05:04:22Z	ubuntu-latest	GitHub Actions 1000016221
36967278874	compat-tests (macos-15, 30, true, false)	completed	cancelled	2026-10-02T05:04:03Z	2026-10-02T05:04:03Z	2026-10-02T05:09:09Z	macos-15	
36967282559	compat-tests (macos-15, 30, true, false)	completed	success	2026-10-02T05:04:06Z	2026-10-02T05:17:42Z	2026-10-02T05:27:27Z	macos-15	GitHub Actions 1000016266
36967282598	workflow-guard-tests	completed	success	2026-10-02T05:04:06Z	2026-10-02T05:04:10Z	2026-10-02T05:04:27Z	ubuntu-latest	GitHub Actions 1000016216
36967282598	web-typecheck	completed	success	2026-10-02T05:04:06Z	2026-10-02T05:04:09Z	2026-10-02T05:04:26Z	ubuntu-latest	GitHub Actions 1000016217
36967282598	build	completed	cancelled	2026-10-02T05:04:06Z	2026-10-02T05:04:06Z	2026-10-02T05:34:42Z	macos-15-xlarge	
36967282598	remote-daemon-tests	completed	success	2026-10-02T05:04:06Z	2026-10-02T05:04:09Z	2026-10-02T05:04:51Z	ubuntu-latest	GitHub Actions 1000016218
36967282627	build-ghosttykit	completed	success	2026-10-02T05:04:06Z	2026-10-02T05:20:28Z	2026-10-02T05:20:47Z	macos-15	GitHub Actions 1000016273
36967499472	compat-tests (macos-15, 30, true, false)	completed	cancelled	2026-10-02T05:07:27Z	2026-10-02T05:07:27Z	2026-10-02T05:09:18Z	macos-15	
36967499486	build-ghosttykit	completed	cancelled	2026-10-02T05:07:02Z	2026-10-02T05:07:02Z	2026-10-02T05:09:15Z	macos-15	
36967499551	workflow-guard-tests	completed	failure	2026-10-02T05:07:03Z	2026-10-02T05:07:06Z	2026-10-02T05:07:26Z	ubuntu-latest	GitHub Actions 1000016226
36967499551	web-typecheck	completed	success	2026-10-02T05:07:03Z	2026-10-02T05:07:07Z	2026-10-02T05:07:23Z	ubuntu-latest	GitHub Actions 1000016227
36967499551	build	completed	cancelled	2026-10-02T05:07:03Z	2026-10-02T05:07:03Z	2026-10-02T05:09:17Z	macos-15-xlarge	
36967499551	remote-daemon-tests	completed	success	2026-10-02T05:07:03Z	2026-10-02T05:07:06Z	2026-10-02T05:07:50Z	ubuntu-latest	GitHub Actions 1000016228
36967519412	web-typecheck	completed	success	2026-10-02T05:07:18Z	2026-10-02T05:07:21Z	2026-10-02T05:07:36Z	ubuntu-latest	GitHub Actions 1000016230
36967519412	remote-daemon-tests	completed	success	2026-10-02T05:07:18Z	2026-10-02T05:07:21Z	2026-10-02T05:08:05Z	ubuntu-latest	GitHub Actions 1000016231
36967519412	workflow-guard-tests	completed	success	2026-10-02T05:07:18Z	2026-10-02T05:07:22Z	2026-10-02T05:07:44Z	ubuntu-latest	GitHub Actions 1000016232
36967519412	build	completed	success	2026-10-02T05:07:18Z	2026-10-02T05:27:35Z	2026-10-02T05:33:04Z	macos-15-xlarge	GitHub Actions 1000016280
36967519434	compat-tests (macos-15, 30, true, false)	completed	cancelled	2026-10-02T05:07:18Z	2026-10-02T05:07:18Z	2026-10-02T05:34:20Z	macos-15	
36967519450	build-ghosttykit	completed	success	2026-10-02T05:07:19Z	2026-10-02T05:15:43Z	2026-10-02T05:16:03Z	macos-15	GitHub Actions 1000016256
36967650423	workflow-guard-tests	completed	success	2026-10-02T05:09:03Z	2026-10-02T05:09:06Z	2026-10-02T05:09:20Z	ubuntu-latest	GitHub Actions 1000016235
36967650423	web-typecheck	completed	success	2026-10-02T05:09:03Z	2026-10-02T05:09:06Z	2026-10-02T05:09:21Z	ubuntu-latest	GitHub Actions 1000016236
36967650423	remote-daemon-tests	completed	success	2026-10-02T05:09:03Z	2026-10-02T05:09:06Z	2026-10-02T05:09:45Z	ubuntu-latest	GitHub Actions 1000016237
36967650423	build	completed	cancelled	2026-10-02T05:09:03Z	2026-10-02T05:09:03Z	2026-10-02T05:10:40Z	macos-15-xlarge	
36967650424	build-ghosttykit	completed	cancelled	2026-10-02T05:09:03Z	2026-10-02T05:09:03Z	2026-10-02T05:10:40Z	macos-15	
36967650452	compat-tests (macos-15, 30, true, false)	completed	cancelled	2026-10-02T05:09:03Z	2026-10-02T05:09:03Z	2026-10-02T05:10:41Z	macos-15	
36967770423	compat-tests (macos-15, 30, true, false)	completed	success	2026-10-02T05:10:41Z	2026-10-02T05:49:05Z	2026-10-02T05:57:44Z	macos-15	GitHub Actions 1000016319
36967770432	build-ghosttykit	completed	success	2026-10-02T05:10:41Z	2026-10-02T05:37:44Z	2026-10-02T05:38:05Z	macos-15	GitHub Actions 1000016299
36967770439	build	completed	success	2026-10-02T05:10:41Z	2026-10-02T05:16:09Z	2026-10-02T05:22:10Z	macos-15-xlarge	GitHub Actions 1000016258
36967770439	web-typecheck	completed	success	2026-10-02T05:10:41Z	2026-10-02T05:10:44Z	2026-10-02T05:10:59Z	ubuntu-latest	GitHub Actions 1000016239
36967770439	remote-daemon-tests	completed	success	2026-10-02T05:10:41Z	2026-10-02T05:10:44Z	2026-10-02T05:11:24Z	ubuntu-latest	GitHub Actions 1000016240
36967770439	workflow-guard-tests	completed	success	2026-10-02T05:10:41Z	2026-10-02T05:10:44Z	2026-10-02T05:10:58Z	ubuntu-latest	GitHub Actions 1000016241
36968083976	python-syntax	completed	success	2026-10-02T05:14:58Z	2026-10-02T05:15:01Z	2026-10-02T05:15:09Z	ubuntu-latest	GitHub Actions 1000016244
36968083976	mailbox-unit	completed	success	2026-10-02T05:14:58Z	2026-10-02T05:28:56Z	2026-10-02T05:32:40Z	macos-15-xlarge	GitHub Actions 1000016282
36968087567	build-ghosttykit	completed	success	2026-10-02T05:15:01Z	2026-10-02T05:27:09Z	2026-10-02T05:27:30Z	macos-15	GitHub Actions 1000016278
36968087570	web-typecheck	completed	success	2026-10-02T05:15:01Z	2026-10-02T05:15:04Z	2026-10-02T05:15:21Z	ubuntu-latest	GitHub Actions 1000016246
36968087570	remote-daemon-tests	completed	success	2026-10-02T05:15:01Z	2026-10-02T05:15:04Z	2026-10-02T05:15:43Z	ubuntu-latest	GitHub Actions 1000016245
36968087570	workflow-guard-tests	completed	success	2026-10-02T05:15:01Z	2026-10-02T05:15:04Z	2026-10-02T05:15:17Z	ubuntu-latest	GitHub Actions 1000016247
36968087570	build	completed	success	2026-10-02T05:15:01Z	2026-10-02T05:22:16Z	2026-10-02T05:28:49Z	macos-15-xlarge	GitHub Actions 1000016276
36968087572	compat-tests (macos-15, 30, true, false)	completed	cancelled	2026-10-02T05:15:26Z	2026-10-02T05:49:40Z	2026-10-02T05:50:29Z	macos-15	GitHub Actions 1000016330
36968087751	python-syntax	completed	success	2026-10-02T05:15:02Z	2026-10-02T05:15:05Z	2026-10-02T05:15:12Z	ubuntu-latest	GitHub Actions 1000016248
36968087751	mailbox-unit	completed	success	2026-10-02T05:15:02Z	2026-10-02T05:15:59Z	2026-10-02T05:20:20Z	macos-15-xlarge	GitHub Actions 1000016257
36968098967	mailbox-unit	completed	cancelled	2026-10-02T05:15:09Z	2026-10-02T05:15:09Z	2026-10-02T05:38:22Z	macos-15-xlarge	
36968098967	python-syntax	completed	success	2026-10-02T05:15:09Z	2026-10-02T05:15:12Z	2026-10-02T05:15:21Z	ubuntu-latest	GitHub Actions 1000016249
36968103467	web-typecheck	completed	success	2026-10-02T05:15:13Z	2026-10-02T05:15:17Z	2026-10-02T05:15:38Z	ubuntu-latest	GitHub Actions 1000016252
36968103467	build	completed	success	2026-10-02T05:15:13Z	2026-10-02T05:32:51Z	2026-10-02T05:39:02Z	macos-15-xlarge	GitHub Actions 1000016287
36968103467	workflow-guard-tests	completed	success	2026-10-02T05:15:13Z	2026-10-02T05:15:16Z	2026-10-02T05:15:31Z	ubuntu-latest	GitHub Actions 1000016251
36968103467	remote-daemon-tests	completed	success	2026-10-02T05:15:13Z	2026-10-02T05:15:17Z	2026-10-02T05:15:58Z	ubuntu-latest	GitHub Actions 1000016250
36968103471	python-syntax	completed	success	2026-10-02T05:15:13Z	2026-10-02T05:15:17Z	2026-10-02T05:15:27Z	ubuntu-latest	GitHub Actions 1000016253
36968103471	mailbox-unit	completed	success	2026-10-02T05:15:13Z	2026-10-02T05:28:53Z	2026-10-02T05:32:46Z	macos-15-xlarge	GitHub Actions 1000016281
36968103579	build-ghosttykit	completed	success	2026-10-02T05:15:13Z	2026-10-02T05:49:13Z	2026-10-02T05:49:33Z	macos-15	GitHub Actions 1000016320
36968103650	compat-tests (macos-15, 30, true, false)	completed	success	2026-10-02T05:15:37Z	2026-10-02T05:38:14Z	2026-10-02T05:49:07Z	macos-15	GitHub Actions 1000016300
36968155857	build-ghosttykit	completed	success	2026-10-02T05:15:53Z	2026-10-02T06:07:14Z	2026-10-02T06:07:37Z	macos-15	GitHub Actions 1000016364
36968191058	remote-daemon-tests	completed	success	2026-10-02T05:17:34Z	2026-10-02T05:17:37Z	2026-10-02T05:18:18Z	ubuntu-latest	GitHub Actions 1000016267
36968191058	web-typecheck	completed	success	2026-10-02T05:17:34Z	2026-10-02T05:17:37Z	2026-10-02T05:17:49Z	ubuntu-latest	GitHub Actions 1000016269
36968191058	workflow-guard-tests	completed	success	2026-10-02T05:17:34Z	2026-10-02T05:17:38Z	2026-10-02T05:17:53Z	ubuntu-latest	GitHub Actions 1000016268
36968191058	build	completed	success	2026-10-02T05:17:34Z	2026-10-02T05:43:03Z	2026-10-02T05:49:23Z	macos-15-xlarge	GitHub Actions 1000016307
36968191084	python-syntax	completed	success	2026-10-02T05:37:07Z	2026-10-02T05:37:10Z	2026-10-02T05:37:19Z	ubuntu-latest	GitHub Actions 1000016298
36968191084	mailbox-unit	completed	success	2026-10-02T05:37:07Z	2026-10-02T05:49:59Z	2026-10-02T05:54:46Z	macos-15-xlarge	GitHub Actions 1000016331
36968221494	mailbox-unit	completed	success	2026-10-02T05:16:48Z	2026-10-02T05:59:56Z	2026-10-02T06:04:20Z	macos-15-xlarge	GitHub Actions 1000016349
36968221494	python-syntax	completed	success	2026-10-02T05:16:48Z	2026-10-02T05:16:51Z	2026-10-02T05:16:58Z	ubuntu-latest	GitHub Actions 1000016259
36968224559	python-syntax	completed	success	2026-10-02T05:16:51Z	2026-10-02T05:16:55Z	2026-10-02T05:17:03Z	ubuntu-latest	GitHub Actions 1000016261
36968224559	mailbox-unit	completed	success	2026-10-02T05:16:51Z	2026-10-02T05:27:32Z	2026-10-02T05:32:06Z	macos-15-xlarge	GitHub Actions 1000016279
36968224575	build-ghosttykit	completed	success	2026-10-02T05:16:51Z	2026-10-02T05:46:44Z	2026-10-02T05:47:06Z	macos-15	GitHub Actions 1000016310
36968224577	web-typecheck	completed	success	2026-10-02T05:16:51Z	2026-10-02T05:16:54Z	2026-10-02T05:17:11Z	ubuntu-latest	GitHub Actions 1000016263
36968224577	remote-daemon-tests	completed	success	2026-10-02T05:16:51Z	2026-10-02T05:16:55Z	2026-10-02T05:17:35Z	ubuntu-latest	GitHub Actions 1000016264
36968224577	workflow-guard-tests	completed	success	2026-10-02T05:16:51Z	2026-10-02T05:16:54Z	2026-10-02T05:17:07Z	ubuntu-latest	GitHub Actions 1000016262
36968224577	build	completed	success	2026-10-02T05:16:51Z	2026-10-02T06:04:10Z	2026-10-02T06:11:03Z	macos-15-xlarge	GitHub Actions 1000016357
36968224602	compat-tests (macos-15, 30, true, false)	completed	success	2026-10-02T05:16:51Z	2026-10-02T05:48:33Z	2026-10-02T05:58:43Z	macos-15	GitHub Actions 1000016315
36969530633	sign	completed	success	2026-10-02T05:34:16Z	2026-10-02T05:47:11Z	2026-10-02T05:59:08Z	macos-15-xlarge	GitHub Actions 1000016311
36969535328	compat-tests (macos-15, 30, true, false)	completed	cancelled	2026-10-02T05:34:21Z	2026-10-02T05:41:27Z	2026-10-02T05:48:57Z	macos-15	GitHub Actions 1000016305
36969535365	build	completed	cancelled	2026-10-02T05:34:20Z	2026-10-02T05:34:20Z	2026-10-02T05:48:36Z	macos-15-xlarge	
36969535365	remote-daemon-tests	completed	success	2026-10-02T05:34:20Z	2026-10-02T05:34:23Z	2026-10-02T05:35:00Z	ubuntu-latest	GitHub Actions 1000016289
36969535365	workflow-guard-tests	completed	success	2026-10-02T05:34:20Z	2026-10-02T05:34:23Z	2026-10-02T05:34:45Z	ubuntu-latest	GitHub Actions 1000016291
36969535365	web-typecheck	completed	success	2026-10-02T05:34:20Z	2026-10-02T05:34:23Z	2026-10-02T05:34:39Z	ubuntu-latest	GitHub Actions 1000016290
36969535369	build-ghosttykit	completed	cancelled	2026-10-02T05:34:20Z	2026-10-02T05:34:20Z	2026-10-02T05:48:37Z	macos-15	
36969561963	mailbox-unit	completed	cancelled	2026-10-02T05:34:43Z	2026-10-02T05:34:43Z	2026-10-02T05:48:02Z	macos-15-xlarge	
36969561963	python-syntax	completed	success	2026-10-02T05:34:43Z	2026-10-02T05:34:45Z	2026-10-02T05:34:53Z	ubuntu-latest	GitHub Actions 1000016292
36969565752	build-ghosttykit	completed	success	2026-10-02T05:34:46Z	2026-10-02T05:46:16Z	2026-10-02T05:46:36Z	macos-15	GitHub Actions 1000016309
36969565798	build	completed	success	2026-10-02T05:34:46Z	2026-10-02T05:39:09Z	2026-10-02T05:46:06Z	macos-15-xlarge	GitHub Actions 1000016302
36969565798	web-typecheck	completed	success	2026-10-02T05:34:46Z	2026-10-02T05:34:50Z	2026-10-02T05:35:06Z	ubuntu-latest	GitHub Actions 1000016293
36969565798	remote-daemon-tests	completed	success	2026-10-02T05:34:46Z	2026-10-02T05:34:49Z	2026-10-02T05:35:29Z	ubuntu-latest	GitHub Actions 1000016294
36969565798	workflow-guard-tests	completed	success	2026-10-02T05:34:46Z	2026-10-02T05:34:49Z	2026-10-02T05:35:05Z	ubuntu-latest	GitHub Actions 1000016295
36969565804	compat-tests (macos-15, 30, true, false)	completed	cancelled	2026-10-02T05:34:46Z	2026-10-02T05:38:29Z	2026-10-02T05:48:25Z	macos-15	GitHub Actions 1000016301
36969705777	mailbox-unit	completed	failure	2026-10-02T05:36:37Z	2026-10-02T06:07:42Z	2026-10-02T06:09:03Z	macos-15-xlarge	GitHub Actions 1000016365
36969705777	python-syntax	completed	success	2026-10-02T05:36:37Z	2026-10-02T05:36:41Z	2026-10-02T05:36:51Z	ubuntu-latest	GitHub Actions 1000016296
36970135841	build-ghosttykit	completed	success	2026-10-02T06:07:38Z	2026-10-02T06:22:37Z	2026-10-02T06:22:58Z	macos-15	GitHub Actions 1000016390
36970135842	remote-daemon-tests	completed	success	2026-10-02T05:49:23Z	2026-10-02T05:49:26Z	2026-10-02T05:50:07Z	ubuntu-latest	GitHub Actions 1000016323
36970135842	web-typecheck	completed	success	2026-10-02T05:49:24Z	2026-10-02T05:49:27Z	2026-10-02T05:50:18Z	ubuntu-latest	GitHub Actions 1000016325
36970135842	workflow-guard-tests	completed	success	2026-10-02T05:49:24Z	2026-10-02T05:49:26Z	2026-10-02T05:49:41Z	ubuntu-latest	GitHub Actions 1000016324
36970135842	build	completed	success	2026-10-02T05:49:24Z	2026-10-02T06:05:52Z	2026-10-02T06:12:34Z	macos-15-xlarge	GitHub Actions 1000016360
36970135852	compat-tests (macos-15, 30, true, false)	completed	success	2026-10-02T05:42:58Z	2026-10-02T06:15:30Z	2026-10-02T06:22:30Z	macos-15	GitHub Actions 1000016384
36970562289	web-typecheck	completed	success	2026-10-02T05:48:03Z	2026-10-02T05:48:08Z	2026-10-02T05:48:25Z	ubuntu-latest	GitHub Actions 1000016312
36970562289	workflow-guard-tests	completed	success	2026-10-02T05:48:03Z	2026-10-02T05:48:06Z	2026-10-02T05:48:20Z	ubuntu-latest	GitHub Actions 1000016313
36970562289	build	completed	success	2026-10-02T05:48:03Z	2026-10-02T05:59:13Z	2026-10-02T06:05:57Z	macos-15-xlarge	GitHub Actions 1000016347
36970562289	remote-daemon-tests	completed	success	2026-10-02T05:48:03Z	2026-10-02T05:48:07Z	2026-10-02T05:48:50Z	ubuntu-latest	GitHub Actions 1000016314
36970562398	compat-tests (macos-15, 30, true, false)	completed	success	2026-10-02T05:48:26Z	2026-10-02T05:54:55Z	2026-10-02T06:04:04Z	macos-15	GitHub Actions 1000016339
36970562570	build-ghosttykit	completed	success	2026-10-02T05:48:04Z	2026-10-02T05:49:33Z	2026-10-02T05:49:54Z	macos-15	GitHub Actions 1000016322
36970604097	web-typecheck	completed	success	2026-10-02T05:48:37Z	2026-10-02T05:48:40Z	2026-10-02T05:48:54Z	ubuntu-latest	GitHub Actions 1000016317
36970604097	remote-daemon-tests	completed	success	2026-10-02T05:48:37Z	2026-10-02T05:48:41Z	2026-10-02T05:49:21Z	ubuntu-latest	GitHub Actions 1000016316
36970604097	build	completed	success	2026-10-02T05:48:37Z	2026-10-02T05:50:34Z	2026-10-02T05:56:31Z	macos-15-xlarge	GitHub Actions 1000016338
36970604097	workflow-guard-tests	completed	success	2026-10-02T05:48:37Z	2026-10-02T05:48:40Z	2026-10-02T05:49:01Z	ubuntu-latest	GitHub Actions 1000016318
36970604138	build-ghosttykit	completed	success	2026-10-02T05:48:37Z	2026-10-02T06:21:17Z	2026-10-02T06:21:38Z	macos-15	GitHub Actions 1000016386
36970604320	compat-tests (macos-15, 30, true, false)	completed	success	2026-10-02T05:48:57Z	2026-10-02T05:56:38Z	2026-10-02T06:05:46Z	macos-15	GitHub Actions 1000016340
36970659561	mailbox-unit	completed	success	2026-10-02T05:49:22Z	2026-10-02T06:11:46Z	2026-10-02T06:16:28Z	macos-15-xlarge	GitHub Actions 1000016373
36970659561	python-syntax	completed	success	2026-10-02T05:49:22Z	2026-10-02T05:49:26Z	2026-10-02T05:49:35Z	ubuntu-latest	GitHub Actions 1000016321
36970664630	compat-tests (macos-15, 30, true, false)	completed	success	2026-10-02T05:49:26Z	2026-10-02T06:16:38Z	2026-10-02T06:26:23Z	macos-15	GitHub Actions 1000016385
36970664653	python-syntax	completed	success	2026-10-02T05:49:26Z	2026-10-02T05:49:29Z	2026-10-02T05:49:36Z	ubuntu-latest	GitHub Actions 1000016326
36970664653	mailbox-unit	completed	success	2026-10-02T05:49:26Z	2026-10-02T06:04:57Z	2026-10-02T06:09:20Z	macos-15-xlarge	GitHub Actions 1000016359
36970664703	build-ghosttykit	completed	success	2026-10-02T05:49:27Z	2026-10-02T05:59:31Z	2026-10-02T05:59:50Z	macos-15	GitHub Actions 1000016348
36970664722	workflow-guard-tests	completed	success	2026-10-02T05:49:26Z	2026-10-02T05:49:30Z	2026-10-02T05:49:51Z	ubuntu-latest	GitHub Actions 1000016327
36970664722	web-typecheck	completed	success	2026-10-02T05:49:27Z	2026-10-02T05:49:31Z	2026-10-02T05:49:47Z	ubuntu-latest	GitHub Actions 1000016328
36970664722	build	completed	failure	2026-10-02T05:49:27Z	2026-10-02T06:09:08Z	2026-10-02T06:15:22Z	macos-15-xlarge	GitHub Actions 1000016366
36970664722	remote-daemon-tests	completed	success	2026-10-02T05:49:27Z	2026-10-02T05:49:30Z	2026-10-02T05:50:11Z	ubuntu-latest	GitHub Actions 1000016329
36970712480	python-syntax	completed	success	2026-10-02T05:50:05Z	2026-10-02T05:50:08Z	2026-10-02T05:50:16Z	ubuntu-latest	GitHub Actions 1000016332
36970712480	mailbox-unit	completed	success	2026-10-02T05:50:05Z	2026-10-02T06:06:47Z	2026-10-02T06:11:41Z	macos-15-xlarge	GitHub Actions 1000016363
36970721119	python-syntax	completed	success	2026-10-02T05:50:12Z	2026-10-02T05:50:15Z	2026-10-02T05:50:27Z	ubuntu-latest	GitHub Actions 1000016333
36970721119	mailbox-unit	completed	success	2026-10-02T05:50:12Z	2026-10-02T06:09:25Z	2026-10-02T06:13:41Z	macos-15-xlarge	GitHub Actions 1000016367
36970725569	python-syntax	completed	success	2026-10-02T05:50:15Z	2026-10-02T05:50:18Z	2026-10-02T05:50:24Z	ubuntu-latest	GitHub Actions 1000016334
36970725569	mailbox-unit	completed	success	2026-10-02T05:50:15Z	2026-10-02T06:21:43Z	2026-10-02T06:26:01Z	macos-15-xlarge	GitHub Actions 1000016387
36970725574	compat-tests (macos-15, 30, true, false)	completed	success	2026-10-02T05:50:30Z	2026-10-02T05:57:51Z	2026-10-02T06:06:41Z	macos-15	GitHub Actions 1000016345
36970725580	build	completed	success	2026-10-02T05:50:15Z	2026-10-02T06:26:28Z	2026-10-02T06:32:20Z	macos-15-xlarge	GitHub Actions 1000016399
36970725580	web-typecheck	completed	success	2026-10-02T05:50:15Z	2026-10-02T05:50:20Z	2026-10-02T05:50:33Z	ubuntu-latest	GitHub Actions 1000016336
36970725580	remote-daemon-tests	completed	success	2026-10-02T05:50:15Z	2026-10-02T05:50:19Z	2026-10-02T05:50:49Z	ubuntu-latest	GitHub Actions 1000016335
36970725580	workflow-guard-tests	completed	success	2026-10-02T05:50:15Z	2026-10-02T05:50:19Z	2026-10-02T05:50:32Z	ubuntu-latest	GitHub Actions 1000016337
36970725620	build-ghosttykit	completed	success	2026-10-02T05:50:15Z	2026-10-02T06:06:07Z	2026-10-02T06:06:33Z	macos-15	GitHub Actions 1000016361
36971260396	python-syntax	completed	success	2026-10-02T05:57:20Z	2026-10-02T05:57:22Z	2026-10-02T05:57:31Z	ubuntu-latest	GitHub Actions 1000016341
36971260396	mailbox-unit	completed	cancelled	2026-10-02T05:57:20Z	2026-10-02T05:57:20Z	2026-10-02T06:11:50Z	macos-15-xlarge	
36971263136	build-ghosttykit	completed	cancelled	2026-10-02T05:57:22Z	2026-10-02T05:57:22Z	2026-10-02T06:11:48Z	macos-15	
36971263258	build	completed	cancelled	2026-10-02T05:57:22Z	2026-10-02T05:57:22Z	2026-10-02T06:11:49Z	macos-15-xlarge	
36971263258	remote-daemon-tests	completed	success	2026-10-02T05:57:22Z	2026-10-02T05:57:26Z	2026-10-02T05:58:05Z	ubuntu-latest	GitHub Actions 1000016342
36971263258	workflow-guard-tests	completed	failure	2026-10-02T05:57:22Z	2026-10-02T05:57:26Z	2026-10-02T05:57:41Z	ubuntu-latest	GitHub Actions 1000016343
36971263258	web-typecheck	completed	success	2026-10-02T05:57:22Z	2026-10-02T05:57:25Z	2026-10-02T05:57:40Z	ubuntu-latest	GitHub Actions 1000016344
36971263315	compat-tests (macos-15, 30, true, false)	completed	failure	2026-10-02T05:57:23Z	2026-10-02T05:58:53Z	2026-10-02T05:59:23Z	macos-15	GitHub Actions 1000016346
36971571807	compat-tests (macos-15, 30, true, false)	completed	success	2026-10-02T06:01:24Z	2026-10-02T06:11:11Z	2026-10-02T06:21:50Z	macos-15	GitHub Actions 1000016372
36971571827	python-syntax	completed	success	2026-10-02T06:01:24Z	2026-10-02T06:01:27Z	2026-10-02T06:01:35Z	ubuntu-latest	GitHub Actions 1000016351
36971571827	mailbox-unit	completed	success	2026-10-02T06:01:24Z	2026-10-02T06:33:50Z	2026-10-02T06:38:19Z	macos-15-xlarge	GitHub Actions 1000016407
36971571831	build-ghosttykit	completed	success	2026-10-02T06:01:24Z	2026-10-02T06:06:42Z	2026-10-02T06:07:04Z	macos-15	GitHub Actions 1000016362
36971571849	build	completed	success	2026-10-02T06:01:24Z	2026-10-02T06:38:48Z	2026-10-02T06:45:41Z	macos-15-xlarge	GitHub Actions 1000016424
36971571849	web-typecheck	completed	success	2026-10-02T06:01:24Z	2026-10-02T06:01:27Z	2026-10-02T06:01:45Z	ubuntu-latest	GitHub Actions 1000016350
36971571849	remote-daemon-tests	completed	success	2026-10-02T06:01:24Z	2026-10-02T06:01:33Z	2026-10-02T06:02:17Z	ubuntu-latest	GitHub Actions 1000016352
36971571849	workflow-guard-tests	completed	success	2026-10-02T06:01:24Z	2026-10-02T06:01:28Z	2026-10-02T06:01:44Z	ubuntu-latest	GitHub Actions 1000016353
36971736682	build-ghosttykit	completed	success	2026-10-02T06:03:30Z	2026-10-02T06:04:30Z	2026-10-02T06:04:52Z	macos-15	GitHub Actions 1000016358
36971736685	compat-tests (macos-15, 30, true, false)	completed	success	2026-10-02T06:03:30Z	2026-10-02T06:14:17Z	2026-10-02T06:26:32Z	macos-15	GitHub Actions 1000016383
36971736704	web-typecheck	completed	success	2026-10-02T06:03:30Z	2026-10-02T06:03:33Z	2026-10-02T06:03:55Z	ubuntu-latest	GitHub Actions 1000016354
36971736704	workflow-guard-tests	completed	success	2026-10-02T06:03:30Z	2026-10-02T06:03:34Z	2026-10-02T06:03:48Z	ubuntu-latest	GitHub Actions 1000016356
36971736704	remote-daemon-tests	completed	success	2026-10-02T06:03:30Z	2026-10-02T06:03:33Z	2026-10-02T06:04:04Z	ubuntu-latest	GitHub Actions 1000016355
36971736704	build	completed	success	2026-10-02T06:03:30Z	2026-10-02T06:29:04Z	2026-10-02T06:35:07Z	macos-15-xlarge	GitHub Actions 1000016401
36972211874	mailbox-unit	completed	success	2026-10-02T06:09:29Z	2026-10-02T06:24:29Z	2026-10-02T06:28:58Z	macos-15-xlarge	GitHub Actions 1000016397
36972211874	python-syntax	completed	success	2026-10-02T06:09:29Z	2026-10-02T06:09:33Z	2026-10-02T06:09:41Z	ubuntu-latest	GitHub Actions 1000016369
36972211876	build-ghosttykit	completed	success	2026-10-02T06:09:29Z	2026-10-02T06:23:34Z	2026-10-02T06:23:55Z	macos-15	GitHub Actions 1000016395
36972211928	compat-tests (macos-15, 30, true, false)	completed	success	2026-10-02T06:09:29Z	2026-10-02T06:12:40Z	2026-10-02T06:21:08Z	macos-15	GitHub Actions 1000016375
36972211937	build	completed	cancelled	2026-10-02T06:09:29Z	2026-10-02T06:09:29Z	2026-10-02T06:37:50Z	macos-15-xlarge	
36972211937	remote-daemon-tests	completed	success	2026-10-02T06:09:29Z	2026-10-02T06:10:07Z	2026-10-02T06:10:48Z	ubuntu-latest	GitHub Actions 1000016368
36972211937	web-typecheck	completed	success	2026-10-02T06:09:29Z	2026-10-02T06:09:33Z	2026-10-02T06:09:50Z	ubuntu-latest	GitHub Actions 1000016370
36972211937	workflow-guard-tests	completed	success	2026-10-02T06:09:29Z	2026-10-02T06:09:33Z	2026-10-02T06:09:46Z	ubuntu-latest	GitHub Actions 1000016371
36972407064	python-syntax	completed	success	2026-10-02T06:11:58Z	2026-10-02T06:12:02Z	2026-10-02T06:12:09Z	ubuntu-latest	GitHub Actions 1000016374
36972407064	mailbox-unit	completed	success	2026-10-02T06:11:59Z	2026-10-02T06:35:37Z	2026-10-02T06:40:14Z	macos-15-xlarge	GitHub Actions 1000016414
36972407150	web-typecheck	completed	success	2026-10-02T06:12:35Z	2026-10-02T06:12:38Z	2026-10-02T06:12:57Z	ubuntu-latest	GitHub Actions 1000016376
36972407150	build	completed	success	2026-10-02T06:12:35Z	2026-10-02T06:29:51Z	2026-10-02T06:35:50Z	macos-15-xlarge	GitHub Actions 1000016402
36972407150	workflow-guard-tests	completed	success	2026-10-02T06:12:35Z	2026-10-02T06:12:38Z	2026-10-02T06:12:54Z	ubuntu-latest	GitHub Actions 1000016378
36972407150	remote-daemon-tests	completed	success	2026-10-02T06:12:35Z	2026-10-02T06:12:38Z	2026-10-02T06:13:13Z	ubuntu-latest	GitHub Actions 1000016377
36972472932	remote-daemon-tests	completed	success	2026-10-02T06:12:48Z	2026-10-02T06:12:52Z	2026-10-02T06:13:36Z	ubuntu-latest	GitHub Actions 1000016379
36972472932	workflow-guard-tests	completed	success	2026-10-02T06:12:48Z	2026-10-02T06:12:52Z	2026-10-02T06:13:08Z	ubuntu-latest	GitHub Actions 1000016380
36972472932	build	completed	success	2026-10-02T06:12:48Z	2026-10-02T06:32:26Z	2026-10-02T06:38:43Z	macos-15-xlarge	GitHub Actions 1000016404
36972472932	web-typecheck	completed	success	2026-10-02T06:12:48Z	2026-10-02T06:12:51Z	2026-10-02T06:13:08Z	ubuntu-latest	GitHub Actions 1000016381
36972472936	compat-tests (macos-15, 30, true, false)	completed	success	2026-10-02T06:12:49Z	2026-10-02T06:21:57Z	2026-10-02T06:29:45Z	macos-15	GitHub Actions 1000016388
36972472939	build-ghosttykit	completed	success	2026-10-02T06:12:48Z	2026-10-02T06:13:48Z	2026-10-02T06:14:07Z	macos-15	GitHub Actions 1000016382
36973224877	compat-tests (macos-15, 30, true, false)	completed	success	2026-10-02T06:22:30Z	2026-10-02T06:26:09Z	2026-10-02T06:35:31Z	macos-15	GitHub Actions 1000016398
36973224916	build-ghosttykit	completed	success	2026-10-02T06:22:59Z	2026-10-02T06:24:04Z	2026-10-02T06:24:24Z	macos-15	GitHub Actions 1000016396
36973263933	web-typecheck	completed	success	2026-10-02T06:22:52Z	2026-10-02T06:22:55Z	2026-10-02T06:23:10Z	ubuntu-latest	GitHub Actions 1000016391
36973263933	remote-daemon-tests	completed	success	2026-10-02T06:22:52Z	2026-10-02T06:22:55Z	2026-10-02T06:23:35Z	ubuntu-latest	GitHub Actions 1000016392
36973263933	workflow-guard-tests	completed	success	2026-10-02T06:22:52Z	2026-10-02T06:22:56Z	2026-10-02T06:23:16Z	ubuntu-latest	GitHub Actions 1000016393
36973263933	build	completed	success	2026-10-02T06:22:52Z	2026-10-02T06:26:37Z	2026-10-02T06:33:45Z	macos-15-xlarge	GitHub Actions 1000016400
36973263960	build-ghosttykit	completed	success	2026-10-02T06:22:52Z	2026-10-02T06:23:07Z	2026-10-02T06:23:28Z	macos-15	GitHub Actions 1000016394
36973264040	compat-tests (macos-15, 30, true, false)	completed	success	2026-10-02T06:22:52Z	2026-10-02T06:44:53Z	2026-10-02T06:55:28Z	macos-15	GitHub Actions 1000016433
36973840182	sign	completed	cancelled	2026-10-02T06:30:07Z	2026-10-02T06:30:07Z	2026-10-02T06:30:54Z	macos-15-xlarge	
36973902092	compat-tests (macos-15, 30, true, false)	completed	success	2026-10-02T06:35:32Z	2026-10-02T06:35:59Z	2026-10-02T06:45:21Z	macos-15	GitHub Actions 1000016415
36973902108	build-ghosttykit	completed	success	2026-10-02T06:30:47Z	2026-10-02T07:00:22Z	2026-10-02T07:00:41Z	macos-15	GitHub Actions 1000016464
36973902112	web-typecheck	completed	success	2026-10-02T06:35:51Z	2026-10-02T06:35:54Z	2026-10-02T06:36:09Z	ubuntu-latest	GitHub Actions 1000016416
36973902112	build	completed	success	2026-10-02T06:35:51Z	2026-10-02T06:38:25Z	2026-10-02T06:44:45Z	macos-15-xlarge	GitHub Actions 1000016423
36973902112	remote-daemon-tests	completed	success	2026-10-02T06:35:51Z	2026-10-02T06:35:56Z	2026-10-02T06:36:37Z	ubuntu-latest	GitHub Actions 1000016418
36973902112	workflow-guard-tests	completed	success	2026-10-02T06:35:51Z	2026-10-02T06:35:54Z	2026-10-02T06:36:15Z	ubuntu-latest	GitHub Actions 1000016417
36973902146	python-syntax	completed	success	2026-10-02T06:40:15Z	2026-10-02T06:40:19Z	2026-10-02T06:40:28Z	ubuntu-latest	GitHub Actions 1000016428
36973902146	mailbox-unit	completed	success	2026-10-02T06:40:15Z	2026-10-02T07:07:22Z	2026-10-02T07:11:52Z	macos-15-xlarge	GitHub Actions 1000016477
36973915736	sign	completed	success	2026-10-02T06:31:04Z	2026-10-02T06:50:11Z	2026-10-02T07:00:15Z	macos-15-xlarge	GitHub Actions 1000016449
36973918731	sign	completed	success	2026-10-02T06:31:04Z	2026-10-02T06:54:32Z	2026-10-02T07:05:17Z	macos-15-xlarge	GitHub Actions 1000016460
36974032058	python-syntax	completed	success	2026-10-02T06:32:24Z	2026-10-02T06:32:27Z	2026-10-02T06:32:37Z	ubuntu-latest	GitHub Actions 1000016405
36974032058	mailbox-unit	completed	success	2026-10-02T06:32:24Z	2026-10-02T06:40:07Z	2026-10-02T06:44:45Z	macos-15-xlarge	GitHub Actions 1000016425
36974066125	python-syntax	completed	success	2026-10-02T06:32:49Z	2026-10-02T06:32:52Z	2026-10-02T06:33:02Z	ubuntu-latest	GitHub Actions 1000016406
36974066125	mailbox-unit	completed	success	2026-10-02T06:32:49Z	2026-10-02T06:45:46Z	2026-10-02T06:50:05Z	macos-15-xlarge	GitHub Actions 1000016440
36974141060	mailbox-unit	completed	success	2026-10-02T06:33:45Z	2026-10-02T06:35:13Z	2026-10-02T06:40:01Z	macos-15-xlarge	GitHub Actions 1000016413
36974141060	python-syntax	completed	success	2026-10-02T06:33:45Z	2026-10-02T06:33:49Z	2026-10-02T06:33:57Z	ubuntu-latest	GitHub Actions 1000016408
36974148187	build-ghosttykit	completed	success	2026-10-02T06:33:49Z	2026-10-02T06:44:54Z	2026-10-02T06:45:12Z	macos-15	GitHub Actions 1000016434
36974148194	compat-tests (macos-15, 30, true, false)	completed	success	2026-10-02T06:33:49Z	2026-10-02T06:50:53Z	2026-10-02T06:59:34Z	macos-15	GitHub Actions 1000016452
36974148268	web-typecheck	completed	success	2026-10-02T06:33:49Z	2026-10-02T06:33:52Z	2026-10-02T06:34:10Z	ubuntu-latest	GitHub Actions 1000016409
36974148268	remote-daemon-tests	completed	success	2026-10-02T06:33:49Z	2026-10-02T06:33:52Z	2026-10-02T06:34:38Z	ubuntu-latest	GitHub Actions 1000016410
36974148268	workflow-guard-tests	completed	success	2026-10-02T06:33:49Z	2026-10-02T06:33:54Z	2026-10-02T06:34:16Z	ubuntu-latest	GitHub Actions 1000016411
36974148268	build	completed	success	2026-10-02T06:33:49Z	2026-10-02T06:40:20Z	2026-10-02T06:46:46Z	macos-15-xlarge	GitHub Actions 1000016427
36974148284	python-syntax	completed	success	2026-10-02T06:33:49Z	2026-10-02T06:33:53Z	2026-10-02T06:34:00Z	ubuntu-latest	GitHub Actions 1000016412
36974148284	mailbox-unit	completed	success	2026-10-02T06:33:49Z	2026-10-02T06:46:07Z	2026-10-02T06:50:46Z	macos-15-xlarge	GitHub Actions 1000016442
36974498395	build-ghosttykit	completed	success	2026-10-02T06:38:09Z	2026-10-02T07:03:16Z	2026-10-02T07:13:09Z	macos-15	GitHub Actions 1000016468
36974498397	remote-daemon-tests	completed	success	2026-10-02T06:38:09Z	2026-10-02T06:38:12Z	2026-10-02T06:38:53Z	ubuntu-latest	GitHub Actions 1000016420
36974498397	workflow-guard-tests	completed	failure	2026-10-02T06:38:09Z	2026-10-02T06:38:12Z	2026-10-02T06:38:36Z	ubuntu-latest	GitHub Actions 1000016422
36974498397	web-typecheck	completed	success	2026-10-02T06:38:09Z	2026-10-02T06:38:12Z	2026-10-02T06:38:27Z	ubuntu-latest	GitHub Actions 1000016421
36974498397	build	completed	failure	2026-10-02T06:38:09Z	2026-10-02T06:45:46Z	2026-10-02T06:46:01Z	macos-15-xlarge	GitHub Actions 1000016441
36974498484	compat-tests (macos-15, 30, true, false)	completed	failure	2026-10-02T06:38:09Z	2026-10-02T06:50:15Z	2026-10-02T06:50:45Z	macos-15	GitHub Actions 1000016450
36974670434	remote-daemon-tests	completed	success	2026-10-02T06:44:45Z	2026-10-02T06:44:48Z	2026-10-02T06:45:17Z	ubuntu-latest	GitHub Actions 1000016436
36974670434	build	completed	success	2026-10-02T06:44:45Z	2026-10-02T07:06:56Z	2026-10-02T07:13:19Z	macos-15-xlarge	GitHub Actions 1000016476
36974670434	workflow-guard-tests	completed	success	2026-10-02T06:44:45Z	2026-10-02T06:44:48Z	2026-10-02T06:45:08Z	ubuntu-latest	GitHub Actions 1000016435
36974670434	web-typecheck	completed	success	2026-10-02T06:44:45Z	2026-10-02T06:44:48Z	2026-10-02T06:45:01Z	ubuntu-latest	GitHub Actions 1000016437
36974670487	compat-tests (macos-15, 30, true, false)	completed	success	2026-10-02T06:45:22Z	2026-10-02T06:55:37Z	2026-10-02T07:07:17Z	macos-15	GitHub Actions 1000016461
36974727563	mailbox-unit	completed	success	2026-10-02T06:40:55Z	2026-10-02T06:45:27Z	2026-10-02T06:50:07Z	macos-15-xlarge	GitHub Actions 1000016439
36974727563	python-syntax	completed	success	2026-10-02T06:40:55Z	2026-10-02T06:40:58Z	2026-10-02T06:41:06Z	ubuntu-latest	GitHub Actions 1000016429
36975004223	build-ghosttykit	completed	success	2026-10-02T06:44:20Z	2026-10-02T06:45:21Z	2026-10-02T06:45:41Z	macos-15	GitHub Actions 1000016438
36975004281	compat-tests (macos-15, 30, true, false)	completed	success	2026-10-02T06:44:20Z	2026-10-02T06:46:53Z	2026-10-02T06:54:25Z	macos-15	GitHub Actions 1000016448
36975004336	web-typecheck	completed	success	2026-10-02T06:44:21Z	2026-10-02T06:44:24Z	2026-10-02T06:44:42Z	ubuntu-latest	GitHub Actions 1000016430
36975004336	workflow-guard-tests	completed	success	2026-10-02T06:44:21Z	2026-10-02T06:44:24Z	2026-10-02T06:44:47Z	ubuntu-latest	GitHub Actions 1000016432
36975004336	remote-daemon-tests	completed	success	2026-10-02T06:44:21Z	2026-10-02T06:44:24Z	2026-10-02T06:45:07Z	ubuntu-latest	GitHub Actions 1000016431
36975004336	build	completed	success	2026-10-02T06:44:21Z	2026-10-02T07:21:22Z	2026-10-02T07:27:56Z	macos-15-xlarge	GitHub Actions 1000016507
36975164071	python-syntax	completed	success	2026-10-02T06:46:17Z	2026-10-02T06:46:20Z	2026-10-02T06:46:29Z	ubuntu-latest	GitHub Actions 1000016443
36975164071	mailbox-unit	completed	success	2026-10-02T06:46:17Z	2026-10-02T07:13:13Z	2026-10-02T07:17:45Z	macos-15-xlarge	GitHub Actions 1000016486
36975169640	compat-tests (macos-15, 30, true, false)	completed	success	2026-10-02T06:46:22Z	2026-10-02T06:50:54Z	2026-10-02T07:03:10Z	macos-15	GitHub Actions 1000016451
36975169641	workflow-guard-tests	completed	success	2026-10-02T06:46:22Z	2026-10-02T06:46:25Z	2026-10-02T06:46:46Z	ubuntu-latest	GitHub Actions 1000016445
36975169641	web-typecheck	completed	success	2026-10-02T06:46:22Z	2026-10-02T06:46:25Z	2026-10-02T06:46:43Z	ubuntu-latest	GitHub Actions 1000016447
36975169641	remote-daemon-tests	completed	success	2026-10-02T06:46:22Z	2026-10-02T06:46:26Z	2026-10-02T06:47:09Z	ubuntu-latest	GitHub Actions 1000016446
36975169641	build	completed	failure	2026-10-02T06:46:22Z	2026-10-02T07:13:24Z	2026-10-02T07:19:23Z	macos-15-xlarge	GitHub Actions 1000016488
36975169644	python-syntax	completed	success	2026-10-02T06:46:22Z	2026-10-02T06:46:25Z	2026-10-02T06:46:35Z	ubuntu-latest	GitHub Actions 1000016444
36975169644	mailbox-unit	completed	success	2026-10-02T06:46:22Z	2026-10-02T07:01:19Z	2026-10-02T07:06:20Z	macos-15-xlarge	GitHub Actions 1000016467
36975169653	build-ghosttykit	completed	success	2026-10-02T06:46:22Z	2026-10-02T07:00:52Z	2026-10-02T07:01:13Z	macos-15	GitHub Actions 1000016466
36975668010	mailbox-unit	completed	success	2026-10-02T06:52:34Z	2026-10-02T07:13:14Z	2026-10-02T07:17:57Z	macos-15-xlarge	GitHub Actions 1000016487
36975668010	python-syntax	completed	success	2026-10-02T06:52:34Z	2026-10-02T06:52:39Z	2026-10-02T06:52:48Z	ubuntu-latest	GitHub Actions 1000016454
36975777441	mailbox-unit	completed	success	2026-10-02T06:53:55Z	2026-10-02T07:03:57Z	2026-10-02T07:08:13Z	macos-15-xlarge	GitHub Actions 1000016472
36975777441	python-syntax	completed	success	2026-10-02T06:53:55Z	2026-10-02T06:53:58Z	2026-10-02T06:54:07Z	ubuntu-latest	GitHub Actions 1000016455
36975779506	web-typecheck	completed	success	2026-10-02T06:53:57Z	2026-10-02T06:54:00Z	2026-10-02T06:54:13Z	ubuntu-latest	GitHub Actions 1000016457
36975779506	workflow-guard-tests	completed	success	2026-10-02T06:53:57Z	2026-10-02T06:54:00Z	2026-10-02T06:54:23Z	ubuntu-latest	GitHub Actions 1000016459
36975779506	build	completed	cancelled	2026-10-02T06:53:57Z	2026-10-02T06:53:57Z	2026-10-02T07:03:30Z	macos-15-xlarge	
36975779506	remote-daemon-tests	completed	success	2026-10-02T06:53:57Z	2026-10-02T06:54:00Z	2026-10-02T06:54:39Z	ubuntu-latest	GitHub Actions 1000016458
36975779519	compat-tests (macos-15, 30, true, false)	completed	cancelled	2026-10-02T06:53:56Z	2026-10-02T06:53:56Z	2026-10-02T07:03:30Z	macos-15	
36975779527	build-ghosttykit	completed	cancelled	2026-10-02T06:53:57Z	2026-10-02T06:53:57Z	2026-10-02T07:03:30Z	macos-15	
36975779543	python-syntax	completed	success	2026-10-02T06:53:57Z	2026-10-02T06:53:59Z	2026-10-02T06:54:06Z	ubuntu-latest	GitHub Actions 1000016456
36975779543	mailbox-unit	completed	cancelled	2026-10-02T06:53:57Z	2026-10-02T06:59:40Z	2026-10-02T07:03:51Z	macos-15-xlarge	GitHub Actions 1000016463
36976337152	compat-tests (macos-15, 30, true, false)	completed	success	2026-10-02T07:07:17Z	2026-10-02T07:17:15Z	2026-10-02T07:27:07Z	macos-15	GitHub Actions 1000016497
36976337159	python-syntax	completed	success	2026-10-02T07:11:52Z	2026-10-02T07:11:55Z	2026-10-02T07:12:03Z	ubuntu-latest	GitHub Actions 1000016484
36976337159	mailbox-unit	completed	success	2026-10-02T07:11:52Z	2026-10-02T07:26:49Z	2026-10-02T07:31:29Z	macos-15-xlarge	GitHub Actions 1000016514
36976337160	web-typecheck	completed	success	2026-10-02T07:13:19Z	2026-10-02T07:13:22Z	2026-10-02T07:13:41Z	ubuntu-latest	GitHub Actions 1000016489
36976337160	remote-daemon-tests	completed	success	2026-10-02T07:13:19Z	2026-10-02T07:13:22Z	2026-10-02T07:14:03Z	ubuntu-latest	GitHub Actions 1000016490
36976337160	workflow-guard-tests	completed	success	2026-10-02T07:13:19Z	2026-10-02T07:13:23Z	2026-10-02T07:13:42Z	ubuntu-latest	GitHub Actions 1000016491
36976337160	build	completed	success	2026-10-02T07:13:19Z	2026-10-02T07:19:28Z	2026-10-02T07:26:29Z	macos-15-xlarge	GitHub Actions 1000016506
36976337175	build-ghosttykit	completed	success	2026-10-02T07:00:42Z	2026-10-02T07:06:28Z	2026-10-02T07:06:50Z	macos-15	GitHub Actions 1000016475
36976518801	mailbox-unit	completed	success	2026-10-02T07:17:58Z	2026-10-02T07:37:21Z	2026-10-02T07:41:40Z	macos-15-xlarge	GitHub Actions 1000016558
36976518801	python-syntax	completed	success	2026-10-02T07:17:58Z	2026-10-02T07:18:01Z	2026-10-02T07:18:08Z	ubuntu-latest	GitHub Actions 1000016504
36976577216	python-syntax	completed	success	2026-10-02T07:08:13Z	2026-10-02T07:08:17Z	2026-10-02T07:08:25Z	ubuntu-latest	GitHub Actions 1000016479
36976577216	mailbox-unit	completed	success	2026-10-02T07:08:13Z	2026-10-02T07:11:57Z	2026-10-02T07:16:34Z	macos-15-xlarge	GitHub Actions 1000016483
36976582133	workflow-guard-tests	completed	success	2026-10-02T07:03:31Z	2026-10-02T07:03:35Z	2026-10-02T07:03:56Z	ubuntu-latest	GitHub Actions 1000016469
36976582133	build	completed	success	2026-10-02T07:03:31Z	2026-10-02T07:05:22Z	2026-10-02T07:12:39Z	macos-15-xlarge	GitHub Actions 1000016474
36976582133	remote-daemon-tests	completed	success	2026-10-02T07:03:31Z	2026-10-02T07:03:34Z	2026-10-02T07:04:18Z	ubuntu-latest	GitHub Actions 1000016470
36976582133	web-typecheck	completed	success	2026-10-02T07:03:31Z	2026-10-02T07:03:34Z	2026-10-02T07:03:49Z	ubuntu-latest	GitHub Actions 1000016471
36976582162	build-ghosttykit	completed	success	2026-10-02T07:03:31Z	2026-10-02T07:26:24Z	2026-10-02T07:26:44Z	macos-15	GitHub Actions 1000016509
36976582188	mailbox-unit	completed	success	2026-10-02T07:03:52Z	2026-10-02T07:26:34Z	2026-10-02T07:31:08Z	macos-15-xlarge	GitHub Actions 1000016510
36976582188	python-syntax	completed	success	2026-10-02T07:03:52Z	2026-10-02T07:03:55Z	2026-10-02T07:04:02Z	ubuntu-latest	GitHub Actions 1000016473
36976582305	compat-tests (macos-15, 30, true, false)	completed	success	2026-10-02T07:03:31Z	2026-10-02T07:08:22Z	2026-10-02T07:17:07Z	macos-15	GitHub Actions 1000016478
36977288341	compat-tests (macos-15, 30, true, false)	completed	success	2026-10-02T07:11:42Z	2026-10-02T07:18:25Z	2026-10-02T07:28:38Z	macos-15	GitHub Actions 1000016505
36977288354	web-typecheck	completed	success	2026-10-02T07:11:43Z	2026-10-02T07:11:46Z	2026-10-02T07:12:01Z	ubuntu-latest	GitHub Actions 1000016480
36977288354	build	completed	success	2026-10-02T07:11:43Z	2026-10-02T07:18:03Z	2026-10-02T07:26:16Z	macos-15-xlarge	GitHub Actions 1000016503
36977288354	workflow-guard-tests	completed	success	2026-10-02T07:11:43Z	2026-10-02T07:11:46Z	2026-10-02T07:12:08Z	ubuntu-latest	GitHub Actions 1000016482
36977288354	remote-daemon-tests	completed	success	2026-10-02T07:11:43Z	2026-10-02T07:11:46Z	2026-10-02T07:12:27Z	ubuntu-latest	GitHub Actions 1000016481
36977288391	build-ghosttykit	completed	success	2026-10-02T07:11:42Z	2026-10-02T07:12:48Z	2026-10-02T07:13:08Z	macos-15	GitHub Actions 1000016485
36977551264	build-ghosttykit	completed	success	2026-10-02T07:14:45Z	2026-10-02T07:17:54Z	2026-10-02T07:18:16Z	macos-15	GitHub Actions 1000016502
36977551290	compat-tests (macos-15, 30, true, false)	completed	success	2026-10-02T07:14:45Z	2026-10-02T07:35:34Z	2026-10-02T07:45:07Z	macos-15	GitHub Actions 1000016533
36977551311	web-typecheck	completed	success	2026-10-02T07:14:45Z	2026-10-02T07:14:48Z	2026-10-02T07:15:05Z	ubuntu-latest	GitHub Actions 1000016492
36977551311	build	completed	success	2026-10-02T07:14:45Z	2026-10-02T07:27:12Z	2026-10-02T07:35:05Z	macos-15-xlarge	GitHub Actions 1000016516
36977551311	workflow-guard-tests	completed	success	2026-10-02T07:14:45Z	2026-10-02T07:14:47Z	2026-10-02T07:15:06Z	ubuntu-latest	GitHub Actions 1000016493
36977551311	remote-daemon-tests	completed	success	2026-10-02T07:14:45Z	2026-10-02T07:14:48Z	2026-10-02T07:15:28Z	ubuntu-latest	GitHub Actions 1000016494
36977572924	mailbox-unit	completed	success	2026-10-02T07:15:00Z	2026-10-02T07:16:39Z	2026-10-02T07:21:17Z	macos-15-xlarge	GitHub Actions 1000016496
36977572924	python-syntax	completed	success	2026-10-02T07:15:00Z	2026-10-02T07:15:04Z	2026-10-02T07:15:11Z	ubuntu-latest	GitHub Actions 1000016495
36977797676	compat-tests (macos-15, 30, true, false)	completed	success	2026-10-02T07:17:36Z	2026-10-02T07:31:37Z	2026-10-02T07:39:45Z	macos-15	GitHub Actions 1000016526
36977797758	web-typecheck	completed	success	2026-10-02T07:17:36Z	2026-10-02T07:17:39Z	2026-10-02T07:17:54Z	ubuntu-latest	GitHub Actions 1000016499
36977797758	remote-daemon-tests	completed	success	2026-10-02T07:17:36Z	2026-10-02T07:17:40Z	2026-10-02T07:18:23Z	ubuntu-latest	GitHub Actions 1000016500
36977797758	workflow-guard-tests	completed	success	2026-10-02T07:17:36Z	2026-10-02T07:17:39Z	2026-10-02T07:18:00Z	ubuntu-latest	GitHub Actions 1000016501
36977797758	build	completed	success	2026-10-02T07:17:36Z	2026-10-02T07:28:44Z	2026-10-02T07:35:24Z	macos-15-xlarge	GitHub Actions 1000016523
36977797787	build-ghosttykit	completed	cancelled	2026-10-02T07:17:36Z	2026-10-02T07:17:36Z	2026-10-02T07:57:29Z	macos-15	
36977797828	mailbox-unit	completed	success	2026-10-02T07:17:36Z	2026-10-02T07:28:02Z	2026-10-02T07:32:32Z	macos-15-xlarge	GitHub Actions 1000016522
36977797828	python-syntax	completed	success	2026-10-02T07:17:36Z	2026-10-02T07:17:39Z	2026-10-02T07:17:45Z	ubuntu-latest	GitHub Actions 1000016498
36978278155	build-ghosttykit	completed	success	2026-10-02T07:23:12Z	2026-10-02T07:42:22Z	2026-10-02T07:42:45Z	macos-15	GitHub Actions 1000016567
36978278159	compat-tests (macos-15, 30, true, false)	completed	success	2026-10-02T07:27:08Z	2026-10-02T07:35:33Z	2026-10-02T07:45:15Z	macos-15	GitHub Actions 1000016532
36978278173	remote-daemon-tests	completed	success	2026-10-02T07:26:30Z	2026-10-02T07:26:33Z	2026-10-02T07:27:13Z	ubuntu-latest	GitHub Actions 1000016513
36978278173	workflow-guard-tests	completed	success	2026-10-02T07:26:30Z	2026-10-02T07:26:33Z	2026-10-02T07:26:59Z	ubuntu-latest	GitHub Actions 1000016511
36978278173	web-typecheck	completed	success	2026-10-02T07:26:30Z	2026-10-02T07:26:33Z	2026-10-02T07:26:47Z	ubuntu-latest	GitHub Actions 1000016512
36978278173	build	completed	success	2026-10-02T07:26:30Z	2026-10-02T07:50:56Z	2026-10-02T07:57:15Z	macos-15-xlarge	GitHub Actions 1000016583
36978613031	mailbox-unit	completed	success	2026-10-02T07:27:02Z	2026-10-02T07:31:14Z	2026-10-02T07:35:23Z	macos-15-xlarge	GitHub Actions 1000016525
36978613031	python-syntax	completed	success	2026-10-02T07:27:02Z	2026-10-02T07:27:05Z	2026-10-02T07:27:12Z	ubuntu-latest	GitHub Actions 1000016515
36978639017	mailbox-unit	completed	success	2026-10-02T07:27:20Z	2026-10-02T07:39:50Z	2026-10-02T07:43:59Z	macos-15-xlarge	GitHub Actions 1000016563
36978639017	python-syntax	completed	success	2026-10-02T07:27:20Z	2026-10-02T07:27:23Z	2026-10-02T07:27:32Z	ubuntu-latest	GitHub Actions 1000016517
36978642501	compat-tests (macos-15, 30, true, false)	completed	success	2026-10-02T07:27:23Z	2026-10-02T07:35:15Z	2026-10-02T07:43:33Z	macos-15	GitHub Actions 1000016530
36978642510	python-syntax	completed	success	2026-10-02T07:27:23Z	2026-10-02T07:27:27Z	2026-10-02T07:27:36Z	ubuntu-latest	GitHub Actions 1000016519
36978642510	mailbox-unit	completed	success	2026-10-02T07:27:23Z	2026-10-02T07:32:38Z	2026-10-02T07:37:16Z	macos-15-xlarge	GitHub Actions 1000016527
36978642544	workflow-guard-tests	completed	success	2026-10-02T07:27:23Z	2026-10-02T07:27:25Z	2026-10-02T07:27:43Z	ubuntu-latest	GitHub Actions 1000016518
36978642544	web-typecheck	completed	success	2026-10-02T07:27:23Z	2026-10-02T07:27:26Z	2026-10-02T07:27:42Z	ubuntu-latest	GitHub Actions 1000016520
36978642544	remote-daemon-tests	completed	success	2026-10-02T07:27:23Z	2026-10-02T07:27:27Z	2026-10-02T07:28:13Z	ubuntu-latest	GitHub Actions 1000016521
36978642544	build	completed	success	2026-10-02T07:27:23Z	2026-10-02T07:49:13Z	2026-10-02T07:55:31Z	macos-15-xlarge	GitHub Actions 1000016581
36978642565	build-ghosttykit	completed	success	2026-10-02T07:27:23Z	2026-10-02T07:41:49Z	2026-10-02T07:42:12Z	macos-15	GitHub Actions 1000016565
36979204673	compat-tests (macos-15, 30, true, false)	completed	success	2026-10-02T07:45:16Z	2026-10-02T07:48:09Z	2026-10-02T07:58:39Z	macos-15	GitHub Actions 1000016578
36979204685	build-ghosttykit	completed	success	2026-10-02T07:42:46Z	2026-10-02T07:45:24Z	2026-10-02T07:45:41Z	macos-15	GitHub Actions 1000016572
36979204732	mailbox-unit	completed	success	2026-10-02T07:33:43Z	2026-10-02T07:42:50Z	2026-10-02T07:47:59Z	macos-15-xlarge	GitHub Actions 1000016568
36979204732	python-syntax	completed	success	2026-10-02T07:33:43Z	2026-10-02T07:33:45Z	2026-10-02T07:33:54Z	ubuntu-latest	GitHub Actions 1000016529
36979587833	build-ghosttykit	completed	success	2026-10-02T07:38:01Z	2026-10-02T07:48:46Z	2026-10-02T07:49:08Z	macos-15	GitHub Actions 1000016580
36979587856	remote-daemon-tests	completed	success	2026-10-02T07:38:01Z	2026-10-02T07:38:04Z	2026-10-02T07:38:39Z	ubuntu-latest	GitHub Actions 1000016561
36979587856	web-typecheck	completed	success	2026-10-02T07:38:01Z	2026-10-02T07:38:05Z	2026-10-02T07:38:20Z	ubuntu-latest	GitHub Actions 1000016560
36979587856	workflow-guard-tests	completed	success	2026-10-02T07:38:01Z	2026-10-02T07:38:04Z	2026-10-02T07:38:25Z	ubuntu-latest	GitHub Actions 1000016562
36979587856	build	completed	success	2026-10-02T07:38:01Z	2026-10-02T07:47:57Z	2026-10-02T07:56:13Z	macos-15-xlarge	GitHub Actions 1000016577
36979587882	python-syntax	completed	success	2026-10-02T07:38:01Z	2026-10-02T07:38:03Z	2026-10-02T07:38:13Z	ubuntu-latest	GitHub Actions 1000016559
36979587882	mailbox-unit	completed	success	2026-10-02T07:38:01Z	2026-10-02T07:44:05Z	2026-10-02T07:48:38Z	macos-15-xlarge	GitHub Actions 1000016570
36979587914	compat-tests (macos-15, 30, true, false)	completed	success	2026-10-02T07:38:01Z	2026-10-02T07:45:14Z	2026-10-02T07:54:25Z	macos-15	GitHub Actions 1000016571
36979802309	mailbox-unit	completed	success	2026-10-02T07:40:26Z	2026-10-02T07:43:39Z	2026-10-02T07:47:52Z	macos-15-xlarge	GitHub Actions 1000016569
36979802309	python-syntax	completed	success	2026-10-02T07:40:26Z	2026-10-02T07:40:29Z	2026-10-02T07:40:36Z	ubuntu-latest	GitHub Actions 1000016564
36979934435	mailbox-unit	completed	success	2026-10-02T07:41:53Z	2026-10-02T07:45:46Z	2026-10-02T07:50:50Z	macos-15-xlarge	GitHub Actions 1000016573
36979934435	python-syntax	completed	success	2026-10-02T07:41:53Z	2026-10-02T07:41:56Z	2026-10-02T07:42:03Z	ubuntu-latest	GitHub Actions 1000016566
36980318149	build-ghosttykit	completed	success	2026-10-02T07:46:11Z	2026-10-02T08:01:39Z	2026-10-02T08:01:59Z	macos-15	GitHub Actions 1000016608
36980318160	compat-tests (macos-15, 30, true, false)	completed	success	2026-10-02T07:46:11Z	2026-10-02T08:02:07Z	2026-10-02T08:11:46Z	macos-15	GitHub Actions 1000016610
36980318254	remote-daemon-tests	completed	success	2026-10-02T07:46:11Z	2026-10-02T07:46:14Z	2026-10-02T07:46:55Z	ubuntu-latest	GitHub Actions 1000016574
36980318254	web-typecheck	completed	success	2026-10-02T07:46:11Z	2026-10-02T07:46:16Z	2026-10-02T07:46:34Z	ubuntu-latest	GitHub Actions 1000016575
36980318254	workflow-guard-tests	completed	success	2026-10-02T07:46:11Z	2026-10-02T07:46:16Z	2026-10-02T07:46:37Z	ubuntu-latest	GitHub Actions 1000016576
36980318254	build	completed	failure	2026-10-02T07:46:11Z	2026-10-02T07:57:20Z	2026-10-02T08:02:54Z	macos-15-xlarge	GitHub Actions 1000016597
36980503488	mailbox-unit	completed	success	2026-10-02T07:48:17Z	2026-10-02T08:02:59Z	2026-10-02T08:07:19Z	macos-15-xlarge	GitHub Actions 1000016614
36980503488	python-syntax	completed	success	2026-10-02T07:48:17Z	2026-10-02T07:48:20Z	2026-10-02T07:48:27Z	ubuntu-latest	GitHub Actions 1000016579
36980641696	build-ghosttykit	completed	success	2026-10-02T07:49:51Z	2026-10-02T07:56:22Z	2026-10-02T07:56:40Z	macos-15	GitHub Actions 1000016593
36980892018	mailbox-unit	completed	success	2026-10-02T07:52:39Z	2026-10-02T08:11:42Z	2026-10-02T08:16:43Z	macos-15-xlarge	GitHub Actions 1000016624
36980892018	python-syntax	completed	success	2026-10-02T07:52:39Z	2026-10-02T07:52:42Z	2026-10-02T07:52:49Z	ubuntu-latest	GitHub Actions 1000016587
36980892021	compat-tests (macos-15, 30, true, false)	completed	success	2026-10-02T07:52:38Z	2026-10-02T07:54:34Z	2026-10-02T08:03:31Z	macos-15	GitHub Actions 1000016588
36980892022	remote-daemon-tests	completed	success	2026-10-02T07:52:38Z	2026-10-02T07:52:41Z	2026-10-02T07:53:24Z	ubuntu-latest	GitHub Actions 1000016584
36980892022	workflow-guard-tests	completed	success	2026-10-02T07:52:38Z	2026-10-02T07:52:43Z	2026-10-02T07:53:05Z	ubuntu-latest	GitHub Actions 1000016586
36980892022	web-typecheck	completed	success	2026-10-02T07:52:38Z	2026-10-02T07:52:41Z	2026-10-02T07:52:56Z	ubuntu-latest	GitHub Actions 1000016585
36980892022	build	completed	success	2026-10-02T07:52:38Z	2026-10-02T07:55:36Z	2026-10-02T08:03:16Z	macos-15-xlarge	GitHub Actions 1000016590
36980892043	build-ghosttykit	completed	success	2026-10-02T07:52:38Z	2026-10-02T07:56:46Z	2026-10-02T07:57:04Z	macos-15	GitHub Actions 1000016594
36981153023	mailbox-unit	completed	success	2026-10-02T07:55:31Z	2026-10-02T07:57:09Z	2026-10-02T08:01:31Z	macos-15-xlarge	GitHub Actions 1000016596
36981153023	python-syntax	completed	success	2026-10-02T07:55:31Z	2026-10-02T07:55:34Z	2026-10-02T07:55:45Z	ubuntu-latest	GitHub Actions 1000016591
36981218949	compat-tests (macos-15, 30, true, false)	completed	success	2026-10-02T07:58:40Z	2026-10-02T08:09:35Z	2026-10-02T08:18:41Z	macos-15	GitHub Actions 1000016623
36981218960	mailbox-unit	completed	success	2026-10-02T08:01:31Z	2026-10-02T08:04:37Z	2026-10-02T08:09:27Z	macos-15-xlarge	GitHub Actions 1000016619
36981218960	python-syntax	completed	success	2026-10-02T08:01:31Z	2026-10-02T08:01:35Z	2026-10-02T08:01:45Z	ubuntu-latest	GitHub Actions 1000016609
36981219014	build-ghosttykit	completed	success	2026-10-02T07:56:41Z	2026-10-02T08:04:11Z	2026-10-02T08:04:32Z	macos-15	GitHub Actions 1000016617
36981219054	workflow-guard-tests	completed	success	2026-10-02T07:57:15Z	2026-10-02T07:57:18Z	2026-10-02T07:57:46Z	ubuntu-latest	GitHub Actions 1000016598
36981219054	remote-daemon-tests	completed	success	2026-10-02T07:57:15Z	2026-10-02T07:57:18Z	2026-10-02T07:57:59Z	ubuntu-latest	GitHub Actions 1000016600
36981219054	web-typecheck	completed	success	2026-10-02T07:57:15Z	2026-10-02T07:57:18Z	2026-10-02T07:57:34Z	ubuntu-latest	GitHub Actions 1000016599
36981219054	build	completed	success	2026-10-02T07:57:15Z	2026-10-02T08:12:22Z	2026-10-02T08:20:13Z	macos-15-xlarge	GitHub Actions 1000016626
36981266805	mailbox-unit	completed	cancelled	2026-10-02T07:56:46Z	2026-10-02T07:56:46Z	2026-10-02T08:04:08Z	macos-15-xlarge	
36981266805	python-syntax	completed	success	2026-10-02T07:56:46Z	2026-10-02T07:56:49Z	2026-10-02T07:56:57Z	ubuntu-latest	GitHub Actions 1000016595
36981326449	python-syntax	completed	success	2026-10-02T07:57:27Z	2026-10-02T07:57:30Z	2026-10-02T07:57:41Z	ubuntu-latest	GitHub Actions 1000016601
36981326449	mailbox-unit	completed	success	2026-10-02T07:57:27Z	2026-10-02T07:59:12Z	2026-10-02T08:04:02Z	macos-15-xlarge	GitHub Actions 1000016607
36981329848	remote-daemon-tests	completed	success	2026-10-02T07:57:29Z	2026-10-02T07:57:33Z	2026-10-02T07:58:15Z	ubuntu-latest	GitHub Actions 1000016604
36981329848	workflow-guard-tests	completed	success	2026-10-02T07:57:29Z	2026-10-02T07:57:32Z	2026-10-02T07:57:55Z	ubuntu-latest	GitHub Actions 1000016605
36981329848	web-typecheck	completed	success	2026-10-02T07:57:29Z	2026-10-02T07:57:32Z	2026-10-02T07:57:47Z	ubuntu-latest	GitHub Actions 1000016603
36981329848	build	completed	success	2026-10-02T07:57:29Z	2026-10-02T08:03:21Z	2026-10-02T08:11:34Z	macos-15-xlarge	GitHub Actions 1000016615
36981329851	python-syntax	completed	success	2026-10-02T07:57:29Z	2026-10-02T07:57:32Z	2026-10-02T07:57:40Z	ubuntu-latest	GitHub Actions 1000016602
36981329851	mailbox-unit	completed	success	2026-10-02T07:57:29Z	2026-10-02T08:03:36Z	2026-10-02T08:08:17Z	macos-15-xlarge	GitHub Actions 1000016616
36981329885	build-ghosttykit	completed	success	2026-10-02T07:57:30Z	2026-10-02T07:58:47Z	2026-10-02T07:59:07Z	macos-15	GitHub Actions 1000016606
36981329995	compat-tests (macos-15, 30, true, false)	completed	success	2026-10-02T07:57:29Z	2026-10-02T08:07:29Z	2026-10-02T08:15:52Z	macos-15	GitHub Actions 1000016620
36981540462	python-syntax	completed	success	2026-10-02T08:07:20Z	2026-10-02T08:07:22Z	2026-10-02T08:07:29Z	ubuntu-latest	GitHub Actions 1000016621
36981540462	mailbox-unit	completed	success	2026-10-02T08:07:20Z	2026-10-02T08:18:46Z	2026-10-02T08:23:27Z	macos-15-xlarge	GitHub Actions 1000016633
36981752721	mailbox-unit	completed	success	2026-10-02T08:04:09Z	2026-10-02T08:08:23Z	2026-10-02T08:12:32Z	macos-15-xlarge	GitHub Actions 1000016622
36981752721	python-syntax	completed	success	2026-10-02T08:04:09Z	2026-10-02T08:04:12Z	2026-10-02T08:04:25Z	ubuntu-latest	GitHub Actions 1000016618
36981758334	compat-tests (macos-15, 30, true, false)	completed	success	2026-10-02T08:02:06Z	2026-10-02T08:12:41Z	2026-10-02T08:22:12Z	macos-15	GitHub Actions 1000016627
36981758440	web-typecheck	completed	success	2026-10-02T08:02:06Z	2026-10-02T08:02:10Z	2026-10-02T08:02:26Z	ubuntu-latest	GitHub Actions 1000016611
36981758440	workflow-guard-tests	completed	success	2026-10-02T08:02:06Z	2026-10-02T08:02:09Z	2026-10-02T08:02:29Z	ubuntu-latest	GitHub Actions 1000016613
36981758440	build	completed	success	2026-10-02T08:02:06Z	2026-10-02T08:16:48Z	2026-10-02T08:24:07Z	macos-15-xlarge	GitHub Actions 1000016632
36981758440	remote-daemon-tests	completed	success	2026-10-02T08:02:06Z	2026-10-02T08:02:09Z	2026-10-02T08:02:49Z	ubuntu-latest	GitHub Actions 1000016612
36981758490	build-ghosttykit	completed	success	2026-10-02T08:02:06Z	2026-10-02T08:11:56Z	2026-10-02T08:12:17Z	macos-15	GitHub Actions 1000016625
36982914848	remote-daemon-tests	completed	success	2026-10-02T08:14:25Z	2026-10-02T08:14:28Z	2026-10-02T08:15:08Z	ubuntu-latest	GitHub Actions 1000016628
36982914848	build	completed	success	2026-10-02T08:14:25Z	2026-10-02T08:15:57Z	2026-10-02T08:23:29Z	macos-15-xlarge	GitHub Actions 1000016631
36982914848	web-typecheck	completed	success	2026-10-02T08:14:25Z	2026-10-02T08:14:28Z	2026-10-02T08:14:42Z	ubuntu-latest	GitHub Actions 1000016629
36982914848	workflow-guard-tests	completed	success	2026-10-02T08:14:25Z	2026-10-02T08:14:28Z	2026-10-02T08:14:48Z	ubuntu-latest	GitHub Actions 1000016630
36982914862	build-ghosttykit	completed	success	2026-10-02T08:14:25Z	2026-10-02T08:20:24Z	2026-10-02T08:20:44Z	macos-15	GitHub Actions 1000016635
36982914940	compat-tests (macos-15, 30, true, false)	completed	success	2026-10-02T08:14:25Z	2026-10-02T08:22:19Z	2026-10-02T08:30:34Z	macos-15	GitHub Actions 1000016637
36983345394	python-syntax	completed	success	2026-10-02T08:19:06Z	2026-10-02T08:19:09Z	2026-10-02T08:19:19Z	ubuntu-latest	GitHub Actions 1000016634
36983345394	mailbox-unit	completed	success	2026-10-02T08:19:06Z	2026-10-02T08:20:49Z	2026-10-02T08:25:33Z	macos-15-xlarge	GitHub Actions 1000016636
36983871633	web-typecheck	completed	success	2026-10-02T08:24:43Z	2026-10-02T08:24:46Z	2026-10-02T08:25:02Z	ubuntu-latest	GitHub Actions 1000016639
36983871633	remote-daemon-tests	completed	success	2026-10-02T08:24:43Z	2026-10-02T08:24:47Z	2026-10-02T08:25:21Z	ubuntu-latest	GitHub Actions 1000016645
36983871633	workflow-guard-tests	completed	success	2026-10-02T08:24:43Z	2026-10-02T08:24:46Z	2026-10-02T08:25:07Z	ubuntu-latest	GitHub Actions 1000016640
36983871633	build	completed	success	2026-10-02T08:24:43Z	2026-10-02T08:25:15Z	2026-10-02T08:33:26Z	macos-15-xlarge	GitHub Actions 1000016646
36983871677	mailbox-unit	completed	success	2026-10-02T08:24:43Z	2026-10-02T08:24:49Z	2026-10-02T08:29:01Z	macos-15-xlarge	GitHub Actions 1000016642
36983871677	python-syntax	completed	success	2026-10-02T08:24:43Z	2026-10-02T08:24:46Z	2026-10-02T08:24:54Z	ubuntu-latest	GitHub Actions 1000016641
36983871694	build-ghosttykit	completed	success	2026-10-02T08:24:43Z	2026-10-02T08:24:50Z	2026-10-02T08:25:10Z	macos-15	GitHub Actions 1000016644
36983871718	compat-tests (macos-15, 30, true, false)	completed	success	2026-10-02T08:24:43Z	2026-10-02T08:24:52Z	2026-10-02T08:33:46Z	macos-15	GitHub Actions 1000016643
36984056221	build-ghosttykit	completed	success	2026-10-02T08:26:40Z	2026-10-02T08:26:48Z	2026-10-02T08:27:11Z	macos-15	GitHub Actions 1000016649
36984285724	python-syntax	completed	success	2026-10-02T08:29:10Z	2026-10-02T08:29:13Z	2026-10-02T08:29:22Z	ubuntu-latest	GitHub Actions 1000016650
36984285724	mailbox-unit	completed	success	2026-10-02T08:29:10Z	2026-10-02T08:29:16Z	2026-10-02T08:33:31Z	macos-15-xlarge	GitHub Actions 1000016651
36984311393	python-syntax	completed	success	2026-10-02T08:29:27Z	2026-10-02T08:29:29Z	2026-10-02T08:29:37Z	ubuntu-latest	GitHub Actions 1000016652
36984311393	mailbox-unit	completed	success	2026-10-02T08:29:27Z	2026-10-02T08:29:35Z	2026-10-02T08:34:21Z	macos-15-xlarge	GitHub Actions 1000016653
36984470591	compat-tests (macos-15, 30, true, false)	completed	success	2026-10-02T08:33:47Z	2026-10-02T08:34:02Z	2026-10-02T08:42:57Z	macos-15	GitHub Actions 1000016667
36984470594	build-ghosttykit	completed	success	2026-10-02T08:31:02Z	2026-10-02T08:31:16Z	2026-10-02T08:31:43Z	macos-15	GitHub Actions 1000016655
36984470597	workflow-guard-tests	completed	success	2026-10-02T08:33:27Z	2026-10-02T08:33:30Z	2026-10-02T08:33:52Z	ubuntu-latest	GitHub Actions 1000016662
36984470597	build	completed	success	2026-10-02T08:33:27Z	2026-10-02T08:33:53Z	2026-10-02T08:41:26Z	macos-15-xlarge	GitHub Actions 1000016666
36984470597	remote-daemon-tests	completed	success	2026-10-02T08:33:27Z	2026-10-02T08:33:31Z	2026-10-02T08:34:11Z	ubuntu-latest	GitHub Actions 1000016663
36984470597	web-typecheck	completed	success	2026-10-02T08:33:27Z	2026-10-02T08:33:31Z	2026-10-02T08:33:48Z	ubuntu-latest	GitHub Actions 1000016664
36984670535	python-syntax	completed	success	2026-10-02T08:33:07Z	2026-10-02T08:33:11Z	2026-10-02T08:33:21Z	ubuntu-latest	GitHub Actions 1000016658
36984670535	mailbox-unit	completed	success	2026-10-02T08:33:07Z	2026-10-02T08:34:26Z	2026-10-02T08:38:32Z	macos-15-xlarge	GitHub Actions 1000016668
36984670540	compat-tests (macos-15, 30, true, false)	completed	success	2026-10-02T08:33:07Z	2026-10-02T08:33:34Z	2026-10-02T08:43:47Z	macos-15	GitHub Actions 1000016661
36984670622	web-typecheck	completed	success	2026-10-02T08:33:07Z	2026-10-02T08:33:10Z	2026-10-02T08:33:27Z	ubuntu-latest	GitHub Actions 1000016656
36984670622	workflow-guard-tests	completed	success	2026-10-02T08:33:07Z	2026-10-02T08:33:11Z	2026-10-02T08:33:34Z	ubuntu-latest	GitHub Actions 1000016657
36984670622	build	completed	success	2026-10-02T08:33:07Z	2026-10-02T08:33:13Z	2026-10-02T08:40:29Z	macos-15-xlarge	GitHub Actions 1000016659
36984670622	remote-daemon-tests	completed	success	2026-10-02T08:33:07Z	2026-10-02T08:33:12Z	2026-10-02T08:33:55Z	ubuntu-latest	GitHub Actions 1000016660
36984670636	build-ghosttykit	completed	success	2026-10-02T08:33:07Z	2026-10-02T08:33:37Z	2026-10-02T08:33:52Z	macos-15	GitHub Actions 1000016665
36984881342	python-syntax	completed	success	2026-10-02T08:35:16Z	2026-10-02T08:35:20Z	2026-10-02T08:35:29Z	ubuntu-latest	GitHub Actions 1000016669
36984881342	mailbox-unit	completed	success	2026-10-02T08:35:16Z	2026-10-02T08:40:34Z	2026-10-02T08:45:13Z	macos-15-xlarge	GitHub Actions 1000016678
36984901580	python-syntax	completed	success	2026-10-02T08:35:28Z	2026-10-02T08:35:31Z	2026-10-02T08:35:41Z	ubuntu-latest	GitHub Actions 1000016670
36984901580	mailbox-unit	completed	success	2026-10-02T08:35:28Z	2026-10-02T08:43:27Z	2026-10-02T08:48:09Z	macos-15-xlarge	GitHub Actions 1000016684
36985036127	python-syntax	completed	success	2026-10-02T08:36:52Z	2026-10-02T08:36:54Z	2026-10-02T08:37:02Z	ubuntu-latest	GitHub Actions 1000016671
36985036127	mailbox-unit	completed	success	2026-10-02T08:36:52Z	2026-10-02T08:46:00Z	2026-10-02T08:50:12Z	macos-15-xlarge	GitHub Actions 1000016687
36985036211	compat-tests (macos-15, 30, true, false)	completed	success	2026-10-02T08:36:52Z	2026-10-02T08:38:40Z	2026-10-02T08:47:35Z	macos-15	GitHub Actions 1000016676
36985036346	build-ghosttykit	completed	success	2026-10-02T08:36:52Z	2026-10-02T08:50:20Z	2026-10-02T08:50:47Z	macos-15	GitHub Actions 1000016690
36985036358	remote-daemon-tests	completed	success	2026-10-02T08:36:52Z	2026-10-02T08:36:55Z	2026-10-02T08:37:42Z	ubuntu-latest	GitHub Actions 1000016672
36985036358	build	completed	success	2026-10-02T08:36:52Z	2026-10-02T08:43:52Z	2026-10-02T08:52:16Z	macos-15-xlarge	GitHub Actions 1000016685
36985036358	workflow-guard-tests	completed	success	2026-10-02T08:36:52Z	2026-10-02T08:36:55Z	2026-10-02T08:37:14Z	ubuntu-latest	GitHub Actions 1000016674
36985036358	web-typecheck	completed	success	2026-10-02T08:36:52Z	2026-10-02T08:36:55Z	2026-10-02T08:37:12Z	ubuntu-latest	GitHub Actions 1000016673
36985059197	build-ghosttykit	completed	success	2026-10-02T08:37:07Z	2026-10-02T08:43:05Z	2026-10-02T08:43:22Z	macos-15	GitHub Actions 1000016683
36985059226	web-typecheck	completed	success	2026-10-02T08:41:27Z	2026-10-02T08:41:30Z	2026-10-02T08:41:46Z	ubuntu-latest	GitHub Actions 1000016680
36985059226	build	completed	success	2026-10-02T08:41:27Z	2026-10-02T08:48:14Z	2026-10-02T08:57:11Z	macos-15-xlarge	GitHub Actions 1000016689
36985059226	workflow-guard-tests	completed	success	2026-10-02T08:41:27Z	2026-10-02T08:41:30Z	2026-10-02T08:41:50Z	ubuntu-latest	GitHub Actions 1000016682
36985059226	remote-daemon-tests	completed	success	2026-10-02T08:41:27Z	2026-10-02T08:41:30Z	2026-10-02T08:42:08Z	ubuntu-latest	GitHub Actions 1000016681
36985059236	compat-tests (macos-15, 30, true, false)	completed	success	2026-10-02T08:42:58Z	2026-10-02T08:47:41Z	2026-10-02T08:56:21Z	macos-15	GitHub Actions 1000016688
36985228043	python-syntax	completed	success	2026-10-02T08:38:54Z	2026-10-02T08:38:57Z	2026-10-02T08:39:03Z	ubuntu-latest	GitHub Actions 1000016677
36985228043	mailbox-unit	completed	success	2026-10-02T08:38:54Z	2026-10-02T08:41:32Z	2026-10-02T08:45:54Z	macos-15-xlarge	GitHub Actions 1000016679
36985327649	sign	completed	success	2026-10-02T08:39:58Z	2026-10-02T08:45:18Z	2026-10-02T08:57:02Z	macos-15-xlarge	GitHub Actions 1000016686
36985330895	sign	completed	success	2026-10-02T08:40:00Z	2026-10-02T08:50:53Z	2026-10-02T09:02:41Z	macos-15-xlarge	GitHub Actions 1000016692
36986368555	python-syntax	completed	success	2026-10-02T08:50:46Z	2026-10-02T08:50:49Z	2026-10-02T08:50:58Z	ubuntu-latest	GitHub Actions 1000016691
36986368555	mailbox-unit	completed	success	2026-10-02T08:50:46Z	2026-10-02T08:52:21Z	2026-10-02T08:57:11Z	macos-15-xlarge	GitHub Actions 1000016694
36986469513	mailbox-unit	completed	success	2026-10-02T08:51:51Z	2026-10-02T08:56:26Z	2026-10-02T09:00:29Z	macos-15-xlarge	GitHub Actions 1000016697
36986469513	python-syntax	completed	success	2026-10-02T08:51:51Z	2026-10-02T08:51:54Z	2026-10-02T08:52:01Z	ubuntu-latest	GitHub Actions 1000016693
36986647181	workflow-guard-tests	completed	success	2026-10-02T08:57:12Z	2026-10-02T08:57:15Z	2026-10-02T08:57:35Z	ubuntu-latest	GitHub Actions 1000016701
36986647181	build	completed	success	2026-10-02T08:57:12Z	2026-10-02T08:57:44Z	2026-10-02T09:05:14Z	macos-15-xlarge	GitHub Actions 1000016704
36986647181	web-typecheck	completed	success	2026-10-02T08:57:12Z	2026-10-02T08:57:16Z	2026-10-02T08:57:35Z	ubuntu-latest	GitHub Actions 1000016702
36986647181	remote-daemon-tests	completed	success	2026-10-02T08:57:12Z	2026-10-02T08:57:15Z	2026-10-02T08:58:31Z	ubuntu-latest	GitHub Actions 1000016703
36986647200	compat-tests (macos-15, 30, true, false)	completed	success	2026-10-02T08:56:22Z	2026-10-02T08:57:18Z	2026-10-02T09:04:28Z	macos-15	GitHub Actions 1000016699
36986647279	mailbox-unit	completed	success	2026-10-02T08:53:46Z	2026-10-02T08:57:07Z	2026-10-02T09:01:51Z	macos-15-xlarge	GitHub Actions 1000016698
36986647279	python-syntax	completed	success	2026-10-02T08:53:46Z	2026-10-02T08:53:51Z	2026-10-02T08:54:00Z	ubuntu-latest	GitHub Actions 1000016696
36986647290	build-ghosttykit	completed	success	2026-10-02T08:53:46Z	2026-10-02T08:57:19Z	2026-10-02T08:57:37Z	macos-15	GitHub Actions 1000016700
36987108700	compat-tests (macos-15, 30, true, false)	completed	success	2026-10-02T08:58:37Z	2026-10-02T09:01:08Z	2026-10-02T09:09:49Z	macos-15	GitHub Actions 1000016711
36987108705	remote-daemon-tests	completed	success	2026-10-02T08:58:37Z	2026-10-02T08:58:40Z	2026-10-02T08:59:25Z	ubuntu-latest	GitHub Actions 1000016707
36987108705	workflow-guard-tests	completed	success	2026-10-02T08:58:38Z	2026-10-02T08:58:40Z	2026-10-02T08:59:04Z	ubuntu-latest	GitHub Actions 1000016706
36987108705	web-typecheck	completed	success	2026-10-02T08:58:38Z	2026-10-02T08:58:40Z	2026-10-02T08:58:54Z	ubuntu-latest	GitHub Actions 1000016708
36987108705	build	completed	success	2026-10-02T08:58:38Z	2026-10-02T09:01:56Z	2026-10-02T09:09:26Z	macos-15-xlarge	GitHub Actions 1000016712
36987108707	build-ghosttykit	completed	success	2026-10-02T08:58:37Z	2026-10-02T09:00:39Z	2026-10-02T09:01:00Z	macos-15	GitHub Actions 1000016709
36987108714	python-syntax	completed	success	2026-10-02T08:58:38Z	2026-10-02T08:58:40Z	2026-10-02T08:58:47Z	ubuntu-latest	GitHub Actions 1000016705
36987108714	mailbox-unit	completed	success	2026-10-02T08:58:38Z	2026-10-02T09:04:34Z	2026-10-02T09:08:36Z	macos-15-xlarge	GitHub Actions 1000016716
36987180126	mailbox-unit	completed	success	2026-10-02T09:00:30Z	2026-10-02T09:05:19Z	2026-10-02T09:09:23Z	macos-15-xlarge	GitHub Actions 1000016717
36987180126	python-syntax	completed	success	2026-10-02T09:00:30Z	2026-10-02T09:00:33Z	2026-10-02T09:00:42Z	ubuntu-latest	GitHub Actions 1000016710
36987426024	mailbox-unit	completed	success	2026-10-02T09:01:55Z	2026-10-02T09:06:45Z	2026-10-02T09:11:31Z	macos-15-xlarge	GitHub Actions 1000016718
36987426024	python-syntax	completed	success	2026-10-02T09:01:55Z	2026-10-02T09:01:58Z	2026-10-02T09:02:05Z	ubuntu-latest	GitHub Actions 1000016713
36987474494	python-syntax	completed	success	2026-10-02T09:02:25Z	2026-10-02T09:02:28Z	2026-10-02T09:02:38Z	ubuntu-latest	GitHub Actions 1000016714
36987474494	mailbox-unit	completed	success	2026-10-02T09:02:25Z	2026-10-02T09:02:46Z	2026-10-02T09:06:40Z	macos-15-xlarge	GitHub Actions 1000016715
36987911726	build	completed	cancelled	2026-10-02T09:06:54Z	2026-10-02T09:09:28Z	2026-10-02T09:16:44Z	macos-15-xlarge	GitHub Actions 1000016724
36987911726	remote-daemon-tests	completed	success	2026-10-02T09:06:54Z	2026-10-02T09:06:57Z	2026-10-02T09:07:41Z	ubuntu-latest	GitHub Actions 1000016719
36987911726	web-typecheck	completed	success	2026-10-02T09:06:54Z	2026-10-02T09:06:57Z	2026-10-02T09:07:17Z	ubuntu-latest	GitHub Actions 1000016720
36987911726	workflow-guard-tests	completed	success	2026-10-02T09:06:54Z	2026-10-02T09:06:58Z	2026-10-02T09:07:26Z	ubuntu-latest	GitHub Actions 1000016722
36987911748	build-ghosttykit	completed	success	2026-10-02T09:06:54Z	2026-10-02T09:09:34Z	2026-10-02T09:09:56Z	macos-15	GitHub Actions 1000016725
36987911759	mailbox-unit	completed	success	2026-10-02T09:06:54Z	2026-10-02T09:08:42Z	2026-10-02T09:13:31Z	macos-15-xlarge	GitHub Actions 1000016723
36987911759	python-syntax	completed	success	2026-10-02T09:06:54Z	2026-10-02T09:06:58Z	2026-10-02T09:07:07Z	ubuntu-latest	GitHub Actions 1000016721
36987911781	compat-tests (macos-15, 30, true, false)	completed	cancelled	2026-10-02T09:06:54Z	2026-10-02T09:09:58Z	2026-10-02T09:16:36Z	macos-15	GitHub Actions 1000016726
36988305033	build-ghosttykit	completed	success	2026-10-02T09:11:01Z	2026-10-02T09:13:37Z	2026-10-02T09:13:55Z	macos-15	GitHub Actions 1000016734
36988305042	compat-tests (macos-15, 30, true, false)	completed	success	2026-10-02T09:11:01Z	2026-10-02T09:11:08Z	2026-10-02T09:19:58Z	macos-15	GitHub Actions 1000016728
36988305184	build	completed	success	2026-10-02T09:11:01Z	2026-10-02T09:14:00Z	2026-10-02T09:21:26Z	macos-15-xlarge	GitHub Actions 1000016735
36988305184	remote-daemon-tests	completed	success	2026-10-02T09:11:01Z	2026-10-02T09:11:04Z	2026-10-02T09:11:42Z	ubuntu-latest	GitHub Actions 1000016729
36988305184	workflow-guard-tests	completed	success	2026-10-02T09:11:01Z	2026-10-02T09:11:06Z	2026-10-02T09:11:29Z	ubuntu-latest	GitHub Actions 1000016730
36988305184	web-typecheck	completed	success	2026-10-02T09:11:01Z	2026-10-02T09:11:05Z	2026-10-02T09:11:21Z	ubuntu-latest	GitHub Actions 1000016731
36988305242	mailbox-unit	completed	success	2026-10-02T09:11:01Z	2026-10-02T09:11:36Z	2026-10-02T09:15:52Z	macos-15-xlarge	GitHub Actions 1000016733
36988305242	python-syntax	completed	success	2026-10-02T09:11:01Z	2026-10-02T09:11:04Z	2026-10-02T09:11:11Z	ubuntu-latest	GitHub Actions 1000016732
36988724501	python-syntax	completed	success	2026-10-02T09:15:22Z	2026-10-02T09:15:25Z	2026-10-02T09:15:32Z	ubuntu-latest	GitHub Actions 1000016736
36988724501	mailbox-unit	completed	success	2026-10-02T09:15:23Z	2026-10-02T09:15:58Z	2026-10-02T09:21:13Z	macos-15-xlarge	GitHub Actions 1000016741
36988763223	compat-tests (macos-15, 30, true, false)	completed	success	2026-10-02T09:15:45Z	2026-10-02T09:16:44Z	2026-10-02T09:24:34Z	macos-15	GitHub Actions 1000016744
36988763282	build-ghosttykit	completed	success	2026-10-02T09:15:45Z	2026-10-02T09:25:56Z	2026-10-02T09:26:16Z	macos-15	GitHub Actions 1000016765
36988763346	mailbox-unit	completed	success	2026-10-02T09:15:45Z	2026-10-02T09:21:19Z	2026-10-02T09:26:07Z	macos-15-xlarge	GitHub Actions 1000016750
36988763346	python-syntax	completed	success	2026-10-02T09:15:45Z	2026-10-02T09:15:50Z	2026-10-02T09:15:56Z	ubuntu-latest	GitHub Actions 1000016737
36988763371	workflow-guard-tests	completed	success	2026-10-02T09:15:45Z	2026-10-02T09:15:48Z	2026-10-02T09:16:06Z	ubuntu-latest	GitHub Actions 1000016738
36988763371	web-typecheck	completed	success	2026-10-02T09:15:45Z	2026-10-02T09:15:48Z	2026-10-02T09:16:04Z	ubuntu-latest	GitHub Actions 1000016739
36988763371	build	completed	success	2026-10-02T09:15:45Z	2026-10-02T09:16:49Z	2026-10-02T09:25:47Z	macos-15-xlarge	GitHub Actions 1000016745
36988763371	remote-daemon-tests	completed	success	2026-10-02T09:15:45Z	2026-10-02T09:15:48Z	2026-10-02T09:16:28Z	ubuntu-latest	GitHub Actions 1000016740
36988787298	python-syntax	completed	success	2026-10-02T09:16:00Z	2026-10-02T09:16:03Z	2026-10-02T09:16:12Z	ubuntu-latest	GitHub Actions 1000016742
36988787298	mailbox-unit	completed	success	2026-10-02T09:16:00Z	2026-10-02T09:21:31Z	2026-10-02T09:25:35Z	macos-15-xlarge	GitHub Actions 1000016751
36988791558	build-ghosttykit	completed	success	2026-10-02T09:16:03Z	2026-10-02T09:25:18Z	2026-10-02T09:25:39Z	macos-15	GitHub Actions 1000016762
36988791562	mailbox-unit	completed	success	2026-10-02T09:16:03Z	2026-10-02T09:26:21Z	2026-10-02T09:31:12Z	macos-15-xlarge	GitHub Actions 1000016767
36988791562	python-syntax	completed	success	2026-10-02T09:16:03Z	2026-10-02T09:16:06Z	2026-10-02T09:16:15Z	ubuntu-latest	GitHub Actions 1000016743
36988791587	web-typecheck	completed	success	2026-10-02T09:16:45Z	2026-10-02T09:16:47Z	2026-10-02T09:17:03Z	ubuntu-latest	GitHub Actions 1000016746
36988791587	build	completed	success	2026-10-02T09:16:45Z	2026-10-02T09:20:03Z	2026-10-02T09:27:36Z	macos-15-xlarge	GitHub Actions 1000016749
36988791587	remote-daemon-tests	completed	success	2026-10-02T09:16:45Z	2026-10-02T09:16:51Z	2026-10-02T09:17:37Z	ubuntu-latest	GitHub Actions 1000016748
36988791587	workflow-guard-tests	completed	success	2026-10-02T09:16:45Z	2026-10-02T09:17:24Z	2026-10-02T09:17:50Z	ubuntu-latest	GitHub Actions 1000016747
36988791615	compat-tests (macos-15, 30, true, false)	completed	success	2026-10-02T09:16:37Z	2026-10-02T09:25:43Z	2026-10-02T09:36:55Z	macos-15	GitHub Actions 1000016763
36989361290	mailbox-unit	completed	success	2026-10-02T09:22:04Z	2026-10-02T09:25:44Z	2026-10-02T09:30:07Z	macos-15-xlarge	GitHub Actions 1000016764
36989361290	python-syntax	completed	success	2026-10-02T09:22:04Z	2026-10-02T09:22:07Z	2026-10-02T09:22:16Z	ubuntu-latest	GitHub Actions 1000016752
36989366812	mailbox-unit	completed	success	2026-10-02T09:22:08Z	2026-10-02T09:35:13Z	2026-10-02T09:39:35Z	macos-15-xlarge	GitHub Actions 1000016774
36989366812	python-syntax	completed	success	2026-10-02T09:22:08Z	2026-10-02T09:22:12Z	2026-10-02T09:22:22Z	ubuntu-latest	GitHub Actions 1000016756
36989366827	compat-tests (macos-15, 30, true, false)	completed	success	2026-10-02T09:22:07Z	2026-10-02T09:31:20Z	2026-10-02T09:40:55Z	macos-15	GitHub Actions 1000016771
36989366865	build-ghosttykit	completed	success	2026-10-02T09:22:07Z	2026-10-02T09:24:44Z	2026-10-02T09:25:10Z	macos-15	GitHub Actions 1000016761
36989366908	build	completed	success	2026-10-02T09:22:07Z	2026-10-02T09:31:28Z	2026-10-02T09:38:59Z	macos-15-xlarge	GitHub Actions 1000016772
36989366908	remote-daemon-tests	completed	success	2026-10-02T09:22:07Z	2026-10-02T09:22:10Z	2026-10-02T09:22:44Z	ubuntu-latest	GitHub Actions 1000016753
36989366908	web-typecheck	completed	success	2026-10-02T09:22:07Z	2026-10-02T09:22:12Z	2026-10-02T09:22:32Z	ubuntu-latest	GitHub Actions 1000016754
36989366908	workflow-guard-tests	completed	success	2026-10-02T09:22:07Z	2026-10-02T09:22:11Z	2026-10-02T09:22:31Z	ubuntu-latest	GitHub Actions 1000016755
36989481306	python-syntax	completed	success	2026-10-02T09:23:20Z	2026-10-02T09:23:23Z	2026-10-02T09:23:31Z	ubuntu-latest	GitHub Actions 1000016757
36989481306	mailbox-unit	completed	success	2026-10-02T09:23:20Z	2026-10-02T09:26:40Z	2026-10-02T09:31:23Z	macos-15-xlarge	GitHub Actions 1000016768
36989486021	build-ghosttykit	completed	success	2026-10-02T09:23:23Z	2026-10-02T09:26:15Z	2026-10-02T09:26:34Z	macos-15	GitHub Actions 1000016766
36989486126	remote-daemon-tests	completed	success	2026-10-02T09:23:23Z	2026-10-02T09:23:26Z	2026-10-02T09:24:13Z	ubuntu-latest	GitHub Actions 1000016758
36989486126	build	completed	success	2026-10-02T09:23:23Z	2026-10-02T09:27:41Z	2026-10-02T09:35:07Z	macos-15-xlarge	GitHub Actions 1000016769
36989486126	web-typecheck	completed	success	2026-10-02T09:23:23Z	2026-10-02T09:23:26Z	2026-10-02T09:23:40Z	ubuntu-latest	GitHub Actions 1000016759
36989486126	workflow-guard-tests	completed	success	2026-10-02T09:23:23Z	2026-10-02T09:23:27Z	2026-10-02T09:23:51Z	ubuntu-latest	GitHub Actions 1000016760
36989486193	compat-tests (macos-15, 30, true, false)	completed	success	2026-10-02T09:23:23Z	2026-10-02T09:30:16Z	2026-10-02T09:40:56Z	macos-15	GitHub Actions 1000016770
36990306503	python-syntax	completed	success	2026-10-02T09:31:51Z	2026-10-02T09:31:53Z	2026-10-02T09:32:00Z	ubuntu-latest	GitHub Actions 1000016773
36990306503	mailbox-unit	completed	success	2026-10-02T09:31:51Z	2026-10-02T09:37:01Z	2026-10-02T09:41:42Z	macos-15-xlarge	GitHub Actions 1000016775
36990932768	build-ghosttykit	completed	success	2026-10-02T09:38:21Z	2026-10-02T09:41:06Z	2026-10-02T09:41:25Z	macos-15	GitHub Actions 1000016785
36990932778	web-typecheck	completed	success	2026-10-02T09:38:21Z	2026-10-02T09:38:23Z	2026-10-02T09:38:37Z	ubuntu-latest	GitHub Actions 1000016777
36990932778	build	completed	success	2026-10-02T09:38:21Z	2026-10-02T09:39:40Z	2026-10-02T09:47:18Z	macos-15-xlarge	GitHub Actions 1000016782
36990932778	remote-daemon-tests	completed	success	2026-10-02T09:38:21Z	2026-10-02T09:38:23Z	2026-10-02T09:39:03Z	ubuntu-latest	GitHub Actions 1000016778
36990932778	workflow-guard-tests	completed	success	2026-10-02T09:38:21Z	2026-10-02T09:38:24Z	2026-10-02T09:38:48Z	ubuntu-latest	GitHub Actions 1000016779
36990932850	compat-tests (macos-15, 30, true, false)	completed	success	2026-10-02T09:38:21Z	2026-10-02T09:41:06Z	2026-10-02T09:49:39Z	macos-15	GitHub Actions 1000016786
36990932858	python-syntax	completed	success	2026-10-02T09:38:21Z	2026-10-02T09:38:24Z	2026-10-02T09:38:31Z	ubuntu-latest	GitHub Actions 1000016780
36990932858	mailbox-unit	completed	success	2026-10-02T09:38:21Z	2026-10-02T09:39:04Z	2026-10-02T09:43:01Z	macos-15-xlarge	GitHub Actions 1000016781
36991056392	mailbox-unit	completed	success	2026-10-02T09:39:40Z	2026-10-02T09:41:30Z	2026-10-02T09:45:58Z	macos-15-xlarge	GitHub Actions 1000016788
36991056392	python-syntax	completed	success	2026-10-02T09:39:40Z	2026-10-02T09:39:43Z	2026-10-02T09:39:54Z	ubuntu-latest	GitHub Actions 1000016783
36991147697	mailbox-unit	completed	success	2026-10-02T09:40:36Z	2026-10-02T09:41:48Z	2026-10-02T09:46:44Z	macos-15-xlarge	GitHub Actions 1000016789
36991147697	python-syntax	completed	success	2026-10-02T09:40:36Z	2026-10-02T09:40:38Z	2026-10-02T09:40:46Z	ubuntu-latest	GitHub Actions 1000016784
36991218961	compat-tests (macos-15, 30, true, false)	completed	success	2026-10-02T09:49:40Z	2026-10-02T09:51:26Z	2026-10-02T10:02:17Z	macos-15	GitHub Actions 1000016807
36991218979	build-ghosttykit	completed	success	2026-10-02T09:41:25Z	2026-10-02T09:43:08Z	2026-10-02T09:43:24Z	macos-15	GitHub Actions 1000016790
36991219059	remote-daemon-tests	completed	success	2026-10-02T09:47:18Z	2026-10-02T09:47:22Z	2026-10-02T09:48:05Z	ubuntu-latest	GitHub Actions 1000016801
36991219059	build	completed	success	2026-10-02T09:47:19Z	2026-10-02T09:50:16Z	2026-10-02T09:58:11Z	macos-15-xlarge	GitHub Actions 1000016806
36991219059	workflow-guard-tests	completed	success	2026-10-02T09:47:19Z	2026-10-02T09:47:21Z	2026-10-02T09:47:41Z	ubuntu-latest	GitHub Actions 1000016803
36991219059	web-typecheck	completed	success	2026-10-02T09:47:19Z	2026-10-02T09:47:21Z	2026-10-02T09:47:36Z	ubuntu-latest	GitHub Actions 1000016802
36991468374	mailbox-unit	completed	success	2026-10-02T09:43:59Z	2026-10-02T09:44:05Z	2026-10-02T09:48:45Z	macos-15-xlarge	GitHub Actions 1000016791
36991468374	python-syntax	completed	success	2026-10-02T09:43:59Z	2026-10-02T09:44:03Z	2026-10-02T09:44:13Z	ubuntu-latest	GitHub Actions 1000016792
36991473424	mailbox-unit	completed	success	2026-10-02T09:44:02Z	2026-10-02T09:46:50Z	2026-10-02T09:51:17Z	macos-15-xlarge	GitHub Actions 1000016799
36991473424	python-syntax	completed	success	2026-10-02T09:44:02Z	2026-10-02T09:44:05Z	2026-10-02T09:44:47Z	ubuntu-latest	GitHub Actions 1000016794
36991473431	compat-tests (macos-15, 30, true, false)	completed	success	2026-10-02T09:44:02Z	2026-10-02T09:46:09Z	2026-10-02T09:55:29Z	macos-15	GitHub Actions 1000016798
36991473436	build-ghosttykit	completed	success	2026-10-02T09:44:02Z	2026-10-02T09:49:48Z	2026-10-02T09:50:11Z	macos-15	GitHub Actions 1000016805
36991473508	web-typecheck	completed	success	2026-10-02T09:44:02Z	2026-10-02T09:44:05Z	2026-10-02T09:44:25Z	ubuntu-latest	GitHub Actions 1000016793
36991473508	remote-daemon-tests	completed	success	2026-10-02T09:44:02Z	2026-10-02T09:44:06Z	2026-10-02T09:44:43Z	ubuntu-latest	GitHub Actions 1000016795
36991473508	workflow-guard-tests	completed	success	2026-10-02T09:44:02Z	2026-10-02T09:44:06Z	2026-10-02T09:44:26Z	ubuntu-latest	GitHub Actions 1000016796
36991473508	build	completed	success	2026-10-02T09:44:02Z	2026-10-02T09:47:24Z	2026-10-02T09:55:23Z	macos-15-xlarge	GitHub Actions 1000016800
36991585087	mailbox-unit	completed	success	2026-10-02T09:45:10Z	2026-10-02T09:48:50Z	2026-10-02T09:53:25Z	macos-15-xlarge	GitHub Actions 1000016804
36991585087	python-syntax	completed	success	2026-10-02T09:45:10Z	2026-10-02T09:45:13Z	2026-10-02T09:45:21Z	ubuntu-latest	GitHub Actions 1000016797
36992274857	workflow-guard-tests	completed	success	2026-10-02T09:52:24Z	2026-10-02T09:52:27Z	2026-10-02T09:52:56Z	ubuntu-latest	GitHub Actions 1000016808
36992274857	remote-daemon-tests	completed	success	2026-10-02T09:52:24Z	2026-10-02T09:52:27Z	2026-10-02T09:53:07Z	ubuntu-latest	GitHub Actions 1000016809
36992274857	web-typecheck	completed	success	2026-10-02T09:52:25Z	2026-10-02T09:52:28Z	2026-10-02T09:52:44Z	ubuntu-latest	GitHub Actions 1000016810
36992274857	build	completed	success	2026-10-02T09:52:25Z	2026-10-02T09:55:35Z	2026-10-02T10:02:42Z	macos-15-xlarge	GitHub Actions 1000016813
36992274880	compat-tests (macos-15, 30, true, false)	completed	success	2026-10-02T09:52:24Z	2026-10-02T09:53:33Z	2026-10-02T10:02:07Z	macos-15	GitHub Actions 1000016811
36992275038	build-ghosttykit	completed	success	2026-10-02T09:52:25Z	2026-10-02T09:55:30Z	2026-10-02T09:55:48Z	macos-15	GitHub Actions 1000016812
36992627704	mailbox-unit	completed	success	2026-10-02T09:56:10Z	2026-10-02T09:56:17Z	2026-10-02T10:02:04Z	macos-15-xlarge	GitHub Actions 1000016815
36992627704	python-syntax	completed	success	2026-10-02T09:56:10Z	2026-10-02T09:56:13Z	2026-10-02T09:56:21Z	ubuntu-latest	GitHub Actions 1000016814
36992633874	build-ghosttykit	completed	success	2026-10-02T09:56:15Z	2026-10-02T10:02:58Z	2026-10-02T10:03:17Z	macos-15	GitHub Actions 1000016831
36992633893	compat-tests (macos-15, 30, true, false)	completed	cancelled	2026-10-02T09:56:15Z	2026-10-02T10:02:50Z	2026-10-02T10:06:07Z	macos-15	GitHub Actions 1000016830
36992633894	remote-daemon-tests	completed	success	2026-10-02T09:56:15Z	2026-10-02T09:56:17Z	2026-10-02T09:57:00Z	ubuntu-latest	GitHub Actions 1000016816
36992633894	build	completed	cancelled	2026-10-02T09:56:15Z	2026-10-02T09:58:16Z	2026-10-02T10:06:04Z	macos-15-xlarge	GitHub Actions 1000016822
36992633894	web-typecheck	completed	success	2026-10-02T09:56:15Z	2026-10-02T09:56:54Z	2026-10-02T09:57:07Z	ubuntu-latest	GitHub Actions 1000016817
36992633894	workflow-guard-tests	completed	success	2026-10-02T09:56:15Z	2026-10-02T09:56:18Z	2026-10-02T09:56:41Z	ubuntu-latest	GitHub Actions 1000016818
36992633964	python-syntax	completed	success	2026-10-02T09:56:15Z	2026-10-02T09:56:19Z	2026-10-02T09:56:28Z	ubuntu-latest	GitHub Actions 1000016819
36992633964	mailbox-unit	completed	cancelled	2026-10-02T09:56:15Z	2026-10-02T10:03:52Z	2026-10-02T10:06:42Z	macos-15-xlarge	GitHub Actions 1000016834
36992771848	build-ghosttykit	completed	success	2026-10-02T09:57:41Z	2026-10-02T10:02:26Z	2026-10-02T10:02:49Z	macos-15	GitHub Actions 1000016829
36992771888	compat-tests (macos-15, 30, true, false)	completed	success	2026-10-02T10:02:17Z	2026-10-02T10:06:15Z	2026-10-02T10:14:03Z	macos-15	GitHub Actions 1000016840
36992771923	build	completed	success	2026-10-02T09:58:12Z	2026-10-02T10:02:09Z	2026-10-02T10:09:31Z	macos-15-xlarge	GitHub Actions 1000016827
36992771923	remote-daemon-tests	completed	success	2026-10-02T09:58:12Z	2026-10-02T09:58:15Z	2026-10-02T09:58:51Z	ubuntu-latest	GitHub Actions 1000016825
36992771923	workflow-guard-tests	completed	success	2026-10-02T09:58:12Z	2026-10-02T09:58:15Z	2026-10-02T09:58:35Z	ubuntu-latest	GitHub Actions 1000016823
36992771923	web-typecheck	completed	success	2026-10-02T09:58:12Z	2026-10-02T09:58:15Z	2026-10-02T09:58:29Z	ubuntu-latest	GitHub Actions 1000016824
36992771966	mailbox-unit	completed	success	2026-10-02T09:57:41Z	2026-10-02T10:06:09Z	2026-10-02T10:10:48Z	macos-15-xlarge	GitHub Actions 1000016836
36992771966	python-syntax	completed	success	2026-10-02T09:57:41Z	2026-10-02T09:57:44Z	2026-10-02T09:57:51Z	ubuntu-latest	GitHub Actions 1000016821
36993298945	compat-tests (macos-15, 30, true, false)	completed	success	2026-10-02T10:14:04Z	2026-10-02T10:14:11Z	2026-10-02T10:22:52Z	macos-15	GitHub Actions 1000016851
36993299033	build-ghosttykit	completed	success	2026-10-02T10:03:08Z	2026-10-02T10:03:26Z	2026-10-02T10:03:46Z	macos-15	GitHub Actions 1000016833
36993299053	remote-daemon-tests	completed	success	2026-10-02T10:09:32Z	2026-10-02T10:09:34Z	2026-10-02T10:10:17Z	ubuntu-latest	GitHub Actions 1000016845
36993299053	workflow-guard-tests	completed	success	2026-10-02T10:09:32Z	2026-10-02T10:09:34Z	2026-10-02T10:09:53Z	ubuntu-latest	GitHub Actions 1000016846
36993299053	build	completed	success	2026-10-02T10:09:32Z	2026-10-02T10:11:53Z	2026-10-02T10:19:03Z	macos-15-xlarge	GitHub Actions 1000016850
36993299053	web-typecheck	completed	success	2026-10-02T10:09:32Z	2026-10-02T10:09:34Z	2026-10-02T10:09:50Z	ubuntu-latest	GitHub Actions 1000016847
36993550760	mailbox-unit	completed	success	2026-10-02T10:05:43Z	2026-10-02T10:07:13Z	2026-10-02T10:11:30Z	macos-15-xlarge	GitHub Actions 1000016843
36993550760	python-syntax	completed	success	2026-10-02T10:05:43Z	2026-10-02T10:05:46Z	2026-10-02T10:05:54Z	ubuntu-latest	GitHub Actions 1000016835
36993556955	web-typecheck	completed	success	2026-10-02T10:06:05Z	2026-10-02T10:06:43Z	2026-10-02T10:06:59Z	ubuntu-latest	GitHub Actions 1000016838
36993556955	workflow-guard-tests	completed	success	2026-10-02T10:06:05Z	2026-10-02T10:06:08Z	2026-10-02T10:06:29Z	ubuntu-latest	GitHub Actions 1000016837
36993556955	build	completed	success	2026-10-02T10:06:05Z	2026-10-02T10:09:36Z	2026-10-02T10:18:37Z	macos-15-xlarge	GitHub Actions 1000016844
36993556955	remote-daemon-tests	completed	success	2026-10-02T10:06:05Z	2026-10-02T10:06:09Z	2026-10-02T10:06:45Z	ubuntu-latest	GitHub Actions 1000016839
36993556982	compat-tests (macos-15, 30, true, false)	completed	success	2026-10-02T10:06:08Z	2026-10-02T10:10:56Z	2026-10-02T10:22:17Z	macos-15	GitHub Actions 1000016848
36993557272	mailbox-unit	completed	success	2026-10-02T10:06:43Z	2026-10-02T10:11:35Z	2026-10-02T10:15:40Z	macos-15-xlarge	GitHub Actions 1000016849
36993557272	python-syntax	completed	success	2026-10-02T10:06:43Z	2026-10-02T10:06:46Z	2026-10-02T10:06:52Z	ubuntu-latest	GitHub Actions 1000016842
36993557379	build-ghosttykit	completed	success	2026-10-02T10:05:48Z	2026-10-02T10:06:50Z	2026-10-02T10:07:07Z	macos-15	GitHub Actions 1000016841
36995013005	mailbox-unit	completed	success	2026-10-02T10:21:26Z	2026-10-02T10:21:32Z	2026-10-02T10:26:00Z	macos-15-xlarge	GitHub Actions 1000016852
36995013005	python-syntax	completed	success	2026-10-02T10:21:26Z	2026-10-02T10:21:29Z	2026-10-02T10:21:37Z	ubuntu-latest	GitHub Actions 1000016853
36995160360	build	completed	success	2026-10-02T10:23:02Z	2026-10-02T10:23:07Z	2026-10-02T10:32:03Z	macos-15-xlarge	GitHub Actions 1000016855
36995160360	remote-daemon-tests	completed	success	2026-10-02T10:23:02Z	2026-10-02T10:23:05Z	2026-10-02T10:23:45Z	ubuntu-latest	GitHub Actions 1000016856
36995160360	web-typecheck	completed	success	2026-10-02T10:23:02Z	2026-10-02T10:23:05Z	2026-10-02T10:23:24Z	ubuntu-latest	GitHub Actions 1000016858
36995160360	workflow-guard-tests	completed	success	2026-10-02T10:23:02Z	2026-10-02T10:23:05Z	2026-10-02T10:23:26Z	ubuntu-latest	GitHub Actions 1000016859
36995160368	compat-tests (macos-15, 30, true, false)	completed	success	2026-10-02T10:23:02Z	2026-10-02T10:23:09Z	2026-10-02T10:31:55Z	macos-15	GitHub Actions 1000016857
36995160385	mailbox-unit	completed	success	2026-10-02T10:23:02Z	2026-10-02T10:23:09Z	2026-10-02T10:27:32Z	macos-15-xlarge	GitHub Actions 1000016862
36995160385	python-syntax	completed	success	2026-10-02T10:23:02Z	2026-10-02T10:23:06Z	2026-10-02T10:23:20Z	ubuntu-latest	GitHub Actions 1000016860
36995160449	build-ghosttykit	completed	success	2026-10-02T10:23:02Z	2026-10-02T10:23:11Z	2026-10-02T10:23:31Z	macos-15	GitHub Actions 1000016861
36995915976	compat-tests (macos-15, 30, true, false)	completed	success	2026-10-02T10:31:12Z	2026-10-02T10:31:20Z	2026-10-02T10:42:11Z	macos-15	GitHub Actions 1000016863
36995916054	remote-daemon-tests	completed	success	2026-10-02T10:31:12Z	2026-10-02T10:31:15Z	2026-10-02T10:31:53Z	ubuntu-latest	GitHub Actions 1000016864
36995916054	build	completed	success	2026-10-02T10:31:12Z	2026-10-02T10:31:19Z	2026-10-02T10:40:22Z	macos-15-xlarge	GitHub Actions 1000016867
36995916054	web-typecheck	completed	success	2026-10-02T10:31:12Z	2026-10-02T10:31:16Z	2026-10-02T10:31:32Z	ubuntu-latest	GitHub Actions 1000016866
36995916054	workflow-guard-tests	completed	success	2026-10-02T10:31:12Z	2026-10-02T10:31:16Z	2026-10-02T10:31:36Z	ubuntu-latest	GitHub Actions 1000016865
36995916108	build-ghosttykit	completed	success	2026-10-02T10:31:12Z	2026-10-02T10:31:23Z	2026-10-02T10:31:44Z	macos-15	GitHub Actions 1000016868
36997432003	mailbox-unit	completed	success	2026-10-02T10:47:37Z	2026-10-02T10:47:43Z	2026-10-02T10:52:07Z	macos-15-xlarge	GitHub Actions 1000016869
36997432003	python-syntax	completed	success	2026-10-02T10:47:37Z	2026-10-02T10:47:41Z	2026-10-02T10:47:48Z	ubuntu-latest	GitHub Actions 1000016870
36997597248	compat-tests (macos-15, 30, true, false)	completed	success	2026-10-02T10:49:26Z	2026-10-02T10:49:35Z	2026-10-02T11:01:48Z	macos-15	GitHub Actions 1000016873
36997597293	build-ghosttykit	completed	success	2026-10-02T10:49:26Z	2026-10-02T10:49:36Z	2026-10-02T10:49:57Z	macos-15	GitHub Actions 1000016872
36997597307	remote-daemon-tests	completed	success	2026-10-02T10:49:26Z	2026-10-02T10:49:30Z	2026-10-02T10:50:16Z	ubuntu-latest	GitHub Actions 1000016874
36997597307	build	completed	success	2026-10-02T10:49:26Z	2026-10-02T10:49:32Z	2026-10-02T10:58:47Z	macos-15-xlarge	GitHub Actions 1000016876
36997597307	workflow-guard-tests	completed	success	2026-10-02T10:49:26Z	2026-10-02T10:49:30Z	2026-10-02T10:49:53Z	ubuntu-latest	GitHub Actions 1000016875
36997597307	web-typecheck	completed	success	2026-10-02T10:49:26Z	2026-10-02T10:49:30Z	2026-10-02T10:49:44Z	ubuntu-latest	GitHub Actions 1000016877
36998274775	python-syntax	completed	success	2026-10-02T10:56:41Z	2026-10-02T10:56:44Z	2026-10-02T10:56:52Z	ubuntu-latest	GitHub Actions 1000016878
36998274775	mailbox-unit	completed	success	2026-10-02T10:56:41Z	2026-10-02T10:56:47Z	2026-10-02T11:00:46Z	macos-15-xlarge	GitHub Actions 1000016879
36998279625	build-ghosttykit	completed	success	2026-10-02T10:56:45Z	2026-10-02T10:58:54Z	2026-10-02T10:59:10Z	macos-15	GitHub Actions 1000016885
36998279647	workflow-guard-tests	completed	success	2026-10-02T10:56:45Z	2026-10-02T10:56:47Z	2026-10-02T10:57:06Z	ubuntu-latest	GitHub Actions 1000016881
36998279647	remote-daemon-tests	completed	success	2026-10-02T10:56:45Z	2026-10-02T10:56:47Z	2026-10-02T10:57:29Z	ubuntu-latest	GitHub Actions 1000016880
36998279647	build	completed	success	2026-10-02T10:56:45Z	2026-10-02T10:56:51Z	2026-10-02T11:06:41Z	macos-15-xlarge	GitHub Actions 1000016883
36998279647	web-typecheck	completed	success	2026-10-02T10:56:45Z	2026-10-02T10:56:47Z	2026-10-02T10:57:02Z	ubuntu-latest	GitHub Actions 1000016882
36998279651	compat-tests (macos-15, 30, true, false)	completed	success	2026-10-02T10:56:45Z	2026-10-02T10:56:54Z	2026-10-02T11:07:21Z	macos-15	GitHub Actions 1000016884
36999321327	python-syntax	completed	success	2026-10-02T11:08:03Z	2026-10-02T11:08:06Z	2026-10-02T11:08:17Z	ubuntu-latest	GitHub Actions 1000016887
36999321327	mailbox-unit	completed	success	2026-10-02T11:08:03Z	2026-10-02T11:08:09Z	2026-10-02T11:12:09Z	macos-15-xlarge	GitHub Actions 1000016886
36999553040	mailbox-unit	completed	success	2026-10-02T11:10:34Z	2026-10-02T11:10:40Z	2026-10-02T11:14:50Z	macos-15-xlarge	GitHub Actions 1000016888
36999553040	python-syntax	completed	success	2026-10-02T11:10:34Z	2026-10-02T11:10:37Z	2026-10-02T11:10:44Z	ubuntu-latest	GitHub Actions 1000016889
36999557972	compat-tests (macos-15, 30, true, false)	completed	success	2026-10-02T11:10:38Z	2026-10-02T11:10:46Z	2026-10-02T11:20:00Z	macos-15	GitHub Actions 1000016895
36999557974	build-ghosttykit	completed	success	2026-10-02T11:10:38Z	2026-10-02T11:12:18Z	2026-10-02T11:12:38Z	macos-15	GitHub Actions 1000016897
36999557995	mailbox-unit	completed	success	2026-10-02T11:10:38Z	2026-10-02T11:10:43Z	2026-10-02T11:15:21Z	macos-15-xlarge	GitHub Actions 1000016894
36999557995	python-syntax	completed	success	2026-10-02T11:10:38Z	2026-10-02T11:10:42Z	2026-10-02T11:10:50Z	ubuntu-latest	GitHub Actions 1000016896
36999558012	build	completed	cancelled	2026-10-02T11:10:38Z	2026-10-02T11:10:43Z	2026-10-02T11:36:03Z	macos-15-xlarge	GitHub Actions 1000016893
36999558012	workflow-guard-tests	completed	success	2026-10-02T11:10:38Z	2026-10-02T11:10:40Z	2026-10-02T11:11:01Z	ubuntu-latest	GitHub Actions 1000016890
36999558012	remote-daemon-tests	completed	success	2026-10-02T11:10:38Z	2026-10-02T11:10:40Z	2026-10-02T11:11:21Z	ubuntu-latest	GitHub Actions 1000016892
36999558012	web-typecheck	completed	success	2026-10-02T11:10:38Z	2026-10-02T11:10:40Z	2026-10-02T11:10:54Z	ubuntu-latest	GitHub Actions 1000016891
37000013956	build-ghosttykit	completed	success	2026-10-02T11:15:32Z	2026-10-02T11:15:42Z	2026-10-02T11:16:04Z	macos-15	GitHub Actions 1000016900
37000013972	remote-daemon-tests	completed	success	2026-10-02T11:15:32Z	2026-10-02T11:15:35Z	2026-10-02T11:16:18Z	ubuntu-latest	GitHub Actions 1000016901
37000013972	build	completed	cancelled	2026-10-02T11:15:32Z	2026-10-02T11:15:37Z	2026-10-02T11:40:56Z	macos-15-xlarge	GitHub Actions 1000016904
37000013972	web-typecheck	completed	success	2026-10-02T11:15:32Z	2026-10-02T11:15:35Z	2026-10-02T11:15:51Z	ubuntu-latest	GitHub Actions 1000016902
37000013972	workflow-guard-tests	completed	success	2026-10-02T11:15:32Z	2026-10-02T11:15:35Z	2026-10-02T11:15:59Z	ubuntu-latest	GitHub Actions 1000016903
37000014007	compat-tests (macos-15, 30, true, false)	completed	success	2026-10-02T11:15:32Z	2026-10-02T11:15:40Z	2026-10-02T11:24:22Z	macos-15	GitHub Actions 1000016899
37000457919	mailbox-unit	completed	success	2026-10-02T11:20:26Z	2026-10-02T11:20:31Z	2026-10-02T11:24:50Z	macos-15-xlarge	GitHub Actions 1000016905
37000457919	python-syntax	completed	success	2026-10-02T11:20:26Z	2026-10-02T11:20:29Z	2026-10-02T11:20:35Z	ubuntu-latest	GitHub Actions 1000016906
37000552647	compat-tests (macos-15, 30, true, false)	completed	success	2026-10-02T11:21:27Z	2026-10-02T11:25:00Z	2026-10-02T11:33:43Z	macos-15	GitHub Actions 1000016912
37000552738	build-ghosttykit	completed	success	2026-10-02T11:21:27Z	2026-10-02T11:24:31Z	2026-10-02T11:24:50Z	macos-15	GitHub Actions 1000016911
37000552776	build	completed	success	2026-10-02T11:21:27Z	2026-10-02T11:21:32Z	2026-10-02T11:30:22Z	macos-15-xlarge	GitHub Actions 1000016907
37000552776	workflow-guard-tests	completed	success	2026-10-02T11:21:27Z	2026-10-02T11:22:06Z	2026-10-02T11:22:27Z	ubuntu-latest	GitHub Actions 1000016909
37000552776	remote-daemon-tests	completed	success	2026-10-02T11:21:27Z	2026-10-02T11:21:31Z	2026-10-02T11:22:14Z	ubuntu-latest	GitHub Actions 1000016908
37000552776	web-typecheck	completed	success	2026-10-02T11:21:28Z	2026-10-02T11:21:31Z	2026-10-02T11:21:48Z	ubuntu-latest	GitHub Actions 1000016910
37001454106	compat-tests (macos-15, 30, true, false)	completed	success	2026-10-02T11:31:15Z	2026-10-02T11:31:22Z	2026-10-02T11:39:31Z	macos-15	GitHub Actions 1000016917
37001454142	mailbox-unit	completed	success	2026-10-02T11:31:15Z	2026-10-02T11:34:22Z	2026-10-02T11:38:50Z	macos-15-xlarge	GitHub Actions 1000016920
37001454142	python-syntax	completed	success	2026-10-02T11:31:15Z	2026-10-02T11:31:19Z	2026-10-02T11:31:29Z	ubuntu-latest	GitHub Actions 1000016918
37001454168	build-ghosttykit	completed	success	2026-10-02T11:31:15Z	2026-10-02T11:33:54Z	2026-10-02T11:34:16Z	macos-15	GitHub Actions 1000016919
37001454182	remote-daemon-tests	completed	success	2026-10-02T11:31:15Z	2026-10-02T11:31:18Z	2026-10-02T11:32:01Z	ubuntu-latest	GitHub Actions 1000016913
37001454182	build	completed	success	2026-10-02T11:31:15Z	2026-10-02T11:31:20Z	2026-10-02T11:40:28Z	macos-15-xlarge	GitHub Actions 1000016916
37001454182	web-typecheck	completed	success	2026-10-02T11:31:15Z	2026-10-02T11:31:54Z	2026-10-02T11:32:08Z	ubuntu-latest	GitHub Actions 1000016914
37001454182	workflow-guard-tests	completed	success	2026-10-02T11:31:15Z	2026-10-02T11:31:18Z	2026-10-02T11:31:39Z	ubuntu-latest	GitHub Actions 1000016915
37002059552	build-ghosttykit	completed	success	2026-10-02T11:37:53Z	2026-10-02T11:38:00Z	2026-10-02T11:38:19Z	macos-15	GitHub Actions 1000016921
37002059623	workflow-guard-tests	completed	success	2026-10-02T11:37:53Z	2026-10-02T11:37:56Z	2026-10-02T11:38:18Z	ubuntu-latest	GitHub Actions 1000016922
37002059623	web-typecheck	completed	success	2026-10-02T11:37:53Z	2026-10-02T11:37:56Z	2026-10-02T11:38:10Z	ubuntu-latest	GitHub Actions 1000016923
37002059623	build	completed	success	2026-10-02T11:37:53Z	2026-10-02T11:38:55Z	2026-10-02T11:48:06Z	macos-15-xlarge	GitHub Actions 1000016928
37002059623	remote-daemon-tests	completed	success	2026-10-02T11:37:53Z	2026-10-02T11:37:56Z	2026-10-02T11:38:39Z	ubuntu-latest	GitHub Actions 1000016924
37002059628	compat-tests (macos-15, 30, true, false)	completed	success	2026-10-02T11:37:53Z	2026-10-02T11:40:04Z	2026-10-02T11:47:52Z	macos-15	GitHub Actions 1000016930
37002059644	mailbox-unit	completed	success	2026-10-02T11:37:53Z	2026-10-02T11:38:24Z	2026-10-02T11:43:27Z	macos-15-xlarge	GitHub Actions 1000016926
37002059644	python-syntax	completed	success	2026-10-02T11:37:53Z	2026-10-02T11:37:56Z	2026-10-02T11:38:04Z	ubuntu-latest	GitHub Actions 1000016925
37002146335	compat-tests (macos-15, 30, true, false)	completed	success	2026-10-02T11:38:51Z	2026-10-02T11:40:36Z	2026-10-02T11:49:53Z	macos-15	GitHub Actions 1000016931
37002146389	remote-daemon-tests	completed	success	2026-10-02T11:40:56Z	2026-10-02T11:40:59Z	2026-10-02T11:41:42Z	ubuntu-latest	GitHub Actions 1000016934
37002146389	web-typecheck	completed	success	2026-10-02T11:40:56Z	2026-10-02T11:40:59Z	2026-10-02T11:41:13Z	ubuntu-latest	GitHub Actions 1000016932
37002146389	build	completed	success	2026-10-02T11:40:56Z	2026-10-02T11:41:02Z	2026-10-02T11:50:18Z	macos-15-xlarge	GitHub Actions 1000016935
37002146389	workflow-guard-tests	completed	success	2026-10-02T11:40:56Z	2026-10-02T11:40:59Z	2026-10-02T11:41:17Z	ubuntu-latest	GitHub Actions 1000016933
37002146391	build-ghosttykit	completed	success	2026-10-02T11:38:51Z	2026-10-02T11:39:38Z	2026-10-02T11:39:56Z	macos-15	GitHub Actions 1000016929
37002544789	python-syntax	completed	success	2026-10-02T11:43:09Z	2026-10-02T11:43:12Z	2026-10-02T11:43:18Z	ubuntu-latest	GitHub Actions 1000016937
37002544789	mailbox-unit	completed	success	2026-10-02T11:43:09Z	2026-10-02T11:43:34Z	2026-10-02T11:47:53Z	macos-15-xlarge	GitHub Actions 1000016938
37002544791	web-typecheck	completed	success	2026-10-02T11:50:19Z	2026-10-02T11:50:22Z	2026-10-02T11:50:39Z	ubuntu-latest	GitHub Actions 1000016950
37002544791	remote-daemon-tests	completed	success	2026-10-02T11:50:19Z	2026-10-02T11:50:22Z	2026-10-02T11:51:03Z	ubuntu-latest	GitHub Actions 1000016952
37002544791	build	completed	success	2026-10-02T11:50:19Z	2026-10-02T11:54:31Z	2026-10-02T12:03:54Z	macos-15-xlarge	GitHub Actions 1000016954
37002544791	workflow-guard-tests	completed	success	2026-10-02T11:50:19Z	2026-10-02T11:50:22Z	2026-10-02T11:50:39Z	ubuntu-latest	GitHub Actions 1000016951
37002544820	compat-tests (macos-15, 30, true, false)	completed	success	2026-10-02T11:49:54Z	2026-10-02T11:50:01Z	2026-10-02T11:58:05Z	macos-15	GitHub Actions 1000016944
37002544831	build-ghosttykit	completed	success	2026-10-02T11:43:09Z	2026-10-02T11:47:59Z	2026-10-02T11:48:16Z	macos-15	GitHub Actions 1000016939
37003166184	mailbox-unit	completed	success	2026-10-02T11:49:51Z	2026-10-02T11:49:57Z	2026-10-02T11:54:26Z	macos-15-xlarge	GitHub Actions 1000016940
37003166184	python-syntax	completed	success	2026-10-02T11:49:51Z	2026-10-02T11:49:54Z	2026-10-02T11:50:02Z	ubuntu-latest	GitHub Actions 1000016941
37003170791	mailbox-unit	completed	success	2026-10-02T11:49:54Z	2026-10-02T11:49:59Z	2026-10-02T11:54:02Z	macos-15-xlarge	GitHub Actions 1000016942
37003170791	python-syntax	completed	success	2026-10-02T11:49:54Z	2026-10-02T11:49:57Z	2026-10-02T11:50:05Z	ubuntu-latest	GitHub Actions 1000016943
37003170801	compat-tests (macos-15, 30, true, false)	completed	success	2026-10-02T11:49:54Z	2026-10-02T11:50:02Z	2026-10-02T12:00:46Z	macos-15	GitHub Actions 1000016945
37003170813	workflow-guard-tests	completed	success	2026-10-02T11:49:54Z	2026-10-02T11:49:57Z	2026-10-02T11:50:19Z	ubuntu-latest	GitHub Actions 1000016946
37003170813	web-typecheck	completed	success	2026-10-02T11:49:54Z	2026-10-02T11:49:58Z	2026-10-02T11:50:13Z	ubuntu-latest	GitHub Actions 1000016947
37003170813	build	completed	success	2026-10-02T11:49:54Z	2026-10-02T11:50:23Z	2026-10-02T11:59:17Z	macos-15-xlarge	GitHub Actions 1000016949
37003170813	remote-daemon-tests	completed	success	2026-10-02T11:49:54Z	2026-10-02T11:49:58Z	2026-10-02T11:50:40Z	ubuntu-latest	GitHub Actions 1000016948
37003170816	build-ghosttykit	completed	success	2026-10-02T11:49:54Z	2026-10-02T11:54:08Z	2026-10-02T11:54:27Z	macos-15	GitHub Actions 1000016953
37004271334	build-ghosttykit	completed	success	2026-10-02T12:01:34Z	2026-10-02T12:01:41Z	2026-10-02T12:01:57Z	macos-15	GitHub Actions 1000016956
37004271348	mailbox-unit	completed	success	2026-10-02T12:01:34Z	2026-10-02T12:01:40Z	2026-10-02T12:05:40Z	macos-15-xlarge	GitHub Actions 1000016957
37004271348	python-syntax	completed	success	2026-10-02T12:01:34Z	2026-10-02T12:01:38Z	2026-10-02T12:01:47Z	ubuntu-latest	GitHub Actions 1000016958
37004271361	web-typecheck	completed	success	2026-10-02T12:03:55Z	2026-10-02T12:03:57Z	2026-10-02T12:04:09Z	ubuntu-latest	GitHub Actions 1000016962
37004271361	build	completed	success	2026-10-02T12:03:55Z	2026-10-02T12:04:00Z	2026-10-02T12:13:29Z	macos-15-xlarge	GitHub Actions 1000016960
37004271361	remote-daemon-tests	completed	success	2026-10-02T12:03:55Z	2026-10-02T12:03:57Z	2026-10-02T12:04:39Z	ubuntu-latest	GitHub Actions 1000016961
37004271361	workflow-guard-tests	completed	success	2026-10-02T12:03:55Z	2026-10-02T12:03:58Z	2026-10-02T12:04:21Z	ubuntu-latest	GitHub Actions 1000016963
37004271419	compat-tests (macos-15, 30, true, false)	completed	success	2026-10-02T12:01:34Z	2026-10-02T12:01:43Z	2026-10-02T12:12:42Z	macos-15	GitHub Actions 1000016959
37022935060	python-syntax	completed	success	2026-10-02T14:52:29Z	2026-10-02T14:52:33Z	2026-10-02T14:52:43Z	ubuntu-latest	GitHub Actions 1000016965
37022935060	mailbox-unit	completed	success	2026-10-02T14:52:29Z	2026-10-02T14:52:34Z	2026-10-02T14:57:13Z	macos-15-xlarge	GitHub Actions 1000016966
37023750545	remote-daemon-tests	completed	success	2026-10-02T14:59:23Z	2026-10-02T14:59:27Z	2026-10-02T15:00:14Z	ubuntu-latest	GitHub Actions 1000016967
37023750545	workflow-guard-tests	completed	success	2026-10-02T14:59:23Z	2026-10-02T14:59:26Z	2026-10-02T14:59:49Z	ubuntu-latest	GitHub Actions 1000016969
37023750545	build	completed	success	2026-10-02T14:59:23Z	2026-10-02T14:59:30Z	2026-10-02T15:09:14Z	macos-15-xlarge	GitHub Actions 1000016971
37023750545	web-typecheck	completed	success	2026-10-02T14:59:23Z	2026-10-02T14:59:26Z	2026-10-02T14:59:43Z	ubuntu-latest	GitHub Actions 1000016968
37023750558	compat-tests (macos-15, 30, true, false)	completed	success	2026-10-02T14:59:23Z	2026-10-02T14:59:32Z	2026-10-02T15:09:50Z	macos-15	GitHub Actions 1000016970
37023750681	build-ghosttykit	completed	success	2026-10-02T14:59:23Z	2026-10-02T14:59:31Z	2026-10-02T14:59:49Z	macos-15	GitHub Actions 1000016972
37024499056	mailbox-unit	completed	success	2026-10-02T15:05:31Z	2026-10-02T15:05:37Z	2026-10-02T15:10:23Z	macos-15-xlarge	GitHub Actions 1000016973
37024499056	python-syntax	completed	success	2026-10-02T15:05:31Z	2026-10-02T15:05:34Z	2026-10-02T15:05:42Z	ubuntu-latest	GitHub Actions 1000016974
37024766939	python-syntax	completed	success	2026-10-02T15:07:46Z	2026-10-02T15:07:50Z	2026-10-02T15:07:58Z	ubuntu-latest	GitHub Actions 1000016976
37024766939	mailbox-unit	completed	success	2026-10-02T15:07:46Z	2026-10-02T15:07:52Z	2026-10-02T15:12:11Z	macos-15-xlarge	GitHub Actions 1000016975
37025055153	python-syntax	completed	success	2026-10-02T15:10:12Z	2026-10-02T15:10:15Z	2026-10-02T15:10:24Z	ubuntu-latest	GitHub Actions 1000016977
37025055153	mailbox-unit	completed	success	2026-10-02T15:10:12Z	2026-10-02T15:10:18Z	2026-10-02T15:14:50Z	macos-15-xlarge	GitHub Actions 1000016978
37025093421	build-ghosttykit	completed	success	2026-10-02T15:10:31Z	2026-10-02T15:10:40Z	2026-10-02T15:11:19Z	macos-15	GitHub Actions 1000016979
37025093907	workflow-guard-tests	completed	success	2026-10-02T15:10:31Z	2026-10-02T15:10:42Z	2026-10-02T15:11:05Z	ubuntu-latest	GitHub Actions 1000016981
37025093907	build	completed	cancelled	2026-10-02T15:10:31Z	2026-10-02T15:10:38Z	2026-10-02T15:14:29Z	macos-15-xlarge	GitHub Actions 1000016985
37025093907	web-typecheck	completed	success	2026-10-02T15:10:31Z	2026-10-02T15:10:35Z	2026-10-02T15:10:53Z	ubuntu-latest	GitHub Actions 1000016982
37025093907	remote-daemon-tests	completed	success	2026-10-02T15:10:31Z	2026-10-02T15:10:35Z	2026-10-02T15:11:17Z	ubuntu-latest	GitHub Actions 1000016983
37025093929	mailbox-unit	completed	cancelled	2026-10-02T15:10:31Z	2026-10-02T15:10:36Z	2026-10-02T15:14:38Z	macos-15-xlarge	GitHub Actions 1000016980
37025093929	python-syntax	completed	success	2026-10-02T15:10:31Z	2026-10-02T15:10:34Z	2026-10-02T15:10:42Z	ubuntu-latest	GitHub Actions 1000016984
37025094002	compat-tests (macos-15, 30, true, false)	completed	cancelled	2026-10-02T15:10:31Z	2026-10-02T15:11:28Z	2026-10-02T15:14:22Z	macos-15	GitHub Actions 1000016990
37025137240	build	completed	success	2026-10-02T15:10:53Z	2026-10-02T15:14:34Z	2026-10-02T15:23:45Z	macos-15-xlarge	GitHub Actions 1000016993
37025137240	remote-daemon-tests	completed	success	2026-10-02T15:10:53Z	2026-10-02T15:10:57Z	2026-10-02T15:11:41Z	ubuntu-latest	GitHub Actions 1000016987
37025137240	workflow-guard-tests	completed	success	2026-10-02T15:10:53Z	2026-10-02T15:10:56Z	2026-10-02T15:11:17Z	ubuntu-latest	GitHub Actions 1000016988
37025137240	web-typecheck	completed	success	2026-10-02T15:10:53Z	2026-10-02T15:10:57Z	2026-10-02T15:11:14Z	ubuntu-latest	GitHub Actions 1000016989
37025137372	compat-tests (macos-15, 30, true, false)	completed	success	2026-10-02T15:10:53Z	2026-10-02T15:12:19Z	2026-10-02T15:22:14Z	macos-15	GitHub Actions 1000016991
37025137450	build-ghosttykit	completed	success	2026-10-02T15:10:53Z	2026-10-02T15:14:29Z	2026-10-02T15:14:57Z	macos-15	GitHub Actions 1000016992
37025410723	mailbox-unit	completed	success	2026-10-02T15:14:39Z	2026-10-02T15:15:02Z	2026-10-02T15:19:16Z	macos-15-xlarge	GitHub Actions 1000017000
37025410723	python-syntax	completed	success	2026-10-02T15:14:39Z	2026-10-02T15:14:43Z	2026-10-02T15:14:52Z	ubuntu-latest	GitHub Actions 1000016998
37025410796	build-ghosttykit	completed	success	2026-10-02T15:13:13Z	2026-10-02T15:14:48Z	2026-10-02T15:15:09Z	macos-15	GitHub Actions 1000016997
37025410902	compat-tests (macos-15, 30, true, false)	completed	success	2026-10-02T15:14:23Z	2026-10-02T15:15:18Z	2026-10-02T15:26:11Z	macos-15	GitHub Actions 1000017001
37025411901	remote-daemon-tests	completed	success	2026-10-02T15:14:30Z	2026-10-02T15:14:33Z	2026-10-02T15:15:13Z	ubuntu-latest	GitHub Actions 1000016995
37025411901	web-typecheck	completed	success	2026-10-02T15:14:30Z	2026-10-02T15:14:33Z	2026-10-02T15:14:47Z	ubuntu-latest	GitHub Actions 1000016996
37025411901	workflow-guard-tests	completed	success	2026-10-02T15:14:30Z	2026-10-02T15:14:33Z	2026-10-02T15:14:53Z	ubuntu-latest	GitHub Actions 1000016994
37025411901	build	completed	success	2026-10-02T15:14:30Z	2026-10-02T15:14:56Z	2026-10-02T15:24:28Z	macos-15-xlarge	GitHub Actions 1000016999
37026586303	compat-tests (macos-15, 30, true, false)	completed	success	2026-10-02T15:23:04Z	2026-10-02T15:23:12Z	2026-10-02T15:31:26Z	macos-15	GitHub Actions 1000017002
37026586682	build	completed	success	2026-10-02T15:23:04Z	2026-10-02T15:23:11Z	2026-10-02T15:32:14Z	macos-15-xlarge	GitHub Actions 1000017005
37026586682	workflow-guard-tests	completed	success	2026-10-02T15:23:04Z	2026-10-02T15:23:08Z	2026-10-02T15:23:29Z	ubuntu-latest	GitHub Actions 1000017004
37026586682	web-typecheck	completed	success	2026-10-02T15:23:04Z	2026-10-02T15:23:07Z	2026-10-02T15:23:23Z	ubuntu-latest	GitHub Actions 1000017003
37026586682	remote-daemon-tests	completed	success	2026-10-02T15:23:04Z	2026-10-02T15:23:10Z	2026-10-02T15:23:53Z	ubuntu-latest	GitHub Actions 1000017006
37026586809	build-ghosttykit	completed	success	2026-10-02T15:23:04Z	2026-10-02T15:23:56Z	2026-10-02T15:24:15Z	macos-15	GitHub Actions 1000017007
37027168954	mailbox-unit	completed	success	2026-10-02T15:28:04Z	2026-10-02T15:28:09Z	2026-10-02T15:32:21Z	macos-15-xlarge	GitHub Actions 1000017008
37027168954	python-syntax	completed	success	2026-10-02T15:28:04Z	2026-10-02T15:28:08Z	2026-10-02T15:28:17Z	ubuntu-latest	GitHub Actions 1000017009
37027789659	remote-daemon-tests	completed	success	2026-10-02T15:33:17Z	2026-10-02T15:33:20Z	2026-10-02T15:34:02Z	ubuntu-latest	GitHub Actions 1000017010
37027789659	workflow-guard-tests	completed	success	2026-10-02T15:33:17Z	2026-10-02T15:33:20Z	2026-10-02T15:33:41Z	ubuntu-latest	GitHub Actions 1000017011
37027789659	web-typecheck	completed	success	2026-10-02T15:33:17Z	2026-10-02T15:33:20Z	2026-10-02T15:33:34Z	ubuntu-latest	GitHub Actions 1000017012
37027789659	build	completed	success	2026-10-02T15:33:17Z	2026-10-02T15:33:23Z	2026-10-02T15:42:50Z	macos-15-xlarge	GitHub Actions 1000017013
37027789915	mailbox-unit	completed	success	2026-10-02T15:33:17Z	2026-10-02T15:33:24Z	2026-10-02T15:37:31Z	macos-15-xlarge	GitHub Actions 1000017014
37027789915	python-syntax	completed	success	2026-10-02T15:33:18Z	2026-10-02T15:33:21Z	2026-10-02T15:33:30Z	ubuntu-latest	GitHub Actions 1000017015
37027790225	build-ghosttykit	completed	success	2026-10-02T15:33:18Z	2026-10-02T15:33:27Z	2026-10-02T15:33:45Z	macos-15	GitHub Actions 1000017016
37027790573	compat-tests (macos-15, 30, true, false)	completed	success	2026-10-02T15:33:18Z	2026-10-02T15:33:31Z	2026-10-02T15:44:18Z	macos-15	GitHub Actions 1000017017
37027858766	remote-daemon-tests	completed	success	2026-10-02T15:33:52Z	2026-10-02T15:33:55Z	2026-10-02T15:34:34Z	ubuntu-latest	GitHub Actions 1000017020
37027858766	build	completed	success	2026-10-02T15:33:52Z	2026-10-02T15:33:59Z	2026-10-02T15:43:15Z	macos-15-xlarge	GitHub Actions 1000017023
37027858766	workflow-guard-tests	completed	success	2026-10-02T15:33:52Z	2026-10-02T15:33:56Z	2026-10-02T15:34:21Z	ubuntu-latest	GitHub Actions 1000017021
37027858766	web-typecheck	completed	success	2026-10-02T15:33:52Z	2026-10-02T15:33:55Z	2026-10-02T15:34:10Z	ubuntu-latest	GitHub Actions 1000017022
37027858867	build-ghosttykit	completed	success	2026-10-02T15:33:51Z	2026-10-02T15:34:01Z	2026-10-02T15:34:28Z	macos-15	GitHub Actions 1000017019
37027859068	compat-tests (macos-15, 30, true, false)	completed	success	2026-10-02T15:33:52Z	2026-10-02T15:34:36Z	2026-10-02T15:42:32Z	macos-15	GitHub Actions 1000017024
37027905895	compat-tests (macos-15, 30, true, false)	completed	success	2026-10-02T15:34:15Z	2026-10-02T15:37:38Z	2026-10-02T15:46:37Z	macos-15	GitHub Actions 1000017028
37027906029	workflow-guard-tests	completed	success	2026-10-02T15:36:38Z	2026-10-02T15:37:28Z	2026-10-02T15:37:48Z	ubuntu-latest	GitHub Actions 1000017025
37027906029	web-typecheck	completed	success	2026-10-02T15:36:38Z	2026-10-02T15:37:28Z	2026-10-02T15:38:21Z	ubuntu-latest	GitHub Actions 1000017026
37027906029	build	completed	success	2026-10-02T15:36:38Z	2026-10-02T15:42:38Z	2026-10-02T15:52:32Z	macos-15-xlarge	GitHub Actions 1000017032
37027906029	remote-daemon-tests	completed	success	2026-10-02T15:36:38Z	2026-10-02T15:37:29Z	2026-10-02T15:38:14Z	ubuntu-latest	GitHub Actions 1000017027
37027906532	build-ghosttykit	completed	success	2026-10-02T15:34:16Z	2026-10-02T15:42:58Z	2026-10-02T15:43:17Z	macos-15	GitHub Actions 1000017033
37028713008	workflow-guard-tests	completed	success	2026-10-02T15:41:08Z	2026-10-02T15:41:12Z	2026-10-02T15:41:34Z	ubuntu-latest	GitHub Actions 1000017029
37028713008	remote-daemon-tests	completed	success	2026-10-02T15:41:08Z	2026-10-02T15:41:12Z	2026-10-02T15:41:56Z	ubuntu-latest	GitHub Actions 1000017030
37028713008	web-typecheck	completed	success	2026-10-02T15:41:09Z	2026-10-02T15:41:13Z	2026-10-02T15:41:29Z	ubuntu-latest	GitHub Actions 1000017031
37029543199	workflow-guard-tests	completed	cancelled	2026-10-02T15:48:19Z	2026-10-02T15:48:22Z	2026-10-02T15:48:44Z	ubuntu-latest	GitHub Actions 1000017034
37029543199	build	completed	cancelled	2026-10-02T15:48:19Z	2026-10-02T15:48:25Z	2026-10-02T15:49:59Z	macos-15-xlarge	GitHub Actions 1000017036
37029543199	remote-daemon-tests	completed	cancelled	2026-10-02T15:48:19Z	2026-10-02T15:48:22Z	2026-10-02T15:49:04Z	ubuntu-latest	GitHub Actions 1000017035
37029543199	web-typecheck	completed	cancelled	2026-10-02T15:48:19Z	2026-10-02T15:48:24Z	2026-10-02T15:48:39Z	ubuntu-latest	GitHub Actions 1000017040
37029543372	compat-tests (macos-15, 30, true, false)	completed	cancelled	2026-10-02T15:48:19Z	2026-10-02T15:48:29Z	2026-10-02T15:49:50Z	macos-15	GitHub Actions 1000017037
37029543434	mailbox-unit	completed	cancelled	2026-10-02T15:48:19Z	2026-10-02T15:48:26Z	2026-10-02T15:50:00Z	macos-15-xlarge	GitHub Actions 1000017038
37029543434	python-syntax	completed	success	2026-10-02T15:48:19Z	2026-10-02T15:48:23Z	2026-10-02T15:48:30Z	ubuntu-latest	GitHub Actions 1000017039
37029543784	build-ghosttykit	completed	cancelled	2026-10-02T15:48:19Z	2026-10-02T15:48:29Z	2026-10-02T15:48:50Z	macos-15	GitHub Actions 1000017041
37029574312	mailbox-unit	completed	success	2026-10-02T15:50:01Z	2026-10-02T15:50:07Z	2026-10-02T15:54:51Z	macos-15-xlarge	GitHub Actions 1000017048
37029574312	python-syntax	completed	success	2026-10-02T15:50:01Z	2026-10-02T15:50:04Z	2026-10-02T15:50:13Z	ubuntu-latest	GitHub Actions 1000017049
37029574325	compat-tests (macos-15, 30, true, false)	completed	success	2026-10-02T15:49:51Z	2026-10-02T15:49:58Z	2026-10-02T15:58:43Z	macos-15	GitHub Actions 1000017043
37029574331	workflow-guard-tests	completed	success	2026-10-02T15:50:00Z	2026-10-02T15:50:03Z	2026-10-02T15:50:25Z	ubuntu-latest	GitHub Actions 1000017044
37029574331	web-typecheck	completed	success	2026-10-02T15:50:00Z	2026-10-02T15:50:03Z	2026-10-02T15:50:20Z	ubuntu-latest	GitHub Actions 1000017045
37029574331	build	completed	success	2026-10-02T15:50:00Z	2026-10-02T15:50:05Z	2026-10-02T16:00:27Z	macos-15-xlarge	GitHub Actions 1000017046
37029574331	remote-daemon-tests	completed	success	2026-10-02T15:50:00Z	2026-10-02T15:50:03Z	2026-10-02T15:50:44Z	ubuntu-latest	GitHub Actions 1000017047
37029574794	build-ghosttykit	completed	success	2026-10-02T15:48:51Z	2026-10-02T15:49:00Z	2026-10-02T15:49:22Z	macos-15	GitHub Actions 1000017042
37030272058	build	completed	success	2026-10-02T15:54:38Z	2026-10-02T15:54:44Z	2026-10-02T16:04:20Z	macos-15-xlarge	GitHub Actions 1000017051
37030272058	remote-daemon-tests	completed	success	2026-10-02T15:54:38Z	2026-10-02T15:54:41Z	2026-10-02T15:55:20Z	ubuntu-latest	GitHub Actions 1000017052
37030272058	web-typecheck	completed	success	2026-10-02T15:54:38Z	2026-10-02T15:54:41Z	2026-10-02T15:54:59Z	ubuntu-latest	GitHub Actions 1000017053
37030272058	workflow-guard-tests	completed	success	2026-10-02T15:54:38Z	2026-10-02T15:54:43Z	2026-10-02T15:55:05Z	ubuntu-latest	GitHub Actions 1000017055
37030272130	compat-tests (macos-15, 30, true, false)	completed	success	2026-10-02T15:54:39Z	2026-10-02T15:55:03Z	2026-10-02T16:05:21Z	macos-15	GitHub Actions 1000017056
37030272177	build-ghosttykit	completed	success	2026-10-02T15:54:38Z	2026-10-02T15:54:46Z	2026-10-02T15:55:09Z	macos-15	GitHub Actions 1000017054
37030441087	python-syntax	completed	success	2026-10-02T15:56:06Z	2026-10-02T15:56:09Z	2026-10-02T15:56:16Z	ubuntu-latest	GitHub Actions 1000017057
37030444946	python-syntax	completed	success	2026-10-02T15:56:07Z	2026-10-02T15:56:10Z	2026-10-02T15:56:16Z	ubuntu-latest	GitHub Actions 1000017061
37030444991	web-typecheck	completed	success	2026-10-02T15:56:07Z	2026-10-02T15:56:10Z	2026-10-02T15:56:24Z	ubuntu-latest	GitHub Actions 1000017058
37030444991	workflow-guard-tests	completed	success	2026-10-02T15:56:07Z	2026-10-02T15:56:10Z	2026-10-02T15:56:29Z	ubuntu-latest	GitHub Actions 1000017059
37030444991	remote-daemon-tests	completed	success	2026-10-02T15:56:07Z	2026-10-02T15:56:10Z	2026-10-02T15:56:54Z	ubuntu-latest	GitHub Actions 1000017060
37032140125	workflow-guard-tests	completed	success	2026-10-02T16:10:43Z	2026-10-02T16:10:46Z	2026-10-02T16:11:11Z	ubuntu-latest	GitHub Actions 1000017063
37032140125	web-typecheck	completed	success	2026-10-02T16:10:43Z	2026-10-02T16:10:47Z	2026-10-02T16:11:05Z	ubuntu-latest	GitHub Actions 1000017065
37032140125	build	in_progress		2026-10-02T16:10:43Z	2026-10-02T16:10:49Z		macos-15-xlarge	GitHub Actions 1000017066
37032140125	remote-daemon-tests	completed	success	2026-10-02T16:10:43Z	2026-10-02T16:10:46Z	2026-10-02T16:11:33Z	ubuntu-latest	GitHub Actions 1000017064
37032140221	python-syntax	completed	success	2026-10-02T16:10:43Z	2026-10-02T16:10:47Z	2026-10-02T16:10:57Z	ubuntu-latest	GitHub Actions 1000017068
37032140221	mailbox-unit	completed	success	2026-10-02T16:10:43Z	2026-10-02T16:10:49Z	2026-10-02T16:15:17Z	macos-15-xlarge	GitHub Actions 1000017067
37032140286	build-ghosttykit	completed	success	2026-10-02T16:10:43Z	2026-10-02T16:10:55Z	2026-10-02T16:11:18Z	macos-15	GitHub Actions 1000017069
37032140536	compat-tests (macos-15, 30, true, false)	in_progress		2026-10-02T16:10:43Z	2026-10-02T16:10:57Z		macos-15	GitHub Actions 1000017070
37032439580	python-syntax	completed	success	2026-10-02T16:13:19Z	2026-10-02T16:13:22Z	2026-10-02T16:13:29Z	ubuntu-latest	GitHub Actions 1000017071
37032439580	mailbox-unit	completed	success	2026-10-02T16:13:19Z	2026-10-02T16:13:25Z	2026-10-02T16:17:25Z	macos-15-xlarge	GitHub Actions 1000017072
